scenario,hours,seed,policy,true_avoided_loss,paired_gain_vs_uniform,regret_vs_latent_oracle,lots_at_least_quarter_hour,underserved_hours,irreducible_floor
known,20,0,uniform,19.18907770279408,0.0,19.843500452029602,80,5.0,11.468286703734963
known,20,0,estimated_waterfill,39.03257815482368,19.843500452029602,0.0,23,3.555929541791878,11.468286703734963
known,20,0,reserve_20,36.926317488046024,17.737239785251944,2.1062606667776578,20,5.967192725691301,11.468286703734963
known,20,0,latent_oracle,39.03257815482368,19.843500452029602,0.0,23,3.555929541791878,11.468286703734963
known,80,0,uniform,55.25347485206279,0.0,16.619488978085222,80,20.0,11.468286703734963
known,80,0,estimated_waterfill,71.87296383014801,16.619488978085222,0.0,50,16.76299186566826,11.468286703734963
known,80,0,reserve_20,70.69533491236284,15.441860060300051,1.1776289177851709,54,22.6690457686607,11.468286703734963
known,80,0,latent_oracle,71.87296383014801,16.619488978085222,0.0,50,16.76299186566826,11.468286703734963
noise_05,20,0,uniform,19.18907770279408,0.0,19.843500452029602,80,5.0,11.468286703734963
noise_05,20,0,estimated_waterfill,34.41672527773437,15.227647574940292,4.61585287708931,20,2.202466858286624,11.468286703734963
noise_05,20,0,reserve_20,32.47526241625725,13.286184713463172,6.55731573856643,20,4.773035326229283,11.468286703734963
noise_05,20,0,latent_oracle,39.03257815482368,19.843500452029602,0.0,23,3.555929541791878,11.468286703734963
noise_05,80,0,uniform,55.25347485206279,0.0,16.619488978085222,80,20.0,11.468286703734963
noise_05,80,0,estimated_waterfill,68.2250555408638,12.97158068880102,3.647908289284203,49,14.108447210389084,11.468286703734963
noise_05,80,0,reserve_20,67.14537585695193,11.891901004889142,4.72758797319608,58,21.105263138802158,11.468286703734963
noise_05,80,0,latent_oracle,71.87296383014801,16.619488978085222,0.0,50,16.76299186566826,11.468286703734963
noise_10,20,0,uniform,19.18907770279408,0.0,19.843500452029602,80,5.0,11.468286703734963
noise_10,20,0,estimated_waterfill,26.75279468738999,7.56371698459591,12.279783467433692,18,1.2318236400492442,11.468286703734963
noise_10,20,0,reserve_20,25.810680272960525,6.621602570166445,13.221897881863157,14,4.135124910629992,11.468286703734963
noise_10,20,0,latent_oracle,39.03257815482368,19.843500452029602,0.0,23,3.555929541791878,11.468286703734963
noise_10,80,0,uniform,55.25347485206279,0.0,16.619488978085222,80,20.0,11.468286703734963
noise_10,80,0,estimated_waterfill,59.158155041223665,3.904680189160878,12.714808788924344,48,12.593589394242514,11.468286703734963
noise_10,80,0,reserve_20,58.13077551854951,2.8773006664867253,13.742188311598497,55,20.261631067222957,11.468286703734963
noise_10,80,0,latent_oracle,71.87296383014801,16.619488978085222,0.0,50,16.76299186566826,11.468286703734963
noise_20,20,0,uniform,19.18907770279408,0.0,19.843500452029602,80,5.0,11.468286703734963
noise_20,20,0,estimated_waterfill,15.002199062162624,-4.1868786406314555,24.030379092661057,13,0.2143881572399326,11.468286703734963
noise_20,20,0,reserve_20,15.779277918478067,-3.4097997843160126,23.253300236345616,10,4.000000000000001,11.468286703734963
noise_20,20,0,latent_oracle,39.03257815482368,19.843500452029602,0.0,23,3.555929541791878,11.468286703734963
noise_20,80,0,uniform,55.25347485206279,0.0,16.619488978085222,80,20.0,11.468286703734963
noise_20,80,0,estimated_waterfill,34.80968953248558,-20.44378531957721,37.06327429766243,32,7.010674191238579,11.468286703734963
noise_20,80,0,reserve_20,38.9215717773467,-16.331903074716088,32.95139205280131,47,18.424860065206886,11.468286703734963
noise_20,80,0,latent_oracle,71.87296383014801,16.619488978085222,0.0,50,16.76299186566826,11.468286703734963
biased_underserved,20,0,uniform,19.18907770279408,0.0,19.843500452029602,80,5.0,11.468286703734963
biased_underserved,20,0,estimated_waterfill,37.08179125234368,17.892713549549597,1.9507869024800044,21,0.0,11.468286703734963
biased_underserved,20,0,reserve_20,36.19198169125144,17.002903988457362,2.84059646357224,18,4.000000000000001,11.468286703734963
biased_underserved,20,0,latent_oracle,39.03257815482368,19.843500452029602,0.0,23,3.555929541791878,11.468286703734963
biased_underserved,80,0,uniform,55.25347485206279,0.0,16.619488978085222,80,20.0,11.468286703734963
biased_underserved,80,0,estimated_waterfill,64.54185195829851,9.288377106235721,7.331111871849501,43,0.22570063104882793,11.468286703734963
biased_underserved,80,0,reserve_20,68.88313917351007,13.629664321447287,2.9898246566379356,59,16.000000000000004,11.468286703734963
biased_underserved,80,0,latent_oracle,71.87296383014801,16.619488978085222,0.0,50,16.76299186566826,11.468286703734963
blindspot_ignored,20,0,uniform,16.313751811175226,0.0,20.76803944116845,80,5.0,26.34414184932269
blindspot_ignored,20,0,estimated_waterfill,34.82807631764717,18.51432450647194,2.253714934696511,23,3.555929541791877,26.34414184932269
blindspot_ignored,20,0,reserve_20,32.31583387787488,16.002082066699653,4.7659573744687975,20,5.967192725691301,26.34414184932269
blindspot_ignored,20,0,latent_oracle,37.08179125234368,20.76803944116845,0.0,21,0.0,26.34414184932269
blindspot_ignored,80,0,uniform,46.9655537896202,0.0,17.394880082575966,80,20.0,26.34414184932269
blindspot_ignored,80,0,estimated_waterfill,62.17520083004042,15.209647040420215,2.185233042155751,50,16.76299186566826,26.34414184932269
blindspot_ignored,80,0,reserve_20,60.410879835752105,13.445326046131903,3.949554036444063,54,22.6690457686607,26.34414184932269
blindspot_ignored,80,0,latent_oracle,64.36043387219617,17.394880082575966,0.0,48,2.951866710003108,26.34414184932269
known,20,1,uniform,22.139672594722295,0.0,28.47882053390803,80,5.0,13.776878735519983
known,20,1,estimated_waterfill,50.61849312863033,28.47882053390803,0.0,17,2.6277458063248242,13.776878735519983
known,20,1,reserve_20,47.72977501332458,25.59010241860228,2.8887181153057497,16,5.48089540907958,13.776878735519983
known,20,1,latent_oracle,50.61849312863033,28.47882053390803,0.0,17,2.6277458063248242,13.776878735519983
known,80,1,uniform,64.42613058181263,0.0,22.75923435487104,80,20.0,13.776878735519983
known,80,1,estimated_waterfill,87.18536493668367,22.75923435487104,0.0,47,13.66388719578928,13.776878735519983
known,80,1,reserve_20,85.16002058260203,20.7338900007894,2.025344354081639,56,20.638507702571307,13.776878735519983
known,80,1,latent_oracle,87.18536493668367,22.75923435487104,0.0,47,13.66388719578928,13.776878735519983
noise_05,20,1,uniform,22.139672594722295,0.0,28.47882053390803,80,5.0,13.776878735519983
noise_05,20,1,estimated_waterfill,47.33626769562804,25.196595100905743,3.2822254330022886,21,3.1444699173000563,13.776878735519983
noise_05,20,1,reserve_20,44.56164069190441,22.421968097182113,6.056852436725919,19,5.6618483814169505,13.776878735519983
noise_05,20,1,latent_oracle,50.61849312863033,28.47882053390803,0.0,17,2.6277458063248242,13.776878735519983
noise_05,80,1,uniform,64.42613058181263,0.0,22.75923435487104,80,20.0,13.776878735519983
noise_05,80,1,estimated_waterfill,84.03797204701947,19.611841465206837,3.1473928896642036,50,16.404749448516966,13.776878735519983
noise_05,80,1,reserve_20,82.13558435818939,17.709453776376762,5.049780578494278,55,23.63576174306726,13.776878735519983
noise_05,80,1,latent_oracle,87.18536493668367,22.75923435487104,0.0,47,13.66388719578928,13.776878735519983
noise_10,20,1,uniform,22.139672594722295,0.0,28.47882053390803,80,5.0,13.776878735519983
noise_10,20,1,estimated_waterfill,39.72120772360529,17.581535128882994,10.897285405025038,22,2.7717553261121752,13.776878735519983
noise_10,20,1,reserve_20,37.83872422330032,15.699051628578022,12.779768905330009,21,5.4716189035188325,13.776878735519983
noise_10,20,1,latent_oracle,50.61849312863033,28.47882053390803,0.0,17,2.6277458063248242,13.776878735519983
noise_10,80,1,uniform,64.42613058181263,0.0,22.75923435487104,80,20.0,13.776878735519983
noise_10,80,1,estimated_waterfill,75.4927091915042,11.066578609691575,11.692655745179465,44,19.79897022793889,13.776878735519983
noise_10,80,1,reserve_20,74.38575997644753,9.959629394634902,12.799604960236138,53,26.583217805567518,13.776878735519983
noise_10,80,1,latent_oracle,87.18536493668367,22.75923435487104,0.0,47,13.66388719578928,13.776878735519983
noise_20,20,1,uniform,22.139672594722295,0.0,28.47882053390803,80,5.0,13.776878735519983
noise_20,20,1,estimated_waterfill,29.776575834624342,7.636903239902047,20.841917294005984,17,2.7086203587672313,13.776878735519983
noise_20,20,1,reserve_20,28.909028704691888,6.769356109969593,21.70946442393844,17,5.635605246513392,13.776878735519983
noise_20,20,1,latent_oracle,50.61849312863033,28.47882053390803,0.0,17,2.6277458063248242,13.776878735519983
noise_20,80,1,uniform,64.42613058181263,0.0,22.75923435487104,80,20.0,13.776878735519983
noise_20,80,1,estimated_waterfill,56.003701760369964,-8.422428821442665,31.181663176313705,32,26.85514093153774,13.776878735519983
noise_20,80,1,reserve_20,58.772350080287865,-5.653780501524764,28.413014856395804,43,32.44510527772476,13.776878735519983
noise_20,80,1,latent_oracle,87.18536493668367,22.75923435487104,0.0,47,13.66388719578928,13.776878735519983
biased_underserved,20,1,uniform,22.139672594722295,0.0,28.47882053390803,80,5.0,13.776878735519983
biased_underserved,20,1,estimated_waterfill,47.281017598430864,25.14134500370857,3.3374755301994625,14,0.0,13.776878735519983
biased_underserved,20,1,reserve_20,46.28311539858674,24.143442803864442,4.335377730043589,14,4.000000000000001,13.776878735519983
biased_underserved,20,1,latent_oracle,50.61849312863033,28.47882053390803,0.0,17,2.6277458063248242,13.776878735519983
biased_underserved,80,1,uniform,64.42613058181263,0.0,22.75923435487104,80,20.0,13.776878735519983
biased_underserved,80,1,estimated_waterfill,82.74995138419125,18.32382080237862,4.43541355249242,41,1.5413730006474533,13.776878735519983
biased_underserved,80,1,reserve_20,83.73709905050316,19.310968468690533,3.4482658861805078,58,16.000000000000004,13.776878735519983
biased_underserved,80,1,latent_oracle,87.18536493668367,22.75923435487104,0.0,47,13.66388719578928,13.776878735519983
blindspot_ignored,20,1,uniform,18.754316339370487,0.0,28.540331997545014,80,5.0,30.062622367726878
blindspot_ignored,20,1,estimated_waterfill,45.76622535303419,27.0119090136637,1.5284229838813133,17,2.627745806324825,30.062622367726878
blindspot_ignored,20,1,reserve_20,42.27118104504035,23.516864705669864,5.02346729187515,16,5.48089540907958,30.062622367726878
blindspot_ignored,20,1,latent_oracle,47.2946483369155,28.540331997545014,0.0,14,0.09717187410085575,30.062622367726878
blindspot_ignored,80,1,uniform,55.26172100899467,0.0,23.90063094372981,80,20.0,30.062622367726878
blindspot_ignored,80,1,estimated_waterfill,77.11491036951834,21.853189360523672,2.047441583206137,47,13.66388719578928,30.062622367726878
blindspot_ignored,80,1,reserve_20,74.62804445186315,19.366323442868477,4.534307500861331,56,20.638507702571307,30.062622367726878
blindspot_ignored,80,1,latent_oracle,79.16235195272448,23.90063094372981,0.0,42,2.2410798048370113,30.062622367726878
known,20,2,uniform,22.133909001018,0.0,20.842663548649856,80,5.0,13.660065211578043
known,20,2,estimated_waterfill,42.97657254966786,20.842663548649856,0.0,16,4.921221116983523,13.660065211578043
known,20,2,reserve_20,40.69918275683249,18.56527375581449,2.277389792835365,15,7.297526391976569,13.660065211578043
known,20,2,latent_oracle,42.97657254966786,20.842663548649856,0.0,16,4.921221116983523,13.660065211578043
known,80,2,uniform,64.97022555588605,0.0,18.834322852514546,80,20.0,13.660065211578043
known,80,2,estimated_waterfill,83.80454840840059,18.834322852514546,0.0,51,21.732700813569203,13.660065211578043
known,80,2,reserve_20,82.58302918421501,17.61280362832896,1.2215192241855846,57,26.367342204439026,13.660065211578043
known,80,2,latent_oracle,83.80454840840059,18.834322852514546,0.0,51,21.732700813569203,13.660065211578043
noise_05,20,2,uniform,22.133909001018,0.0,20.842663548649856,80,5.0,13.660065211578043
noise_05,20,2,estimated_waterfill,35.275442716790124,13.141533715772123,7.701129832877733,19,6.046249463741966,13.660065211578043
noise_05,20,2,reserve_20,33.38193884696958,11.248029845951582,9.594633702698275,14,8.73129950911198,13.660065211578043
noise_05,20,2,latent_oracle,42.97657254966786,20.842663548649856,0.0,16,4.921221116983523,13.660065211578043
noise_05,80,2,uniform,64.97022555588605,0.0,18.834322852514546,80,20.0,13.660065211578043
noise_05,80,2,estimated_waterfill,79.76854268116438,14.79831712527833,4.0360057272362155,55,20.425655627136834,13.660065211578043
noise_05,80,2,reserve_20,78.60656558755694,13.636340031670898,5.197982820843649,60,26.357831336855302,13.660065211578043
noise_05,80,2,latent_oracle,83.80454840840059,18.834322852514546,0.0,51,21.732700813569203,13.660065211578043
noise_10,20,2,uniform,22.133909001018,0.0,20.842663548649856,80,5.0,13.660065211578043
noise_10,20,2,estimated_waterfill,29.590821023533884,7.456912022515883,13.385751526133973,18,6.84681603072139,13.660065211578043
noise_10,20,2,reserve_20,28.348048033223364,6.214139032205363,14.628524516444493,15,9.368362586550148,13.660065211578043
noise_10,20,2,latent_oracle,42.97657254966786,20.842663548649856,0.0,16,4.921221116983523,13.660065211578043
noise_10,80,2,uniform,64.97022555588605,0.0,18.834322852514546,80,20.0,13.660065211578043
noise_10,80,2,estimated_waterfill,64.95734393754672,-0.012881618339321221,18.847204470853868,47,18.41321191216288,13.660065211578043
noise_10,80,2,reserve_20,67.67904961567454,2.7088240597884976,16.12549879272605,56,26.491169738460897,13.660065211578043
noise_10,80,2,latent_oracle,83.80454840840059,18.834322852514546,0.0,51,21.732700813569203,13.660065211578043
noise_20,20,2,uniform,22.133909001018,0.0,20.842663548649856,80,5.0,13.660065211578043
noise_20,20,2,estimated_waterfill,20.603495808487185,-1.5304131925308155,22.37307674118067,14,7.418700191368004,13.660065211578043
noise_20,20,2,reserve_20,19.818073087247644,-2.315835913770357,23.158499462420213,12,10.290839350118954,13.660065211578043
noise_20,20,2,latent_oracle,42.97657254966786,20.842663548649856,0.0,16,4.921221116983523,13.660065211578043
noise_20,80,2,uniform,64.97022555588605,0.0,18.834322852514546,80,20.0,13.660065211578043
noise_20,80,2,estimated_waterfill,50.92409447353355,-14.046131082352495,32.88045393486704,37,17.924663489318156,13.660065211578043
noise_20,80,2,reserve_20,56.05151665873625,-8.918708897149799,27.753031749664345,48,27.316905818244354,13.660065211578043
noise_20,80,2,latent_oracle,83.80454840840059,18.834322852514546,0.0,51,21.732700813569203,13.660065211578043
biased_underserved,20,2,uniform,22.133909001018,0.0,20.842663548649856,80,5.0,13.660065211578043
biased_underserved,20,2,estimated_waterfill,37.78955197815427,15.65564297713627,5.187020571513585,20,0.0,13.660065211578043
biased_underserved,20,2,reserve_20,37.7026437191821,15.568734718164098,5.273928830485758,13,4.000000000000001,13.660065211578043
biased_underserved,20,2,latent_oracle,42.97657254966786,20.842663548649856,0.0,16,4.921221116983523,13.660065211578043
biased_underserved,80,2,uniform,64.97022555588605,0.0,18.834322852514546,80,20.0,13.660065211578043
biased_underserved,80,2,estimated_waterfill,74.6869073708997,9.716681815013658,9.117641037500889,50,2.1989731367150576,13.660065211578043
biased_underserved,80,2,reserve_20,77.55217942971073,12.581953873824688,6.252368978689859,60,16.000000000000004,13.660065211578043
biased_underserved,80,2,latent_oracle,83.80454840840059,18.834322852514546,0.0,51,21.732700813569203,13.660065211578043
blindspot_ignored,20,2,uniform,18.020577078361615,0.0,19.768974899792656,80,5.0,38.587699599859825
blindspot_ignored,20,2,estimated_waterfill,34.64181834646854,16.621241268106925,3.147733631685732,16,4.921221116983523,38.587699599859825
blindspot_ignored,20,2,reserve_20,31.70711861894651,13.686541540584894,6.082433359207762,15,7.297526391976569,38.587699599859825
blindspot_ignored,20,2,latent_oracle,37.78955197815427,19.768974899792656,0.0,20,0.0,38.587699599859825
blindspot_ignored,80,2,uniform,52.60985738328,0.0,17.282508376775738,80,20.0,38.587699599859825
blindspot_ignored,80,2,estimated_waterfill,66.64825663985424,14.038399256574237,3.2441091202015,51,21.7327008135692,38.587699599859825
blindspot_ignored,80,2,reserve_20,64.88358043040103,12.273723047121024,5.008785329654714,57,26.367342204439023,38.587699599859825
blindspot_ignored,80,2,latent_oracle,69.89236576005574,17.282508376775738,0.0,47,4.326596175270889,38.587699599859825
known,20,3,uniform,19.19521787974762,0.0,13.492091059363798,80,5.0,11.241554387699207
known,20,3,estimated_waterfill,32.68730893911142,13.492091059363798,0.0,24,7.9774065255758835,11.241554387699207
known,20,3,reserve_20,31.723686138765668,12.528468259018048,0.9636228003457497,22,9.516296668116041,11.241554387699207
known,20,3,latent_oracle,32.68730893911142,13.492091059363798,0.0,24,7.9774065255758835,11.241554387699207
known,80,3,uniform,54.33990379521682,0.0,11.091865841592814,80,20.0,11.241554387699207
known,80,3,estimated_waterfill,65.43176963680963,11.091865841592814,0.0,60,27.75633335277038,11.241554387699207
known,80,3,reserve_20,65.00215158077923,10.662247785562407,0.4296180560304066,63,30.470882535387247,11.241554387699207
known,80,3,latent_oracle,65.43176963680963,11.091865841592814,0.0,60,27.75633335277038,11.241554387699207
noise_05,20,3,uniform,19.19521787974762,0.0,13.492091059363798,80,5.0,11.241554387699207
noise_05,20,3,estimated_waterfill,28.040750314907143,8.845532435159523,4.646558624204275,25,6.582139791815391,11.241554387699207
noise_05,20,3,reserve_20,27.75267283637481,8.55745495662719,4.934636102736608,20,8.5640325473318,11.241554387699207
noise_05,20,3,latent_oracle,32.68730893911142,13.492091059363798,0.0,24,7.9774065255758835,11.241554387699207
noise_05,80,3,uniform,54.33990379521682,0.0,11.091865841592814,80,20.0,11.241554387699207
noise_05,80,3,estimated_waterfill,60.874854804290095,6.534951009073275,4.5569148325195385,55,26.135298242465947,11.241554387699207
noise_05,80,3,reserve_20,61.08376934316664,6.743865547949817,4.348000293642997,59,29.418183304309963,11.241554387699207
noise_05,80,3,latent_oracle,65.43176963680963,11.091865841592814,0.0,60,27.75633335277038,11.241554387699207
noise_10,20,3,uniform,19.19521787974762,0.0,13.492091059363798,80,5.0,11.241554387699207
noise_10,20,3,estimated_waterfill,22.16743915071404,2.9722212709664184,10.51986978839738,21,6.56038329944982,11.241554387699207
noise_10,20,3,reserve_20,22.547189489939324,3.351971610191704,10.140119449172094,20,8.414668115938332,11.241554387699207
noise_10,20,3,latent_oracle,32.68730893911142,13.492091059363798,0.0,24,7.9774065255758835,11.241554387699207
noise_10,80,3,uniform,54.33990379521682,0.0,11.091865841592814,80,20.0,11.241554387699207
noise_10,80,3,estimated_waterfill,50.189821934919436,-4.150081860297384,15.241947701890197,45,26.686884139615074,11.241554387699207
noise_10,80,3,reserve_20,51.56359542646064,-2.776308368756183,13.868174210348997,50,29.583997693034842,11.241554387699207
noise_10,80,3,latent_oracle,65.43176963680963,11.091865841592814,0.0,60,27.75633335277038,11.241554387699207
noise_20,20,3,uniform,19.19521787974762,0.0,13.492091059363798,80,5.0,11.241554387699207
noise_20,20,3,estimated_waterfill,13.813903864724763,-5.381314015022857,18.873405074386653,17,8.068681642865632,11.241554387699207
noise_20,20,3,reserve_20,16.512540291150582,-2.6826775885970378,16.174768647960835,15,9.948563088115133,11.241554387699207
noise_20,20,3,latent_oracle,32.68730893911142,13.492091059363798,0.0,24,7.9774065255758835,11.241554387699207
noise_20,80,3,uniform,54.33990379521682,0.0,11.091865841592814,80,20.0,11.241554387699207
noise_20,80,3,estimated_waterfill,32.20038232632068,-22.13952146889614,33.231387310488955,32,17.922588273940825,11.241554387699207
noise_20,80,3,reserve_20,40.821913088463944,-13.517990706752876,24.60985654834569,43,26.122762952419993,11.241554387699207
noise_20,80,3,latent_oracle,65.43176963680963,11.091865841592814,0.0,60,27.75633335277038,11.241554387699207
biased_underserved,20,3,uniform,19.19521787974762,0.0,13.492091059363798,80,5.0,11.241554387699207
biased_underserved,20,3,estimated_waterfill,25.30436145486567,6.1091435751180505,7.382947484245747,22,0.3045708563918737,11.241554387699207
biased_underserved,20,3,reserve_20,26.034798618807486,6.8395807390598655,6.652510320303932,21,4.000000000000001,11.241554387699207
biased_underserved,20,3,latent_oracle,32.68730893911142,13.492091059363798,0.0,24,7.9774065255758835,11.241554387699207
biased_underserved,80,3,uniform,54.33990379521682,0.0,11.091865841592814,80,20.0,11.241554387699207
biased_underserved,80,3,estimated_waterfill,55.178477500764274,0.8385737055474536,10.25329213604536,51,3.145652816869068,11.241554387699207
biased_underserved,80,3,reserve_20,61.3812047860965,7.041300990879677,4.050564850713137,66,17.094244720856427,11.241554387699207
biased_underserved,80,3,latent_oracle,65.43176963680963,11.091865841592814,0.0,60,27.75633335277038,11.241554387699207
blindspot_ignored,20,3,uniform,13.916821042287898,0.0,9.91681621988407,80,5.0,39.650295292705444
blindspot_ignored,20,3,estimated_waterfill,20.552582849177597,6.635761806889699,3.281054412994372,24,7.9774065255758835,39.650295292705444
blindspot_ignored,20,3,reserve_20,19.205987273303705,5.289166231015807,4.627649988868264,22,9.516296668116041,39.650295292705444
blindspot_ignored,20,3,latent_oracle,23.83363726217197,9.91681621988407,0.0,22,1.0257352965192938,39.650295292705444
blindspot_ignored,80,3,uniform,39.33856959549213,0.0,9.075835164094578,80,20.0,39.650295292705444
blindspot_ignored,80,3,estimated_waterfill,44.81054124858309,5.471971653090961,3.603863511003617,60,27.75633335277038,39.650295292705444
blindspot_ignored,80,3,reserve_20,43.95750075362903,4.6189311581368955,4.456904005957682,63,30.470882535387247,39.650295292705444
blindspot_ignored,80,3,latent_oracle,48.41440475958671,9.075835164094578,0.0,53,5.828865990244345,39.650295292705444
known,20,4,uniform,21.73550268339812,0.0,20.687901541102224,80,5.0,10.964413343507701
known,20,4,estimated_waterfill,42.423404224500345,20.687901541102224,0.0,23,5.738738625929855,10.964413343507701
known,20,4,reserve_20,41.24129091667949,19.50578823328137,1.182113307820856,19,8.104786489687474,10.964413343507701
known,20,4,latent_oracle,42.423404224500345,20.687901541102224,0.0,23,5.738738625929855,10.964413343507701
known,80,4,uniform,58.989162981738126,0.0,12.679878925137437,80,20.0,10.964413343507701
known,80,4,estimated_waterfill,71.66904190687556,12.679878925137437,0.0,58,21.011753438157218,10.964413343507701
known,80,4,reserve_20,71.20677192465314,12.217608942915014,0.46226998222242344,60,24.40704679639534,10.964413343507701
known,80,4,latent_oracle,71.66904190687556,12.679878925137437,0.0,58,21.011753438157218,10.964413343507701
noise_05,20,4,uniform,21.73550268339812,0.0,20.687901541102224,80,5.0,10.964413343507701
noise_05,20,4,estimated_waterfill,38.57647194184324,16.840969258445117,3.8469322826571073,18,6.420807524568362,10.964413343507701
noise_05,20,4,reserve_20,37.77390117022112,16.038398486823002,4.649503054279222,16,8.314657239274334,10.964413343507701
noise_05,20,4,latent_oracle,42.423404224500345,20.687901541102224,0.0,23,5.738738625929855,10.964413343507701
noise_05,80,4,uniform,58.989162981738126,0.0,12.679878925137437,80,20.0,10.964413343507701
noise_05,80,4,estimated_waterfill,68.82385172960839,9.834688747870267,2.8451901772671704,58,21.707004818248997,10.964413343507701
noise_05,80,4,reserve_20,68.64701651857249,9.65785353683436,3.022025388303078,62,25.23916957949304,10.964413343507701
noise_05,80,4,latent_oracle,71.66904190687556,12.679878925137437,0.0,58,21.011753438157218,10.964413343507701
noise_10,20,4,uniform,21.73550268339812,0.0,20.687901541102224,80,5.0,10.964413343507701
noise_10,20,4,estimated_waterfill,35.36071916806423,13.625216484666108,7.062685056436116,18,7.179585737775972,10.964413343507701
noise_10,20,4,reserve_20,34.80142888697243,13.06592620357431,7.621975337527914,16,8.87734616752529,10.964413343507701
noise_10,20,4,latent_oracle,42.423404224500345,20.687901541102224,0.0,23,5.738738625929855,10.964413343507701
noise_10,80,4,uniform,58.989162981738126,0.0,12.679878925137437,80,20.0,10.964413343507701
noise_10,80,4,estimated_waterfill,61.25785425936954,2.2686912776314117,10.411187647506026,51,24.848227072257373,10.964413343507701
noise_10,80,4,reserve_20,62.03063286207764,3.0414698803395126,9.638409044797925,58,29.510044290771283,10.964413343507701
noise_10,80,4,latent_oracle,71.66904190687556,12.679878925137437,0.0,58,21.011753438157218,10.964413343507701
noise_20,20,4,uniform,21.73550268339812,0.0,20.687901541102224,80,5.0,10.964413343507701
noise_20,20,4,estimated_waterfill,23.30520435728395,1.569701673885831,19.118199867216394,14,10.637982599578361,10.964413343507701
noise_20,20,4,reserve_20,22.97510930489766,1.23960662149954,19.448294919602684,11,11.506783414290743,10.964413343507701
noise_20,20,4,latent_oracle,42.423404224500345,20.687901541102224,0.0,23,5.738738625929855,10.964413343507701
noise_20,80,4,uniform,58.989162981738126,0.0,12.679878925137437,80,20.0,10.964413343507701
noise_20,80,4,estimated_waterfill,49.26223343373659,-9.726929548001536,22.406808473138973,36,37.94434154301761,10.964413343507701
noise_20,80,4,reserve_20,51.034378146217676,-7.954784835520449,20.634663760657887,43,43.38907214115137,10.964413343507701
noise_20,80,4,latent_oracle,71.66904190687556,12.679878925137437,0.0,58,21.011753438157218,10.964413343507701
biased_underserved,20,4,uniform,21.73550268339812,0.0,20.687901541102224,80,5.0,10.964413343507701
biased_underserved,20,4,estimated_waterfill,39.280631836573406,17.545129153175285,3.1427723879269394,24,1.9429186304673138,10.964413343507701
biased_underserved,20,4,reserve_20,37.755312539392044,16.019809855993923,4.668091685108301,19,5.229865997807907,10.964413343507701
biased_underserved,20,4,latent_oracle,42.423404224500345,20.687901541102224,0.0,23,5.738738625929855,10.964413343507701
biased_underserved,80,4,uniform,58.989162981738126,0.0,12.679878925137437,80,20.0,10.964413343507701
biased_underserved,80,4,estimated_waterfill,67.03481115919303,8.0456481774549,4.634230747682537,47,5.468358412432635,10.964413343507701
biased_underserved,80,4,reserve_20,70.57625178153938,11.587088799801258,1.0927901253361796,62,19.16861920181039,10.964413343507701
biased_underserved,80,4,latent_oracle,71.66904190687556,12.679878925137437,0.0,58,21.011753438157218,10.964413343507701
blindspot_ignored,20,4,uniform,14.483478927308449,0.0,12.429303540125348,80,5.0,38.79711242462636
blindspot_ignored,20,4,estimated_waterfill,25.22093486338571,10.737455936077263,1.6918476040480854,23,5.738738625929858,38.79711242462636
blindspot_ignored,20,4,reserve_20,23.30176300831726,8.81828408100881,3.6110194591165374,19,8.104786489687474,38.79711242462636
blindspot_ignored,20,4,latent_oracle,26.912782467433797,12.429303540125348,0.0,24,2.090383012634417,38.79711242462636
blindspot_ignored,80,4,uniform,40.362638182524925,0.0,10.70058101724971,80,20.0,38.79711242462636
blindspot_ignored,80,4,estimated_waterfill,48.843074139176274,8.480435956651348,2.2201450605983624,58,21.011753438157218,38.79711242462636
blindspot_ignored,80,4,reserve_20,47.95491462638568,7.592276443860754,3.1083045733889563,60,24.40704679639534,38.79711242462636
blindspot_ignored,80,4,latent_oracle,51.063219199774636,10.70058101724971,0.0,50,5.158407646521035,38.79711242462636
known,20,5,uniform,31.91260970954537,0.0,56.17019456153866,80,5.0,18.696533093574864
known,20,5,estimated_waterfill,88.08280427108403,56.17019456153866,0.0,18,7.889089531151809,18.696533093574864
known,20,5,reserve_20,85.73574942485106,53.82313971530569,2.3470548462329646,15,9.60256077593478,18.696533093574864
known,20,5,latent_oracle,88.08280427108403,56.17019456153866,0.0,18,7.889089531151809,18.696533093574864
known,80,5,uniform,92.37649525231227,0.0,37.18957197840017,80,20.0,18.696533093574864
known,80,5,estimated_waterfill,129.56606723071243,37.18957197840017,0.0,52,23.35269894367919,18.696533093574864
known,80,5,reserve_20,128.47675701830312,36.10026176599085,1.0893102124093161,57,28.5939933303303,18.696533093574864
known,80,5,latent_oracle,129.56606723071243,37.18957197840017,0.0,52,23.35269894367919,18.696533093574864
noise_05,20,5,uniform,31.91260970954537,0.0,56.17019456153866,80,5.0,18.696533093574864
noise_05,20,5,estimated_waterfill,80.28731224977193,48.37470254022656,7.7954920213121,21,6.5955853077905795,18.696533093574864
noise_05,20,5,reserve_20,78.6130882239983,46.70047851445293,9.469716047085726,19,8.235406059349236,18.696533093574864
noise_05,20,5,latent_oracle,88.08280427108403,56.17019456153866,0.0,18,7.889089531151809,18.696533093574864
noise_05,80,5,uniform,92.37649525231227,0.0,37.18957197840017,80,20.0,18.696533093574864
noise_05,80,5,estimated_waterfill,121.76991690696232,29.393421654650055,7.796150323750112,53,19.285956492700727,18.696533093574864
noise_05,80,5,reserve_20,120.83065977205467,28.454164519742406,8.735407458657761,59,24.560969356542643,18.696533093574864
noise_05,80,5,latent_oracle,129.56606723071243,37.18957197840017,0.0,52,23.35269894367919,18.696533093574864
noise_10,20,5,uniform,31.91260970954537,0.0,56.17019456153866,80,5.0,18.696533093574864
noise_10,20,5,estimated_waterfill,61.28123710048515,29.36862739093978,26.80156717059888,19,4.961476048360284,18.696533093574864
noise_10,20,5,reserve_20,61.131373170607915,29.218763461062544,26.951431100476114,17,6.929823808141282,18.696533093574864
noise_10,20,5,latent_oracle,88.08280427108403,56.17019456153866,0.0,18,7.889089531151809,18.696533093574864
noise_10,80,5,uniform,92.37649525231227,0.0,37.18957197840017,80,20.0,18.696533093574864
noise_10,80,5,estimated_waterfill,100.13557179051175,7.75907653819948,29.430495440200687,48,15.72483533325817,18.696533093574864
noise_10,80,5,reserve_20,100.66699969575919,8.29050444344692,28.899067534953247,52,22.908183209202846,18.696533093574864
noise_10,80,5,latent_oracle,129.56606723071243,37.18957197840017,0.0,52,23.35269894367919,18.696533093574864
noise_20,20,5,uniform,31.91260970954537,0.0,56.17019456153866,80,5.0,18.696533093574864
noise_20,20,5,estimated_waterfill,25.471888758327072,-6.4407209512182995,62.61091551275696,14,3.33449161696709,18.696533093574864
noise_20,20,5,reserve_20,27.449967658935783,-4.462642050609588,60.632836612148246,12,5.704733662417171,18.696533093574864
noise_20,20,5,latent_oracle,88.08280427108403,56.17019456153866,0.0,18,7.889089531151809,18.696533093574864
noise_20,80,5,uniform,92.37649525231227,0.0,37.18957197840017,80,20.0,18.696533093574864
noise_20,80,5,estimated_waterfill,50.435597612654774,-41.94089763965749,79.13046961805766,33,11.77036541987343,18.696533093574864
noise_20,80,5,reserve_20,63.749277273898926,-28.62721797841334,65.81678995681351,43,22.104519715688152,18.696533093574864
noise_20,80,5,latent_oracle,129.56606723071243,37.18957197840017,0.0,52,23.35269894367919,18.696533093574864
biased_underserved,20,5,uniform,31.91260970954537,0.0,56.17019456153866,80,5.0,18.696533093574864
biased_underserved,20,5,estimated_waterfill,84.22186117917502,52.30925146962965,3.8609430919090073,13,3.252590884047187,18.696533093574864
biased_underserved,20,5,reserve_20,83.0989051159402,51.18629540639483,4.983899155143831,12,6.62752387312424,18.696533093574864
biased_underserved,20,5,latent_oracle,88.08280427108403,56.17019456153866,0.0,18,7.889089531151809,18.696533093574864
biased_underserved,80,5,uniform,92.37649525231227,0.0,37.18957197840017,80,20.0,18.696533093574864
biased_underserved,80,5,estimated_waterfill,119.53653353928284,27.160038286970575,10.029533691429592,49,7.155479679216192,18.696533093574864
biased_underserved,80,5,reserve_20,125.8061363845235,33.42964113221123,3.7599308461889365,60,21.198949562192166,18.696533093574864
biased_underserved,80,5,latent_oracle,129.56606723071243,37.18957197840017,0.0,52,23.35269894367919,18.696533093574864
blindspot_ignored,20,5,uniform,20.92000376258194,0.0,27.923111304100548,80,5.0,77.09295306591052
blindspot_ignored,20,5,estimated_waterfill,45.178922848772885,24.258919086190947,3.6641922179096014,18,7.889089531151808,77.09295306591052
blindspot_ignored,20,5,reserve_20,42.690210546529066,21.770206783947128,6.15290452015342,15,9.602560775934778,77.09295306591052
blindspot_ignored,20,5,latent_oracle,48.843115066682486,27.923111304100548,0.0,14,2.678135179775355,77.09295306591052
blindspot_ignored,80,5,uniform,59.88526026304003,0.0,20.573141755667756,80,20.0,77.09295306591052
blindspot_ignored,80,5,estimated_waterfill,77.74134675171933,17.856086488679303,2.717055266988453,52,23.35269894367919,77.09295306591052
blindspot_ignored,80,5,reserve_20,75.87053752887583,15.985277265835798,4.587864489831958,57,28.593993330330296,77.09295306591052
blindspot_ignored,80,5,latent_oracle,80.45840201870779,20.573141755667756,0.0,53,8.04572106172151,77.09295306591052
known,20,6,uniform,23.235693140863663,0.0,15.690741310049763,80,5.0,11.958799829228793
known,20,6,estimated_waterfill,38.926434450913426,15.690741310049763,0.0,24,3.9507939653170374,11.958799829228793
known,20,6,reserve_20,36.682411342654206,13.446718201790542,2.2440231082592206,21,6.306298023604418,11.958799829228793
known,20,6,latent_oracle,38.926434450913426,15.690741310049763,0.0,24,3.9507939653170374,11.958799829228793
known,80,6,uniform,62.2106256508838,0.0,11.3812462390176,80,20.0,11.958799829228793
known,80,6,estimated_waterfill,73.5918718899014,11.3812462390176,0.0,60,12.419375687332327,11.958799829228793
known,80,6,reserve_20,71.87722553998532,9.66659988910152,1.7146463499160802,68,20.061502327076386,11.958799829228793
known,80,6,latent_oracle,73.5918718899014,11.3812462390176,0.0,60,12.419375687332327,11.958799829228793
noise_05,20,6,uniform,23.235693140863663,0.0,15.690741310049763,80,5.0,11.958799829228793
noise_05,20,6,estimated_waterfill,35.53516657576677,12.29947343490311,3.391267875146653,22,2.843442973459192,11.958799829228793
noise_05,20,6,reserve_20,33.713267310913054,10.47757417004939,5.2131671400003725,18,5.390653399400771,11.958799829228793
noise_05,20,6,latent_oracle,38.926434450913426,15.690741310049763,0.0,24,3.9507939653170374,11.958799829228793
noise_05,80,6,uniform,62.2106256508838,0.0,11.3812462390176,80,20.0,11.958799829228793
noise_05,80,6,estimated_waterfill,68.81526294655379,6.604637295669988,4.776608943347611,57,13.182212185646867,11.958799829228793
noise_05,80,6,reserve_20,67.53081083013113,5.320185179247332,6.061061059770267,66,20.081620526754904,11.958799829228793
noise_05,80,6,latent_oracle,73.5918718899014,11.3812462390176,0.0,60,12.419375687332327,11.958799829228793
noise_10,20,6,uniform,23.235693140863663,0.0,15.690741310049763,80,5.0,11.958799829228793
noise_10,20,6,estimated_waterfill,27.448546957959877,4.212853817096214,11.477887492953549,17,2.252214396310995,11.958799829228793
noise_10,20,6,reserve_20,27.246994023993526,4.011300883129863,11.6794404269199,15,4.891683173506725,11.958799829228793
noise_10,20,6,latent_oracle,38.926434450913426,15.690741310049763,0.0,24,3.9507939653170374,11.958799829228793
noise_10,80,6,uniform,62.2106256508838,0.0,11.3812462390176,80,20.0,11.958799829228793
noise_10,80,6,estimated_waterfill,56.6571107051896,-5.553514945694197,16.934761184711796,46,10.346074305513886,11.958799829228793
noise_10,80,6,reserve_20,57.55231300081287,-4.6583126500709255,16.039558889088525,56,19.51018894141384,11.958799829228793
noise_10,80,6,latent_oracle,73.5918718899014,11.3812462390176,0.0,60,12.419375687332327,11.958799829228793
noise_20,20,6,uniform,23.235693140863663,0.0,15.690741310049763,80,5.0,11.958799829228793
noise_20,20,6,estimated_waterfill,16.57421964037087,-6.661473500492793,22.352214810542556,10,2.0042815728398318,11.958799829228793
noise_20,20,6,reserve_20,18.91509422019351,-4.320598920670154,20.011340230719917,9,5.085203305835404,11.958799829228793
noise_20,20,6,latent_oracle,38.926434450913426,15.690741310049763,0.0,24,3.9507939653170374,11.958799829228793
noise_20,80,6,uniform,62.2106256508838,0.0,11.3812462390176,80,20.0,11.958799829228793
noise_20,80,6,estimated_waterfill,29.45098104473417,-32.75964460614963,44.14089084516723,24,4.525607759715389,11.958799829228793
noise_20,80,6,reserve_20,36.94605412408761,-25.26457152679619,36.64581776581379,37,17.984114056303845,11.958799829228793
noise_20,80,6,latent_oracle,73.5918718899014,11.3812462390176,0.0,60,12.419375687332327,11.958799829228793
biased_underserved,20,6,uniform,23.235693140863663,0.0,15.690741310049763,80,5.0,11.958799829228793
biased_underserved,20,6,estimated_waterfill,34.45882049988817,11.223127359024506,4.467613951025257,24,0.0,11.958799829228793
biased_underserved,20,6,reserve_20,34.577305976544274,11.34161283568061,4.349128474369152,19,4.000000000000001,11.958799829228793
biased_underserved,20,6,latent_oracle,38.926434450913426,15.690741310049763,0.0,24,3.9507939653170374,11.958799829228793
biased_underserved,80,6,uniform,62.2106256508838,0.0,11.3812462390176,80,20.0,11.958799829228793
biased_underserved,80,6,estimated_waterfill,68.87477975782268,6.664154106938881,4.717092132078719,56,1.4973560303271034,11.958799829228793
biased_underserved,80,6,reserve_20,70.49713445857039,8.286508807686587,3.094737431331012,69,16.000000000000004,11.958799829228793
biased_underserved,80,6,latent_oracle,73.5918718899014,11.3812462390176,0.0,60,12.419375687332327,11.958799829228793
blindspot_ignored,20,6,uniform,19.49292797287735,0.0,15.029917879010515,80,5.0,28.280329265691986
blindspot_ignored,20,6,estimated_waterfill,32.492235169272604,12.999307196395254,2.0306106826152615,24,3.9507939653170365,28.280329265691986
blindspot_ignored,20,6,reserve_20,29.987758263386212,10.494830290508862,4.5350875885016535,21,6.306298023604418,28.280329265691986
blindspot_ignored,20,6,latent_oracle,34.522845851887865,15.029917879010515,0.0,24,0.38140276310184273,28.280329265691986
blindspot_ignored,80,6,uniform,52.26804462790173,0.0,12.950999115580643,80,20.0,28.280329265691986
blindspot_ignored,80,6,estimated_waterfill,63.4203583095465,11.15231368164477,1.7986854339358729,60,12.419375687332332,28.280329265691986
blindspot_ignored,80,6,reserve_20,60.81717409587481,8.549129467973081,4.401869647607562,68,20.061502327076386,28.280329265691986
blindspot_ignored,80,6,latent_oracle,65.21904374348237,12.950999115580643,0.0,58,2.5631087691265084,28.280329265691986
known,20,7,uniform,21.82808868497834,0.0,32.93112580643049,80,5.0,13.642719821367505
known,20,7,estimated_waterfill,54.75921449140883,32.93112580643049,0.0,16,9.022410003910213,13.642719821367505
known,20,7,reserve_20,52.83151407163728,31.00342538665894,1.927700419771547,15,11.013836254949883,13.642719821367505
known,20,7,latent_oracle,54.75921449140883,32.93112580643049,0.0,16,9.022410003910213,13.642719821367505
known,80,7,uniform,64.32367313363892,0.0,27.19713197360379,80,20.0,13.642719821367505
known,80,7,estimated_waterfill,91.52080510724271,27.19713197360379,0.0,52,26.86337880090593,13.642719821367505
known,80,7,reserve_20,90.68484701013766,26.36117387649874,0.8359580971050491,55,30.347611374500538,13.642719821367505
known,80,7,latent_oracle,91.52080510724271,27.19713197360379,0.0,52,26.86337880090593,13.642719821367505
noise_05,20,7,uniform,21.82808868497834,0.0,32.93112580643049,80,5.0,13.642719821367505
noise_05,20,7,estimated_waterfill,52.034463985172614,30.206375300194274,2.7247505062362123,16,8.27979024498612,13.642719821367505
noise_05,20,7,reserve_20,50.14284872523866,28.314760040260317,4.616365766170169,15,10.147499098540559,13.642719821367505
noise_05,20,7,latent_oracle,54.75921449140883,32.93112580643049,0.0,16,9.022410003910213,13.642719821367505
noise_05,80,7,uniform,64.32367313363892,0.0,27.19713197360379,80,20.0,13.642719821367505
noise_05,80,7,estimated_waterfill,87.6790305281815,23.35535739454258,3.841774579061209,49,25.262570324387113,13.642719821367505
noise_05,80,7,reserve_20,87.01042916759883,22.68675603395991,4.510375939643879,53,29.26542736821058,13.642719821367505
noise_05,80,7,latent_oracle,91.52080510724271,27.19713197360379,0.0,52,26.86337880090593,13.642719821367505
noise_10,20,7,uniform,21.82808868497834,0.0,32.93112580643049,80,5.0,13.642719821367505
noise_10,20,7,estimated_waterfill,46.88257777993601,25.054489094957667,7.87663671147282,16,8.196248142087677,13.642719821367505
noise_10,20,7,reserve_20,45.126176942265346,23.298088257287006,9.63303754914348,15,10.140059416221792,13.642719821367505
noise_10,20,7,latent_oracle,54.75921449140883,32.93112580643049,0.0,16,9.022410003910213,13.642719821367505
noise_10,80,7,uniform,64.32367313363892,0.0,27.19713197360379,80,20.0,13.642719821367505
noise_10,80,7,estimated_waterfill,79.87250623114586,15.548833097506943,11.648298876096845,45,22.27362897649167,13.642719821367505
noise_10,80,7,reserve_20,80.47180454778041,16.14813141414149,11.0490005594623,48,28.11378457300263,13.642719821367505
noise_10,80,7,latent_oracle,91.52080510724271,27.19713197360379,0.0,52,26.86337880090593,13.642719821367505
noise_20,20,7,uniform,21.82808868497834,0.0,32.93112580643049,80,5.0,13.642719821367505
noise_20,20,7,estimated_waterfill,38.507514577900686,16.679425892922346,16.25169991350814,11,8.10347523961129,13.642719821367505
noise_20,20,7,reserve_20,38.64165066278644,16.8135619778081,16.117563828622387,10,10.205446596460693,13.642719821367505
noise_20,20,7,latent_oracle,54.75921449140883,32.93112580643049,0.0,16,9.022410003910213,13.642719821367505
noise_20,80,7,uniform,64.32367313363892,0.0,27.19713197360379,80,20.0,13.642719821367505
noise_20,80,7,estimated_waterfill,62.03536768878418,-2.2883054448547426,29.48543741845853,32,18.456431370658404,13.642719821367505
noise_20,80,7,reserve_20,65.51167787976881,1.1880047461298915,26.009127227473897,40,27.689506904905958,13.642719821367505
noise_20,80,7,latent_oracle,91.52080510724271,27.19713197360379,0.0,52,26.86337880090593,13.642719821367505
biased_underserved,20,7,uniform,21.82808868497834,0.0,32.93112580643049,80,5.0,13.642719821367505
biased_underserved,20,7,estimated_waterfill,45.1324954027331,23.30440671775476,9.626719088675728,20,1.6027230077597525,13.642719821367505
biased_underserved,20,7,reserve_20,43.39447731621576,21.566388631237423,11.364737175193063,19,4.966147390598564,13.642719821367505
biased_underserved,20,7,latent_oracle,54.75921449140883,32.93112580643049,0.0,16,9.022410003910213,13.642719821367505
biased_underserved,80,7,uniform,64.32367313363892,0.0,27.19713197360379,80,20.0,13.642719821367505
biased_underserved,80,7,estimated_waterfill,83.69355449985393,19.36988136621501,7.827250607388777,45,8.485580246872802,13.642719821367505
biased_underserved,80,7,reserve_20,86.97773364122015,22.654060507581235,4.543071466022553,60,20.89789816881521,13.642719821367505
biased_underserved,80,7,latent_oracle,91.52080510724271,27.19713197360379,0.0,52,26.86337880090593,13.642719821367505
blindspot_ignored,20,7,uniform,15.509805998784126,0.0,18.54967151207004,80,5.0,52.60491503850189
blindspot_ignored,20,7,estimated_waterfill,30.32710891110856,14.817302912324434,3.7323685997456053,16,9.022410003910213,52.60491503850189
blindspot_ignored,20,7,reserve_20,27.981370554831308,12.471564556047182,6.078106956022857,15,11.013836254949886,52.60491503850189
blindspot_ignored,20,7,latent_oracle,34.059477510854165,18.54967151207004,0.0,20,2.2771904904304687,52.60491503850189
blindspot_ignored,80,7,uniform,44.93748714114306,0.0,16.333325872257703,80,20.0,52.60491503850189
blindspot_ignored,80,7,estimated_waterfill,58.55404489830084,13.616557757157778,2.7167681150999243,52,26.86337880090593,52.60491503850189
blindspot_ignored,80,7,reserve_20,57.418664060357855,12.481176919214796,3.8521489530429065,55,30.347611374500538,52.60491503850189
blindspot_ignored,80,7,latent_oracle,61.27081301340076,16.333325872257703,0.0,47,9.528706499320114,52.60491503850189
known,20,8,uniform,21.558022808295693,0.0,14.992921014637549,80,5.0,11.282971362331388
known,20,8,estimated_waterfill,36.55094382293324,14.992921014637549,0.0,25,6.271034939417008,11.282971362331388
known,20,8,reserve_20,35.2196286856108,13.661605877315107,1.3313151373224414,22,7.689209087279386,11.282971362331388
known,20,8,latent_oracle,36.55094382293324,14.992921014637549,0.0,25,6.271034939417008,11.282971362331388
known,80,8,uniform,59.5389754248743,0.0,10.961906714095242,80,20.0,11.282971362331388
known,80,8,estimated_waterfill,70.50088213896954,10.961906714095242,0.0,58,20.6226999987024,11.282971362331388
known,80,8,reserve_20,69.63451484812279,10.09553942324849,0.8663672908467532,62,24.498745280788516,11.282971362331388
known,80,8,latent_oracle,70.50088213896954,10.961906714095242,0.0,58,20.6226999987024,11.282971362331388
noise_05,20,8,uniform,21.558022808295693,0.0,14.992921014637549,80,5.0,11.282971362331388
noise_05,20,8,estimated_waterfill,32.25136283258578,10.693340024290084,4.299580990347465,27,4.579637161873552,11.282971362331388
noise_05,20,8,reserve_20,31.793832643786924,10.235809835491231,4.757111179146317,26,6.146831413163513,11.282971362331388
noise_05,20,8,latent_oracle,36.55094382293324,14.992921014637549,0.0,25,6.271034939417008,11.282971362331388
noise_05,80,8,uniform,59.5389754248743,0.0,10.961906714095242,80,20.0,11.282971362331388
noise_05,80,8,estimated_waterfill,66.14443476822129,6.605459343346986,4.356447370748256,57,17.434448394930726,11.282971362331388
noise_05,80,8,reserve_20,65.52178537695288,5.982809952078576,4.979096762016667,61,21.328493564198624,11.282971362331388
noise_05,80,8,latent_oracle,70.50088213896954,10.961906714095242,0.0,58,20.6226999987024,11.282971362331388
noise_10,20,8,uniform,21.558022808295693,0.0,14.992921014637549,80,5.0,11.282971362331388
noise_10,20,8,estimated_waterfill,25.83346401638496,4.275441208089266,10.717479806548283,24,3.7107970894622917,11.282971362331388
noise_10,20,8,reserve_20,26.054906147859846,4.496883339564153,10.496037675073396,24,5.561072647361123,11.282971362331388
noise_10,20,8,latent_oracle,36.55094382293324,14.992921014637549,0.0,25,6.271034939417008,11.282971362331388
noise_10,80,8,uniform,59.5389754248743,0.0,10.961906714095242,80,20.0,11.282971362331388
noise_10,80,8,estimated_waterfill,53.53710875461605,-6.001866670258252,16.963773384353495,48,12.98747700870803,11.282971362331388
noise_10,80,8,reserve_20,55.231316662484716,-4.307658762389586,15.269565476484829,55,19.509949885774752,11.282971362331388
noise_10,80,8,latent_oracle,70.50088213896954,10.961906714095242,0.0,58,20.6226999987024,11.282971362331388
noise_20,20,8,uniform,21.558022808295693,0.0,14.992921014637549,80,5.0,11.282971362331388
noise_20,20,8,estimated_waterfill,12.516750349621551,-9.041272458674142,24.03419347331169,14,2.223321309995189,11.282971362331388
noise_20,20,8,reserve_20,15.434769834128428,-6.123252974167265,21.116173988804814,14,5.039082015354445,11.282971362331388
noise_20,20,8,latent_oracle,36.55094382293324,14.992921014637549,0.0,25,6.271034939417008,11.282971362331388
noise_20,80,8,uniform,59.5389754248743,0.0,10.961906714095242,80,20.0,11.282971362331388
noise_20,80,8,estimated_waterfill,26.08703056960547,-33.451944855268835,44.41385156936407,29,7.062735957048722,11.282971362331388
noise_20,80,8,reserve_20,33.240956487870875,-26.298018937003427,37.25992565109867,39,18.154434917626308,11.282971362331388
noise_20,80,8,latent_oracle,70.50088213896954,10.961906714095242,0.0,58,20.6226999987024,11.282971362331388
biased_underserved,20,8,uniform,21.558022808295693,0.0,14.992921014637549,80,5.0,11.282971362331388
biased_underserved,20,8,estimated_waterfill,31.824182774576258,10.266159966280565,4.726761048356984,24,0.0,11.282971362331388
biased_underserved,20,8,reserve_20,33.246599682798454,11.688576874502761,3.3043441401347877,21,4.000000000000001,11.282971362331388
biased_underserved,20,8,latent_oracle,36.55094382293324,14.992921014637549,0.0,25,6.271034939417008,11.282971362331388
biased_underserved,80,8,uniform,59.5389754248743,0.0,10.961906714095242,80,20.0,11.282971362331388
biased_underserved,80,8,estimated_waterfill,61.44592204824144,1.9069466233671406,9.054960090728102,52,1.5347505259671017,11.282971362331388
biased_underserved,80,8,reserve_20,67.35238484319163,7.8134094183173275,3.148497295777915,66,16.000000000000004,11.282971362331388
biased_underserved,80,8,latent_oracle,70.50088213896954,10.961906714095242,0.0,58,20.6226999987024,11.282971362331388
blindspot_ignored,20,8,uniform,17.004540370144422,0.0,14.825894236875495,80,5.0,31.457723930465114
blindspot_ignored,20,8,estimated_waterfill,28.531003884697984,11.526463514553562,3.299430722321933,25,6.271034939417009,31.457723930465114
blindspot_ignored,20,8,reserve_20,27.085382330255634,10.080841960111211,4.745052276764284,22,7.689209087279386,31.457723930465114
blindspot_ignored,20,8,latent_oracle,31.830434607019917,14.825894236875495,0.0,24,0.11417408534901241,31.457723930465114
blindspot_ignored,80,8,uniform,47.25247958095894,0.0,11.351822228795669,80,20.0,31.457723930465114
blindspot_ignored,80,8,estimated_waterfill,56.06447809469626,8.811998513737322,2.539823715058347,58,20.622699998702394,31.457723930465114
blindspot_ignored,80,8,reserve_20,54.812895618535144,7.5604160375762035,3.7914061912194654,62,24.498745280788512,31.457723930465114
blindspot_ignored,80,8,latent_oracle,58.60430180975461,11.351822228795669,0.0,55,4.800478052979052,31.457723930465114
known,20,9,uniform,19.573480288245342,0.0,18.890751972411536,80,5.0,10.919452082320472
known,20,9,estimated_waterfill,38.46423226065688,18.890751972411536,0.0,21,6.652777194593363,10.919452082320472
known,20,9,reserve_20,37.012564032066,17.43908374382066,1.4516682285908757,20,8.062933484187763,10.919452082320472
known,20,9,latent_oracle,38.46423226065688,18.890751972411536,0.0,21,6.652777194593363,10.919452082320472
known,80,9,uniform,55.4555953508137,0.0,14.904668436439941,80,20.0,10.919452082320472
known,80,9,estimated_waterfill,70.36026378725364,14.904668436439941,0.0,56,27.958480820158776,10.919452082320472
known,80,9,reserve_20,69.74615057716176,14.290555226348054,0.6141132100918867,60,31.769299781457335,10.919452082320472
known,80,9,latent_oracle,70.36026378725364,14.904668436439941,0.0,56,27.958480820158776,10.919452082320472
noise_05,20,9,uniform,19.573480288245342,0.0,18.890751972411536,80,5.0,10.919452082320472
noise_05,20,9,estimated_waterfill,35.24446500324386,15.670984714998518,3.219767257413018,17,6.381922362992381,10.919452082320472
noise_05,20,9,reserve_20,34.03885294556406,14.465372657318717,4.425379315092819,17,7.607447986316651,10.919452082320472
noise_05,20,9,latent_oracle,38.46423226065688,18.890751972411536,0.0,21,6.652777194593363,10.919452082320472
noise_05,80,9,uniform,55.4555953508137,0.0,14.904668436439941,80,20.0,10.919452082320472
noise_05,80,9,estimated_waterfill,67.68571683604823,12.230121485234527,2.6745469512054143,48,27.331922918256666,10.919452082320472
noise_05,80,9,reserve_20,67.20157107260832,11.745975721794615,3.1586927146453263,54,31.217005409269614,10.919452082320472
noise_05,80,9,latent_oracle,70.36026378725364,14.904668436439941,0.0,56,27.958480820158776,10.919452082320472
noise_10,20,9,uniform,19.573480288245342,0.0,18.890751972411536,80,5.0,10.919452082320472
noise_10,20,9,estimated_waterfill,28.969613009198287,9.396132720952945,9.494619251458591,16,5.988839608190804,10.919452082320472
noise_10,20,9,reserve_20,28.357227879344993,8.783747591099651,10.107004381311885,15,7.925080300129341,10.919452082320472
noise_10,20,9,latent_oracle,38.46423226065688,18.890751972411536,0.0,21,6.652777194593363,10.919452082320472
noise_10,80,9,uniform,55.4555953508137,0.0,14.904668436439941,80,20.0,10.919452082320472
noise_10,80,9,estimated_waterfill,62.70650305633123,7.250907705517527,7.653760730922414,44,27.71062931258483,10.919452082320472
noise_10,80,9,reserve_20,62.18548629646063,6.729890945646929,8.174777490793012,50,31.997987094146712,10.919452082320472
noise_10,80,9,latent_oracle,70.36026378725364,14.904668436439941,0.0,56,27.958480820158776,10.919452082320472
noise_20,20,9,uniform,19.573480288245342,0.0,18.890751972411536,80,5.0,10.919452082320472
noise_20,20,9,estimated_waterfill,23.05358334705233,3.4801030588069892,15.410648913604547,17,6.576054571312687,10.919452082320472
noise_20,20,9,reserve_20,21.05481590292369,1.481335614678347,17.40941635773319,16,8.65945122628609,10.919452082320472
noise_20,20,9,latent_oracle,38.46423226065688,18.890751972411536,0.0,21,6.652777194593363,10.919452082320472
noise_20,80,9,uniform,55.4555953508137,0.0,14.904668436439941,80,20.0,10.919452082320472
noise_20,80,9,estimated_waterfill,47.51805886777089,-7.937536483042813,22.842204919482754,35,24.45279797898206,10.919452082320472
noise_20,80,9,reserve_20,48.75082459227531,-6.704770758538395,21.609439194978336,42,28.82717499854101,10.919452082320472
noise_20,80,9,latent_oracle,70.36026378725364,14.904668436439941,0.0,56,27.958480820158776,10.919452082320472
biased_underserved,20,9,uniform,19.573480288245342,0.0,18.890751972411536,80,5.0,10.919452082320472
biased_underserved,20,9,estimated_waterfill,33.083571751847316,13.510091463601974,5.380660508809562,17,0.06781159580529987,10.919452082320472
biased_underserved,20,9,reserve_20,34.20544920182134,14.631968913575996,4.25878305883554,16,4.000000000000001,10.919452082320472
biased_underserved,20,9,latent_oracle,38.46423226065688,18.890751972411536,0.0,21,6.652777194593363,10.919452082320472
biased_underserved,80,9,uniform,55.4555953508137,0.0,14.904668436439941,80,20.0,10.919452082320472
biased_underserved,80,9,estimated_waterfill,58.74971808780557,3.2941227369918664,11.610545699448075,54,2.3029816758436454,10.919452082320472
biased_underserved,80,9,reserve_20,65.18686658401671,9.73127123320301,5.173397203236931,67,16.52400172603821,10.919452082320472
biased_underserved,80,9,latent_oracle,70.36026378725364,14.904668436439941,0.0,56,27.958480820158776,10.919452082320472
blindspot_ignored,20,9,uniform,15.079388826456793,0.0,17.770615775605847,80,5.0,35.78203934453911
blindspot_ignored,20,9,estimated_waterfill,29.500874272058123,14.42148544560133,3.3491303300045168,21,6.652777194593363,35.78203934453911
blindspot_ignored,20,9,reserve_20,28.008012430208634,12.928623603751841,4.841992171854006,20,8.062933484187763,35.78203934453911
blindspot_ignored,20,9,latent_oracle,32.85000460206264,17.770615775605847,0.0,18,0.4885555481718497,35.78203934453911
blindspot_ignored,80,9,uniform,42.55262500878113,0.0,12.373204444505411,80,20.0,35.78203934453911
blindspot_ignored,80,9,estimated_waterfill,52.207524045277424,9.654899036496296,2.7183054080091154,56,27.958480820158776,35.78203934453911
blindspot_ignored,80,9,reserve_20,51.145913327902136,8.593288319121008,3.7799161253844034,60,31.76929978145732,35.78203934453911
blindspot_ignored,80,9,latent_oracle,54.92582945328654,12.373204444505411,0.0,58,7.603406869494547,35.78203934453911
known,20,10,uniform,26.47669355463669,0.0,27.95680601793078,80,5.0,14.738123310871885
known,20,10,estimated_waterfill,54.43349957256747,27.95680601793078,0.0,18,1.8969464229466304,14.738123310871885
known,20,10,reserve_20,51.73705488182507,25.260361327188377,2.6964446907424033,15,4.76094083951458,14.738123310871885
known,20,10,latent_oracle,54.43349957256747,27.95680601793078,0.0,18,1.8969464229466304,14.738123310871885
known,80,10,uniform,74.35817533150905,0.0,20.95894790304041,80,20.0,14.738123310871885
known,80,10,estimated_waterfill,95.31712323454946,20.95894790304041,0.0,51,14.694092534120793,14.738123310871885
known,80,10,reserve_20,93.90481622378498,19.54664089227593,1.4123070107644793,55,20.501782630075688,14.738123310871885
known,80,10,latent_oracle,95.31712323454946,20.95894790304041,0.0,51,14.694092534120793,14.738123310871885
noise_05,20,10,uniform,26.47669355463669,0.0,27.95680601793078,80,5.0,14.738123310871885
noise_05,20,10,estimated_waterfill,46.93313624772686,20.456442693090167,7.500363324840613,22,2.0083335043260733,14.738123310871885
noise_05,20,10,reserve_20,45.23280344231023,18.75610988767354,9.200696130257242,19,4.868490021843963,14.738123310871885
noise_05,20,10,latent_oracle,54.43349957256747,27.95680601793078,0.0,18,1.8969464229466304,14.738123310871885
noise_05,80,10,uniform,74.35817533150905,0.0,20.95894790304041,80,20.0,14.738123310871885
noise_05,80,10,estimated_waterfill,88.71728446444644,14.359109132937391,6.59983877010302,53,16.921377150860206,14.738123310871885
noise_05,80,10,reserve_20,87.50439067569711,13.146215344188064,7.812732558852346,56,22.824661339190882,14.738123310871885
noise_05,80,10,latent_oracle,95.31712323454946,20.95894790304041,0.0,51,14.694092534120793,14.738123310871885
noise_10,20,10,uniform,26.47669355463669,0.0,27.95680601793078,80,5.0,14.738123310871885
noise_10,20,10,estimated_waterfill,36.40795240612143,9.931258851484742,18.02554716644604,20,2.42088703194245,14.738123310871885
noise_10,20,10,reserve_20,35.65770451693546,9.181010962298771,18.77579505563201,16,5.077270592458145,14.738123310871885
noise_10,20,10,latent_oracle,54.43349957256747,27.95680601793078,0.0,18,1.8969464229466304,14.738123310871885
noise_10,80,10,uniform,74.35817533150905,0.0,20.95894790304041,80,20.0,14.738123310871885
noise_10,80,10,estimated_waterfill,69.19580835628629,-5.162366975222753,26.121314878263163,44,17.418144371213273,14.738123310871885
noise_10,80,10,reserve_20,69.72257516427828,-4.635600167230763,25.594548070271173,51,23.967915720220866,14.738123310871885
noise_10,80,10,latent_oracle,95.31712323454946,20.95894790304041,0.0,51,14.694092534120793,14.738123310871885
noise_20,20,10,uniform,26.47669355463669,0.0,27.95680601793078,80,5.0,14.738123310871885
noise_20,20,10,estimated_waterfill,15.115777267708536,-11.360916286928154,39.31772230485893,7,1.5652615112818018,14.738123310871885
noise_20,20,10,reserve_20,16.804528247618315,-9.672165307018375,37.628971324949156,7,4.630551409236141,14.738123310871885
noise_20,20,10,latent_oracle,54.43349957256747,27.95680601793078,0.0,18,1.8969464229466304,14.738123310871885
noise_20,80,10,uniform,74.35817533150905,0.0,20.95894790304041,80,20.0,14.738123310871885
noise_20,80,10,estimated_waterfill,36.921142418788776,-37.43703291272027,58.39598081576068,24,9.247862700600448,14.738123310871885
noise_20,80,10,reserve_20,39.61312814955911,-34.745047181949936,55.703995084990346,38,20.442544822451328,14.738123310871885
noise_20,80,10,latent_oracle,95.31712323454946,20.95894790304041,0.0,51,14.694092534120793,14.738123310871885
biased_underserved,20,10,uniform,26.47669355463669,0.0,27.95680601793078,80,5.0,14.738123310871885
biased_underserved,20,10,estimated_waterfill,52.988931312807146,26.512237758170457,1.4445682597603238,19,0.0,14.738123310871885
biased_underserved,20,10,reserve_20,51.11393872504275,24.63724517040606,3.31956084752472,14,4.000000000000001,14.738123310871885
biased_underserved,20,10,latent_oracle,54.43349957256747,27.95680601793078,0.0,18,1.8969464229466304,14.738123310871885
biased_underserved,80,10,uniform,74.35817533150905,0.0,20.95894790304041,80,20.0,14.738123310871885
biased_underserved,80,10,estimated_waterfill,89.9563704177524,15.59819508624335,5.36075281679706,41,0.5241392091964043,14.738123310871885
biased_underserved,80,10,reserve_20,92.61034747004989,18.252172138540843,2.706775764499568,57,16.000000000000004,14.738123310871885
biased_underserved,80,10,latent_oracle,95.31712323454946,20.95894790304041,0.0,51,14.694092534120793,14.738123310871885
blindspot_ignored,20,10,uniform,23.443682484608388,0.0,29.54524882819876,80,5.0,31.19862922887123
blindspot_ignored,20,10,estimated_waterfill,51.51508011764871,28.07139763304032,1.4738511951584385,18,1.8969464229466302,31.19862922887123
blindspot_ignored,20,10,reserve_20,47.93801551767646,24.494333033068074,5.050915795130685,15,4.76094083951458,31.19862922887123
blindspot_ignored,20,10,latent_oracle,52.988931312807146,29.54524882819876,0.0,19,0.0,31.19862922887123
blindspot_ignored,80,10,uniform,65.65148529127863,0.0,23.101560462175755,80,20.0,31.19862922887123
blindspot_ignored,80,10,estimated_waterfill,86.06687779327834,20.415392501999705,2.68616796017605,51,14.694092534120793,31.19862922887123
blindspot_ignored,80,10,reserve_20,83.870605588896,18.219120297617366,4.882440164558389,55,20.501782630075684,31.19862922887123
blindspot_ignored,80,10,latent_oracle,88.75304575345439,23.101560462175755,0.0,41,1.4632547715567084,31.19862922887123
known,20,11,uniform,20.8785423530167,0.0,28.29985893543861,80,5.0,11.318281317022263
known,20,11,estimated_waterfill,49.17840128845531,28.29985893543861,0.0,19,3.232136773708145,11.318281317022263
known,20,11,reserve_20,47.46442805711181,26.58588570409511,1.7139732313435019,17,5.7957586417290425,11.318281317022263
known,20,11,latent_oracle,49.17840128845531,28.29985893543861,0.0,19,3.232136773708145,11.318281317022263
known,80,11,uniform,59.0389695048384,0.0,17.365190181462488,80,20.0,11.318281317022263
known,80,11,estimated_waterfill,76.40415968630089,17.365190181462488,0.0,56,11.997551667196948,11.318281317022263
known,80,11,reserve_20,75.26206897645058,16.22309947161218,1.142090709850308,62,19.417895856997067,11.318281317022263
known,80,11,latent_oracle,76.40415968630089,17.365190181462488,0.0,56,11.997551667196948,11.318281317022263
noise_05,20,11,uniform,20.8785423530167,0.0,28.29985893543861,80,5.0,11.318281317022263
noise_05,20,11,estimated_waterfill,44.94358618865005,24.06504383563335,4.23481509980526,19,2.0343631219448506,11.318281317022263
noise_05,20,11,reserve_20,42.82732814238357,21.94878578936687,6.351073146071741,15,5.075142013593255,11.318281317022263
noise_05,20,11,latent_oracle,49.17840128845531,28.29985893543861,0.0,19,3.232136773708145,11.318281317022263
noise_05,80,11,uniform,59.0389695048384,0.0,17.365190181462488,80,20.0,11.318281317022263
noise_05,80,11,estimated_waterfill,72.469396671808,13.4304271669696,3.934763014492887,48,16.337106646606966,11.318281317022263
noise_05,80,11,reserve_20,71.69797115974406,12.659001654905659,4.706188526556829,55,22.010119264819433,11.318281317022263
noise_05,80,11,latent_oracle,76.40415968630089,17.365190181462488,0.0,56,11.997551667196948,11.318281317022263
noise_10,20,11,uniform,20.8785423530167,0.0,28.29985893543861,80,5.0,11.318281317022263
noise_10,20,11,estimated_waterfill,31.010752241398865,10.132209888382164,18.167649047056447,10,2.377303606857776,11.318281317022263
noise_10,20,11,reserve_20,31.167869718484734,10.289327365468033,18.010531569970578,8,5.7593728817599725,11.318281317022263
noise_10,20,11,latent_oracle,49.17840128845531,28.29985893543861,0.0,19,3.232136773708145,11.318281317022263
noise_10,80,11,uniform,59.0389695048384,0.0,17.365190181462488,80,20.0,11.318281317022263
noise_10,80,11,estimated_waterfill,64.0817459713576,5.042776466519207,12.32241371494328,41,17.546667251212153,11.318281317022263
noise_10,80,11,reserve_20,63.82706909536217,4.788099590523771,12.577090590938717,50,23.567895910902283,11.318281317022263
noise_10,80,11,latent_oracle,76.40415968630089,17.365190181462488,0.0,56,11.997551667196948,11.318281317022263
noise_20,20,11,uniform,20.8785423530167,0.0,28.29985893543861,80,5.0,11.318281317022263
noise_20,20,11,estimated_waterfill,22.6551708693665,1.776628516349799,26.52323041908881,3,2.4800301769075523,11.318281317022263
noise_20,20,11,reserve_20,24.851210400138545,3.972668047121843,24.327190888316768,3,5.503110592566175,11.318281317022263
noise_20,20,11,latent_oracle,49.17840128845531,28.29985893543861,0.0,19,3.232136773708145,11.318281317022263
noise_20,80,11,uniform,59.0389695048384,0.0,17.365190181462488,80,20.0,11.318281317022263
noise_20,80,11,estimated_waterfill,35.04538542875113,-23.993584076087267,41.358774257549754,15,13.370594768689047,11.318281317022263
noise_20,80,11,reserve_20,39.55785039774443,-19.481119107093967,36.846309288556455,29,25.111964027339628,11.318281317022263
noise_20,80,11,latent_oracle,76.40415968630089,17.365190181462488,0.0,56,11.997551667196948,11.318281317022263
biased_underserved,20,11,uniform,20.8785423530167,0.0,28.29985893543861,80,5.0,11.318281317022263
biased_underserved,20,11,estimated_waterfill,46.812369739744916,25.933827386728215,2.366031548710396,21,0.0,11.318281317022263
biased_underserved,20,11,reserve_20,46.51437151054015,25.63582915752345,2.664029777915161,13,4.000000000000001,11.318281317022263
biased_underserved,20,11,latent_oracle,49.17840128845531,28.29985893543861,0.0,19,3.232136773708145,11.318281317022263
biased_underserved,80,11,uniform,59.0389695048384,0.0,17.365190181462488,80,20.0,11.318281317022263
biased_underserved,80,11,estimated_waterfill,72.467679653307,13.428710148468603,3.9364800329938845,50,0.817417749803658,11.318281317022263
biased_underserved,80,11,reserve_20,74.50615196786893,15.467182463030532,1.8980077184319555,63,16.000000000000004,11.318281317022263
biased_underserved,80,11,latent_oracle,76.40415968630089,17.365190181462488,0.0,56,11.997551667196948,11.318281317022263
blindspot_ignored,20,11,uniform,18.192071310566913,0.0,28.660748685471273,80,5.0,22.182563969852666
blindspot_ignored,20,11,estimated_waterfill,45.381011317564244,27.18894000699733,1.4718086784739413,19,3.232136773708144,22.182563969852666
blindspot_ignored,20,11,reserve_20,43.2834820277305,25.091410717163587,3.5693379683076856,17,5.7957586417290425,22.182563969852666
blindspot_ignored,20,11,latent_oracle,46.852819996038185,28.660748685471273,0.0,21,0.2141412465528672,22.182563969852666
blindspot_ignored,80,11,uniform,52.05648657668736,0.0,18.90726744074911,80,20.0,22.182563969852666
blindspot_ignored,80,11,estimated_waterfill,69.59633545748324,17.539848880795873,1.3674185599532365,56,11.997551667196946,22.182563969852666
blindspot_ignored,80,11,reserve_20,67.70055671340393,15.644070136716564,3.263197304032545,62,19.417895856997067,22.182563969852666
blindspot_ignored,80,11,latent_oracle,70.96375401743647,18.90726744074911,0.0,53,2.22314433993373,22.182563969852666
known,20,12,uniform,25.811639488286932,0.0,35.99630502775469,80,5.0,16.929734261274305
known,20,12,estimated_waterfill,61.807944516041616,35.99630502775469,0.0,16,11.623150910193104,16.929734261274305
known,20,12,reserve_20,59.07924561492917,33.267606126642235,2.7286989011124447,14,12.875406097219559,16.929734261274305
known,20,12,latent_oracle,61.807944516041616,35.99630502775469,0.0,16,11.623150910193104,16.929734261274305
known,80,12,uniform,75.83203390669556,0.0,33.96339538398438,80,20.0,16.929734261274305
known,80,12,estimated_waterfill,109.79542929067993,33.96339538398438,0.0,47,36.57255932075748,16.929734261274305
known,80,12,reserve_20,109.04590536904574,33.213871462350184,0.7495239216341929,48,39.34150746262924,16.929734261274305
known,80,12,latent_oracle,109.79542929067993,33.96339538398438,0.0,47,36.57255932075748,16.929734261274305
noise_05,20,12,uniform,25.811639488286932,0.0,35.99630502775469,80,5.0,16.929734261274305
noise_05,20,12,estimated_waterfill,58.68582730655554,32.87418781826861,3.1221172094860776,15,12.27438693423132,16.929734261274305
noise_05,20,12,reserve_20,56.77472780571503,30.9630883174281,5.033216710326585,15,13.702360384344313,16.929734261274305
noise_05,20,12,latent_oracle,61.807944516041616,35.99630502775469,0.0,16,11.623150910193104,16.929734261274305
noise_05,80,12,uniform,75.83203390669556,0.0,33.96339538398438,80,20.0,16.929734261274305
noise_05,80,12,estimated_waterfill,105.29356218756296,29.461528280867398,4.501867103116979,40,35.47871928214492,16.929734261274305
noise_05,80,12,reserve_20,104.83659780340282,29.004563896707268,4.958831487277109,47,40.26348519273655,16.929734261274305
noise_05,80,12,latent_oracle,109.79542929067993,33.96339538398438,0.0,47,36.57255932075748,16.929734261274305
noise_10,20,12,uniform,25.811639488286932,0.0,35.99630502775469,80,5.0,16.929734261274305
noise_10,20,12,estimated_waterfill,52.90377960738888,27.092140119101945,8.904164908652739,17,12.778305473405004,16.929734261274305
noise_10,20,12,reserve_20,51.752890162489074,25.94125067420214,10.055054353552542,15,14.140880349409931,16.929734261274305
noise_10,20,12,latent_oracle,61.807944516041616,35.99630502775469,0.0,16,11.623150910193104,16.929734261274305
noise_10,80,12,uniform,75.83203390669556,0.0,33.96339538398438,80,20.0,16.929734261274305
noise_10,80,12,estimated_waterfill,95.74062103616026,19.908587129464706,14.05480825451967,37,35.25686748862798,16.929734261274305
noise_10,80,12,reserve_20,97.12866788654738,21.29663397985182,12.666761404132558,43,40.61768636600249,16.929734261274305
noise_10,80,12,latent_oracle,109.79542929067993,33.96339538398438,0.0,47,36.57255932075748,16.929734261274305
noise_20,20,12,uniform,25.811639488286932,0.0,35.99630502775469,80,5.0,16.929734261274305
noise_20,20,12,estimated_waterfill,38.56020891978227,12.748569431495337,23.247735596259346,15,12.524258855670858,16.929734261274305
noise_20,20,12,reserve_20,39.21390923727168,13.402269748984747,22.594035278769937,15,13.913025834369941,16.929734261274305
noise_20,20,12,latent_oracle,61.807944516041616,35.99630502775469,0.0,16,11.623150910193104,16.929734261274305
noise_20,80,12,uniform,75.83203390669556,0.0,33.96339538398438,80,20.0,16.929734261274305
noise_20,80,12,estimated_waterfill,73.75097139940152,-2.0810625072940354,36.04445789127841,25,37.660371521396925,16.929734261274305
noise_20,80,12,reserve_20,78.86475858440568,3.032724677710121,30.930670706274256,36,43.82700359194021,16.929734261274305
noise_20,80,12,latent_oracle,109.79542929067993,33.96339538398438,0.0,47,36.57255932075748,16.929734261274305
biased_underserved,20,12,uniform,25.811639488286932,0.0,35.99630502775469,80,5.0,16.929734261274305
biased_underserved,20,12,estimated_waterfill,38.71242358451305,12.900784096226115,23.09552093152857,17,0.0,16.929734261274305
biased_underserved,20,12,reserve_20,42.66483375790519,16.85319426961826,19.143110758136423,15,4.000000000000001,16.929734261274305
biased_underserved,20,12,latent_oracle,61.807944516041616,35.99630502775469,0.0,16,11.623150910193104,16.929734261274305
biased_underserved,80,12,uniform,75.83203390669556,0.0,33.96339538398438,80,20.0,16.929734261274305
biased_underserved,80,12,estimated_waterfill,95.71143005076549,19.87939614406993,14.083999239914448,48,11.20553438797285,16.929734261274305
biased_underserved,80,12,reserve_20,98.54808084842777,22.716046941732216,11.24734844225216,59,21.40825617637722,16.929734261274305
biased_underserved,80,12,latent_oracle,109.79542929067993,33.96339538398438,0.0,47,36.57255932075748,16.929734261274305
blindspot_ignored,20,12,uniform,18.42892006533698,0.0,21.12132925223189,80,5.0,71.44671299680692
blindspot_ignored,20,12,estimated_waterfill,33.33430002446915,14.905379959132173,6.215949293099719,16,11.623150910193102,71.44671299680692
blindspot_ignored,20,12,reserve_20,31.08242314181455,12.653503076477573,8.467826175754318,14,12.875406097219559,71.44671299680692
blindspot_ignored,20,12,latent_oracle,39.55024931756887,21.12132925223189,0.0,17,2.3735650707683473,71.44671299680692
blindspot_ignored,80,12,uniform,52.87736650676166,0.0,16.8161501223,80,20.0,71.44671299680692
blindspot_ignored,80,12,estimated_waterfill,65.64458934883923,12.767222842077572,4.048927280222429,47,36.57255932075748,71.44671299680692
blindspot_ignored,80,12,reserve_20,64.51878870620942,11.64142219944776,5.174727922852242,48,39.34150746262925,71.44671299680692
blindspot_ignored,80,12,latent_oracle,69.69351662906166,16.8161501223,0.0,49,14.8344451126821,71.44671299680692
known,20,13,uniform,25.882184153810396,0.0,25.18373382866172,80,5.0,13.22500614358369
known,20,13,estimated_waterfill,51.065917982472115,25.18373382866172,0.0,19,4.608545746115863,13.22500614358369
known,20,13,reserve_20,49.480885795668925,23.59870164185853,1.5850321868031898,18,6.514670289253845,13.22500614358369
known,20,13,latent_oracle,51.065917982472115,25.18373382866172,0.0,19,4.608545746115863,13.22500614358369
known,80,13,uniform,69.21243255802918,0.0,18.69879315426998,80,20.0,13.22500614358369
known,80,13,estimated_waterfill,87.91122571229916,18.69879315426998,0.0,47,26.32238768284954,13.22500614358369
known,80,13,reserve_20,87.44676236394892,18.234329805919742,0.46446334835023606,51,29.244083319148483,13.22500614358369
known,80,13,latent_oracle,87.91122571229916,18.69879315426998,0.0,47,26.32238768284954,13.22500614358369
noise_05,20,13,uniform,25.882184153810396,0.0,25.18373382866172,80,5.0,13.22500614358369
noise_05,20,13,estimated_waterfill,46.692424606841044,20.810240453030648,4.373493375631071,18,5.093432340346155,13.22500614358369
noise_05,20,13,reserve_20,46.28746686682767,20.405282713017275,4.778451115644444,18,7.219333916019471,13.22500614358369
noise_05,20,13,latent_oracle,51.065917982472115,25.18373382866172,0.0,19,4.608545746115863,13.22500614358369
noise_05,80,13,uniform,69.21243255802918,0.0,18.69879315426998,80,20.0,13.22500614358369
noise_05,80,13,estimated_waterfill,81.79946283695861,12.587030278929433,6.1117628753405455,54,23.959806785087068,13.22500614358369
noise_05,80,13,reserve_20,81.25311396462021,12.040681406591034,6.658111747678944,56,26.76749145103097,13.22500614358369
noise_05,80,13,latent_oracle,87.91122571229916,18.69879315426998,0.0,47,26.32238768284954,13.22500614358369
noise_10,20,13,uniform,25.882184153810396,0.0,25.18373382866172,80,5.0,13.22500614358369
noise_10,20,13,estimated_waterfill,42.9019632893838,17.019779135573405,8.163954693088314,19,6.019262200667768,13.22500614358369
noise_10,20,13,reserve_20,42.89888701548335,17.016702861672957,8.167030966988762,19,8.211216553974257,13.22500614358369
noise_10,20,13,latent_oracle,51.065917982472115,25.18373382866172,0.0,19,4.608545746115863,13.22500614358369
noise_10,80,13,uniform,69.21243255802918,0.0,18.69879315426998,80,20.0,13.22500614358369
noise_10,80,13,estimated_waterfill,69.95679873580707,0.7443661777778914,17.954426976492087,48,18.96218911762103,13.22500614358369
noise_10,80,13,reserve_20,72.98426320529629,3.771830647267109,14.92696250700287,53,24.951799797264496,13.22500614358369
noise_10,80,13,latent_oracle,87.91122571229916,18.69879315426998,0.0,47,26.32238768284954,13.22500614358369
noise_20,20,13,uniform,25.882184153810396,0.0,25.18373382866172,80,5.0,13.22500614358369
noise_20,20,13,estimated_waterfill,32.4566829770728,6.574498823262406,18.609235005399313,17,8.603920186062416,13.22500614358369
noise_20,20,13,reserve_20,30.36599234135235,4.483808187541953,20.699925641119766,16,10.746057311338376,13.22500614358369
noise_20,20,13,latent_oracle,51.065917982472115,25.18373382866172,0.0,19,4.608545746115863,13.22500614358369
noise_20,80,13,uniform,69.21243255802918,0.0,18.69879315426998,80,20.0,13.22500614358369
noise_20,80,13,estimated_waterfill,52.75394013600039,-16.45849242202879,35.15728557629877,34,17.653125421916656,13.22500614358369
noise_20,80,13,reserve_20,59.6226430836451,-9.589789474384077,28.288582628654055,45,27.484785480584254,13.22500614358369
noise_20,80,13,latent_oracle,87.91122571229916,18.69879315426998,0.0,47,26.32238768284954,13.22500614358369
biased_underserved,20,13,uniform,25.882184153810396,0.0,25.18373382866172,80,5.0,13.22500614358369
biased_underserved,20,13,estimated_waterfill,47.90643118620911,22.024247032398716,3.1594867962630033,18,0.0,13.22500614358369
biased_underserved,20,13,reserve_20,48.06509104846626,22.18290689465586,3.0008269340058575,15,4.000000000000001,13.22500614358369
biased_underserved,20,13,latent_oracle,51.065917982472115,25.18373382866172,0.0,19,4.608545746115863,13.22500614358369
biased_underserved,80,13,uniform,69.21243255802918,0.0,18.69879315426998,80,20.0,13.22500614358369
biased_underserved,80,13,estimated_waterfill,76.87846359478992,7.666031036760742,11.032762117509236,43,1.9884071088462416,13.22500614358369
biased_underserved,80,13,reserve_20,82.47364351320154,13.26121095517236,5.437582199097619,58,16.000000000000004,13.22500614358369
biased_underserved,80,13,latent_oracle,87.91122571229916,18.69879315426998,0.0,47,26.32238768284954,13.22500614358369
blindspot_ignored,20,13,uniform,21.767806230245544,0.0,26.138624955963568,80,5.0,36.412175588854424
blindspot_ignored,20,13,estimated_waterfill,44.80108671227159,23.033280482026047,3.105344473937521,19,4.608545746115862,36.412175588854424
blindspot_ignored,20,13,reserve_20,42.566585802685395,20.79877957243985,5.339845383523716,18,6.514670289253843,36.412175588854424
blindspot_ignored,20,13,latent_oracle,47.90643118620911,26.138624955963568,0.0,18,0.0,36.412175588854424
blindspot_ignored,80,13,uniform,57.30678729803644,0.0,16.551256757934866,80,20.0,36.412175588854424
blindspot_ignored,80,13,estimated_waterfill,70.96625343956205,13.659466141525613,2.891790616409253,47,26.322387682849524,36.412175588854424
blindspot_ignored,80,13,reserve_20,70.08729806564057,12.780510767604127,3.770745990330738,51,29.244083319148487,36.412175588854424
blindspot_ignored,80,13,latent_oracle,73.8580440559713,16.551256757934866,0.0,47,6.2670393231252115,36.412175588854424
known,20,14,uniform,22.97567340937411,0.0,23.336950747163883,80,5.0,12.903749999960894
known,20,14,estimated_waterfill,46.31262415653799,23.336950747163883,0.0,19,5.455743731753818,12.903749999960894
known,20,14,reserve_20,43.94385672999998,20.96818332062587,2.368767426538014,18,7.759616361112789,12.903749999960894
known,20,14,latent_oracle,46.31262415653799,23.336950747163883,0.0,19,5.455743731753818,12.903749999960894
known,80,14,uniform,65.54226378207723,0.0,17.891406266971657,80,20.0,12.903749999960894
known,80,14,estimated_waterfill,83.43367004904889,17.891406266971657,0.0,57,16.2158024909452,12.903749999960894
known,80,14,reserve_20,81.88645495104197,16.34419116896474,1.547215098006916,62,22.631749423070083,12.903749999960894
known,80,14,latent_oracle,83.43367004904889,17.891406266971657,0.0,57,16.2158024909452,12.903749999960894
noise_05,20,14,uniform,22.97567340937411,0.0,23.336950747163883,80,5.0,12.903749999960894
noise_05,20,14,estimated_waterfill,41.224246283781184,18.248572874407074,5.0883778727568085,22,5.686219917781793,12.903749999960894
noise_05,20,14,reserve_20,38.60130271554014,15.625629306166033,7.71132144099785,19,8.202172622671725,12.903749999960894
noise_05,20,14,latent_oracle,46.31262415653799,23.336950747163883,0.0,19,5.455743731753818,12.903749999960894
noise_05,80,14,uniform,65.54226378207723,0.0,17.891406266971657,80,20.0,12.903749999960894
noise_05,80,14,estimated_waterfill,78.9586524076801,13.416388625602877,4.47501764136878,49,13.063685658536434,12.903749999960894
noise_05,80,14,reserve_20,78.31671838203826,12.774454599961032,5.116951667010625,57,22.418849733383766,12.903749999960894
noise_05,80,14,latent_oracle,83.43367004904889,17.891406266971657,0.0,57,16.2158024909452,12.903749999960894
noise_10,20,14,uniform,22.97567340937411,0.0,23.336950747163883,80,5.0,12.903749999960894
noise_10,20,14,estimated_waterfill,31.688692812067973,8.713019402693863,14.62393134447002,19,4.119927377313474,12.903749999960894
noise_10,20,14,reserve_20,30.59300485036523,7.617331440991119,15.719619306172763,15,6.935288576543243,12.903749999960894
noise_10,20,14,latent_oracle,46.31262415653799,23.336950747163883,0.0,19,5.455743731753818,12.903749999960894
noise_10,80,14,uniform,65.54226378207723,0.0,17.891406266971657,80,20.0,12.903749999960894
noise_10,80,14,estimated_waterfill,73.58950856972501,8.047244787647784,9.844161479323873,47,12.604469357580648,12.903749999960894
noise_10,80,14,reserve_20,72.44211478247637,6.8998510003991385,10.991555266572519,55,22.807012204589114,12.903749999960894
noise_10,80,14,latent_oracle,83.43367004904889,17.891406266971657,0.0,57,16.2158024909452,12.903749999960894
noise_20,20,14,uniform,22.97567340937411,0.0,23.336950747163883,80,5.0,12.903749999960894
noise_20,20,14,estimated_waterfill,18.427303632027293,-4.548369777346817,27.8853205245107,9,2.481043688078623,12.903749999960894
noise_20,20,14,reserve_20,19.236308812458493,-3.7393645969156175,27.0763153440795,8,5.697134605973366,12.903749999960894
noise_20,20,14,latent_oracle,46.31262415653799,23.336950747163883,0.0,19,5.455743731753818,12.903749999960894
noise_20,80,14,uniform,65.54226378207723,0.0,17.891406266971657,80,20.0,12.903749999960894
noise_20,80,14,estimated_waterfill,47.40909246293513,-18.1331713191421,36.02457758611376,29,8.593770051902041,12.903749999960894
noise_20,80,14,reserve_20,48.700837048260546,-16.841426733816682,34.73283300078834,43,18.13947998801184,12.903749999960894
noise_20,80,14,latent_oracle,83.43367004904889,17.891406266971657,0.0,57,16.2158024909452,12.903749999960894
biased_underserved,20,14,uniform,22.97567340937411,0.0,23.336950747163883,80,5.0,12.903749999960894
biased_underserved,20,14,estimated_waterfill,39.06118740528582,16.08551399591171,7.251436751252172,18,0.0,12.903749999960894
biased_underserved,20,14,reserve_20,39.7159908655901,16.74031745621599,6.596633290947892,14,4.000000000000001,12.903749999960894
biased_underserved,20,14,latent_oracle,46.31262415653799,23.336950747163883,0.0,19,5.455743731753818,12.903749999960894
biased_underserved,80,14,uniform,65.54226378207723,0.0,17.891406266971657,80,20.0,12.903749999960894
biased_underserved,80,14,estimated_waterfill,77.44304690392164,11.900783121844412,5.990623145127245,52,3.027588728539346,12.903749999960894
biased_underserved,80,14,reserve_20,78.01382911534215,12.47156533326492,5.4198409337067375,66,16.13355256586255,12.903749999960894
biased_underserved,80,14,latent_oracle,83.43367004904889,17.891406266971657,0.0,57,16.2158024909452,12.903749999960894
blindspot_ignored,20,14,uniform,18.610403749739863,0.0,20.466957241267483,80,5.0,33.652040971492276
blindspot_ignored,20,14,estimated_waterfill,36.34077257081505,17.730368821075185,2.736588420192298,19,5.455743731753818,33.652040971492276
blindspot_ignored,20,14,reserve_20,33.62444735462831,15.014043604888446,5.452913636379037,18,7.759616361112789,33.652040971492276
blindspot_ignored,20,14,latent_oracle,39.077360991007346,20.466957241267483,0.0,18,0.27749069678309,33.652040971492276
blindspot_ignored,80,14,uniform,53.44524656151792,0.0,16.990325975953084,80,20.0,33.652040971492276
blindspot_ignored,80,14,estimated_waterfill,68.31097363930549,14.865727077787568,2.124598898165516,57,16.215802490945208,33.652040971492276
blindspot_ignored,80,14,reserve_20,66.06277349217576,12.617526930657846,4.372799045295238,62,22.631749423070083,33.652040971492276
blindspot_ignored,80,14,latent_oracle,70.435572537471,16.990325975953084,0.0,52,4.6150386131941,33.652040971492276
known,20,15,uniform,23.21694985140031,0.0,23.01051582796357,80,5.0,13.455599511519644
known,20,15,estimated_waterfill,46.22746567936388,23.01051582796357,0.0,23,4.56854882231717,13.455599511519644
known,20,15,reserve_20,43.43075511615956,20.213805264759248,2.7967105632043214,22,6.807657644835545,13.455599511519644
known,20,15,latent_oracle,46.22746567936388,23.01051582796357,0.0,23,4.56854882231717,13.455599511519644
known,80,15,uniform,66.66910651120912,0.0,20.379667146492295,80,20.0,13.455599511519644
known,80,15,estimated_waterfill,87.04877365770142,20.379667146492295,0.0,48,15.49409083184608,13.455599511519644
known,80,15,reserve_20,84.57268952096084,17.903583009751713,2.4760841367405817,58,23.46191765574121,13.455599511519644
known,80,15,latent_oracle,87.04877365770142,20.379667146492295,0.0,48,15.49409083184608,13.455599511519644
noise_05,20,15,uniform,23.21694985140031,0.0,23.01051582796357,80,5.0,13.455599511519644
noise_05,20,15,estimated_waterfill,39.052868953833325,15.835919102433014,7.174596725530556,21,3.6172530863977572,13.455599511519644
noise_05,20,15,reserve_20,36.363637736893075,13.146687885492764,9.863827942470806,19,6.120028860356259,13.455599511519644
noise_05,20,15,latent_oracle,46.22746567936388,23.01051582796357,0.0,23,4.56854882231717,13.455599511519644
noise_05,80,15,uniform,66.66910651120912,0.0,20.379667146492295,80,20.0,13.455599511519644
noise_05,80,15,estimated_waterfill,81.02319528292183,14.35408877171271,6.025578374779585,48,11.174381614058344,13.455599511519644
noise_05,80,15,reserve_20,78.50867307200656,11.839566560797437,8.540100585694859,56,19.970387222055344,13.455599511519644
noise_05,80,15,latent_oracle,87.04877365770142,20.379667146492295,0.0,48,15.49409083184608,13.455599511519644
noise_10,20,15,uniform,23.21694985140031,0.0,23.01051582796357,80,5.0,13.455599511519644
noise_10,20,15,estimated_waterfill,29.19597751790665,5.979027666506337,17.031488161457233,15,2.2122271081397744,13.455599511519644
noise_10,20,15,reserve_20,28.058007378081754,4.841057526681443,18.169458301282127,13,5.082494202417305,13.455599511519644
noise_10,20,15,latent_oracle,46.22746567936388,23.01051582796357,0.0,23,4.56854882231717,13.455599511519644
noise_10,80,15,uniform,66.66910651120912,0.0,20.379667146492295,80,20.0,13.455599511519644
noise_10,80,15,estimated_waterfill,64.60327985469178,-2.065826656517345,22.44549380300964,41,9.511048572176193,13.455599511519644
noise_10,80,15,reserve_20,61.520551392818675,-5.148555118390448,25.528222264882743,51,18.642672136309553,13.455599511519644
noise_10,80,15,latent_oracle,87.04877365770142,20.379667146492295,0.0,48,15.49409083184608,13.455599511519644
noise_20,20,15,uniform,23.21694985140031,0.0,23.01051582796357,80,5.0,13.455599511519644
noise_20,20,15,estimated_waterfill,16.110861645327507,-7.106088206072805,30.116604034036374,9,0.6384873207918776,13.455599511519644
noise_20,20,15,reserve_20,18.87999014774767,-4.336959703652642,27.34747553161621,7,4.155375085184749,13.455599511519644
noise_20,20,15,latent_oracle,46.22746567936388,23.01051582796357,0.0,23,4.56854882231717,13.455599511519644
noise_20,80,15,uniform,66.66910651120912,0.0,20.379667146492295,80,20.0,13.455599511519644
noise_20,80,15,estimated_waterfill,37.483873822675754,-29.185232688533368,49.56489983502566,24,4.240461898709494,13.455599511519644
noise_20,80,15,reserve_20,42.87167177208042,-23.797434739128704,44.177101885621,36,16.173834398823875,13.455599511519644
noise_20,80,15,latent_oracle,87.04877365770142,20.379667146492295,0.0,48,15.49409083184608,13.455599511519644
biased_underserved,20,15,uniform,23.21694985140031,0.0,23.01051582796357,80,5.0,13.455599511519644
biased_underserved,20,15,estimated_waterfill,38.99220151160059,15.77525166020028,7.23526416776329,21,0.0,13.455599511519644
biased_underserved,20,15,reserve_20,39.7063350216113,16.48938517021099,6.521130657752579,18,4.000000000000001,13.455599511519644
biased_underserved,20,15,latent_oracle,46.22746567936388,23.01051582796357,0.0,23,4.56854882231717,13.455599511519644
biased_underserved,80,15,uniform,66.66910651120912,0.0,20.379667146492295,80,20.0,13.455599511519644
biased_underserved,80,15,estimated_waterfill,80.42963857788871,13.760532066679588,6.6191350798127075,45,2.4736654072443844,13.455599511519644
biased_underserved,80,15,reserve_20,81.91306945406025,15.243962942851127,5.135704203641168,60,16.28656250860027,13.455599511519644
biased_underserved,80,15,latent_oracle,87.04877365770142,20.379667146492295,0.0,48,15.49409083184608,13.455599511519644
blindspot_ignored,20,15,uniform,18.2523922743602,0.0,21.0173638753346,80,5.0,34.84466083720962
blindspot_ignored,20,15,estimated_waterfill,36.50354511995489,18.251152845594692,2.7662110297399067,23,4.568548822317169,34.84466083720962
blindspot_ignored,20,15,reserve_20,33.59985313820728,15.347460863847079,5.66990301148752,22,6.807657644835545,34.84466083720962
blindspot_ignored,20,15,latent_oracle,39.2697561496948,21.0173638753346,0.0,22,0.6757445566019549,34.84466083720962
blindspot_ignored,80,15,uniform,53.654165760039284,0.0,19.816090267855948,80,20.0,34.84466083720962
blindspot_ignored,80,15,estimated_waterfill,71.31702405899951,17.662858298960224,2.1532319688957244,48,15.494090831846076,34.84466083720962
blindspot_ignored,80,15,reserve_20,68.19016659338105,14.536000833341767,5.280089434514181,58,23.461917655741207,34.84466083720962
blindspot_ignored,80,15,latent_oracle,73.47025602789523,19.816090267855948,0.0,48,3.678109049179376,34.84466083720962
known,20,16,uniform,23.738531237567777,0.0,30.383306489419546,80,5.0,12.693924417473331
known,20,16,estimated_waterfill,54.12183772698732,30.383306489419546,0.0,20,5.7068985938625465,12.693924417473331
known,20,16,reserve_20,52.40527645858253,28.66674522101475,1.7165612684047957,16,7.857016295635327,12.693924417473331
known,20,16,latent_oracle,54.12183772698732,30.383306489419546,0.0,20,5.7068985938625465,12.693924417473331
known,80,16,uniform,67.82326117969087,0.0,19.862790488832502,80,20.0,12.693924417473331
known,80,16,estimated_waterfill,87.68605166852338,19.862790488832502,0.0,52,21.76473804428859,12.693924417473331
known,80,16,reserve_20,87.02070192235949,19.19744074266862,0.6653497461638835,58,25.839176762501637,12.693924417473331
known,80,16,latent_oracle,87.68605166852338,19.862790488832502,0.0,52,21.76473804428859,12.693924417473331
noise_05,20,16,uniform,23.738531237567777,0.0,30.383306489419546,80,5.0,12.693924417473331
noise_05,20,16,estimated_waterfill,47.220905568854555,23.482374331286778,6.900932158132768,18,6.457238731840899,12.693924417473331
noise_05,20,16,reserve_20,46.08190818781647,22.34337695024869,8.039929539170856,15,8.871914255065418,12.693924417473331
noise_05,20,16,latent_oracle,54.12183772698732,30.383306489419546,0.0,20,5.7068985938625465,12.693924417473331
noise_05,80,16,uniform,67.82326117969087,0.0,19.862790488832502,80,20.0,12.693924417473331
noise_05,80,16,estimated_waterfill,82.17936799252588,14.356106812835009,5.506683675997493,55,24.5298973930182,12.693924417473331
noise_05,80,16,reserve_20,81.53641402062347,13.713152840932594,6.149637647899908,58,28.08886898862526,12.693924417473331
noise_05,80,16,latent_oracle,87.68605166852338,19.862790488832502,0.0,52,21.76473804428859,12.693924417473331
noise_10,20,16,uniform,23.738531237567777,0.0,30.383306489419546,80,5.0,12.693924417473331
noise_10,20,16,estimated_waterfill,36.777386463236304,13.038855225668527,17.34445126375102,19,8.441239680324426,12.693924417473331
noise_10,20,16,reserve_20,36.95505247480439,13.216521237236613,17.166785252182933,15,10.188295024769172,12.693924417473331
noise_10,20,16,latent_oracle,54.12183772698732,30.383306489419546,0.0,20,5.7068985938625465,12.693924417473331
noise_10,80,16,uniform,67.82326117969087,0.0,19.862790488832502,80,20.0,12.693924417473331
noise_10,80,16,estimated_waterfill,66.85914860426936,-0.9641125754215096,20.82690306425401,44,25.891034789708847,12.693924417473331
noise_10,80,16,reserve_20,66.83121606094372,-0.9920451187471571,20.85483560757966,47,30.428025226301596,12.693924417473331
noise_10,80,16,latent_oracle,87.68605166852338,19.862790488832502,0.0,52,21.76473804428859,12.693924417473331
noise_20,20,16,uniform,23.738531237567777,0.0,30.383306489419546,80,5.0,12.693924417473331
noise_20,20,16,estimated_waterfill,22.65525659877861,-1.0832746387891667,31.466581128208713,12,10.089655949422243,12.693924417473331
noise_20,20,16,reserve_20,23.786022343552336,0.04749110598455886,30.335815383434987,11,11.54097059077333,12.693924417473331
noise_20,20,16,latent_oracle,54.12183772698732,30.383306489419546,0.0,20,5.7068985938625465,12.693924417473331
noise_20,80,16,uniform,67.82326117969087,0.0,19.862790488832502,80,20.0,12.693924417473331
noise_20,80,16,estimated_waterfill,39.097352399846116,-28.725908779844758,48.58869926867726,25,34.1849862285524,12.693924417473331
noise_20,80,16,reserve_20,44.13162914500117,-23.691632034689704,43.554422523522206,38,40.971515392666916,12.693924417473331
noise_20,80,16,latent_oracle,87.68605166852338,19.862790488832502,0.0,52,21.76473804428859,12.693924417473331
biased_underserved,20,16,uniform,23.738531237567777,0.0,30.383306489419546,80,5.0,12.693924417473331
biased_underserved,20,16,estimated_waterfill,46.01666067561914,22.278129438051366,8.10517705136818,23,0.0,12.693924417473331
biased_underserved,20,16,reserve_20,47.54334473601923,23.804813498451452,6.578492990968094,15,4.000000000000001,12.693924417473331
biased_underserved,20,16,latent_oracle,54.12183772698732,30.383306489419546,0.0,20,5.7068985938625465,12.693924417473331
biased_underserved,80,16,uniform,67.82326117969087,0.0,19.862790488832502,80,20.0,12.693924417473331
biased_underserved,80,16,estimated_waterfill,80.82889674717288,13.005635567482003,6.857154921350499,52,4.037599672680577,12.693924417473331
biased_underserved,80,16,reserve_20,84.49113242159078,16.667871241899903,3.1949192469325993,64,17.231006007886055,12.693924417473331
biased_underserved,80,16,latent_oracle,87.68605166852338,19.862790488832502,0.0,52,21.76473804428859,12.693924417473331
blindspot_ignored,20,16,uniform,18.805837685483624,0.0,27.527983114321422,80,5.0,35.45600343358664
blindspot_ignored,20,16,estimated_waterfill,43.577712201416745,24.77187451593312,2.756108598388302,20,5.7068985938625465,35.45600343358664
blindspot_ignored,20,16,reserve_20,41.30171147204006,22.495873786556437,5.032109327764985,16,7.857016295635327,35.45600343358664
blindspot_ignored,20,16,latent_oracle,46.333820799805046,27.527983114321422,0.0,20,0.7097312349657647,35.45600343358664
blindspot_ignored,80,16,uniform,54.033159728752025,0.0,18.507609392655112,80,20.0,35.45600343358664
blindspot_ignored,80,16,estimated_waterfill,70.21343074645486,16.180271017702836,2.3273383749522765,52,21.76473804428859,35.45600343358664
blindspot_ignored,80,16,reserve_20,69.05073068947723,15.017570960725209,3.4900384319299036,58,25.839176762501637,35.45600343358664
blindspot_ignored,80,16,latent_oracle,72.54076912140714,18.507609392655112,0.0,54,5.86904507717461,35.45600343358664
known,20,17,uniform,28.310005265647394,0.0,34.81927420613532,80,5.0,16.060681916821718
known,20,17,estimated_waterfill,63.12927947178271,34.81927420613532,0.0,19,2.669935861143881,16.060681916821718
known,20,17,reserve_20,60.81413988388624,32.50413461823885,2.315139587896468,16,5.6023735799373044,16.060681916821718
known,20,17,latent_oracle,63.12927947178271,34.81927420613532,0.0,19,2.669935861143881,16.060681916821718
known,80,17,uniform,80.84005113219442,0.0,23.82353946461528,80,20.0,16.060681916821718
known,80,17,estimated_waterfill,104.6635905968097,23.82353946461528,0.0,54,17.135798026442902,16.060681916821718
known,80,17,reserve_20,103.71723526684521,22.87718413465079,0.94635532996449,58,21.4152069087908,16.060681916821718
known,80,17,latent_oracle,104.6635905968097,23.82353946461528,0.0,54,17.135798026442902,16.060681916821718
noise_05,20,17,uniform,28.310005265647394,0.0,34.81927420613532,80,5.0,16.060681916821718
noise_05,20,17,estimated_waterfill,56.96536150037398,28.655356234726586,6.163917971408729,20,2.0100869496039846,16.060681916821718
noise_05,20,17,reserve_20,54.46598961960511,26.155984353957717,8.663289852177599,18,4.7349471244874906,16.060681916821718
noise_05,20,17,latent_oracle,63.12927947178271,34.81927420613532,0.0,19,2.669935861143881,16.060681916821718
noise_05,80,17,uniform,80.84005113219442,0.0,23.82353946461528,80,20.0,16.060681916821718
noise_05,80,17,estimated_waterfill,99.14871732069591,18.30866618850149,5.514873276113789,52,14.721153230553364,16.060681916821718
noise_05,80,17,reserve_20,98.53143095196197,17.691379819767548,6.132159644847732,57,19.519370702100236,16.060681916821718
noise_05,80,17,latent_oracle,104.6635905968097,23.82353946461528,0.0,54,17.135798026442902,16.060681916821718
noise_10,20,17,uniform,28.310005265647394,0.0,34.81927420613532,80,5.0,16.060681916821718
noise_10,20,17,estimated_waterfill,47.24763448052126,18.93762921487387,15.881644991261446,16,1.6657904835568573,16.060681916821718
noise_10,20,17,reserve_20,45.11195971479852,16.80195444915113,18.017319756984186,15,4.3580989713136224,16.060681916821718
noise_10,20,17,latent_oracle,63.12927947178271,34.81927420613532,0.0,19,2.669935861143881,16.060681916821718
noise_10,80,17,uniform,80.84005113219442,0.0,23.82353946461528,80,20.0,16.060681916821718
noise_10,80,17,estimated_waterfill,85.91780756256328,5.077756430368865,18.745783034246415,45,13.890170602123847,16.060681916821718
noise_10,80,17,reserve_20,86.64929798409835,5.809246851903936,18.014292612711344,52,19.236966142906464,16.060681916821718
noise_10,80,17,latent_oracle,104.6635905968097,23.82353946461528,0.0,54,17.135798026442902,16.060681916821718
noise_20,20,17,uniform,28.310005265647394,0.0,34.81927420613532,80,5.0,16.060681916821718
noise_20,20,17,estimated_waterfill,23.506046564590942,-4.803958701056452,39.62323290719176,9,0.9472389291291989,16.060681916821718
noise_20,20,17,reserve_20,24.985183326198353,-3.3248219394490413,38.144096145584356,8,4.160426183887015,16.060681916821718
noise_20,20,17,latent_oracle,63.12927947178271,34.81927420613532,0.0,19,2.669935861143881,16.060681916821718
noise_20,80,17,uniform,80.84005113219442,0.0,23.82353946461528,80,20.0,16.060681916821718
noise_20,80,17,estimated_waterfill,58.85178064153795,-21.98827049065647,45.81180995527175,25,4.80921884649221,16.060681916821718
noise_20,80,17,reserve_20,63.819823751574795,-17.020227380619623,40.8437668452349,40,16.985830070725772,16.060681916821718
noise_20,80,17,latent_oracle,104.6635905968097,23.82353946461528,0.0,54,17.135798026442902,16.060681916821718
biased_underserved,20,17,uniform,28.310005265647394,0.0,34.81927420613532,80,5.0,16.060681916821718
biased_underserved,20,17,estimated_waterfill,59.38848315182231,31.078477886174912,3.7407963199604026,20,0.0,16.060681916821718
biased_underserved,20,17,reserve_20,58.48097908215175,30.170973816504354,4.648300389630961,16,4.000000000000001,16.060681916821718
biased_underserved,20,17,latent_oracle,63.12927947178271,34.81927420613532,0.0,19,2.669935861143881,16.060681916821718
biased_underserved,80,17,uniform,80.84005113219442,0.0,23.82353946461528,80,20.0,16.060681916821718
biased_underserved,80,17,estimated_waterfill,99.38983686260755,18.549785730413134,5.273753734202145,44,1.5468014028189367,16.060681916821718
biased_underserved,80,17,reserve_20,101.5774752681672,20.737424135972788,3.0861153286424923,60,16.14235019767561,16.060681916821718
biased_underserved,80,17,latent_oracle,104.6635905968097,23.82353946461528,0.0,54,17.135798026442902,16.060681916821718
blindspot_ignored,20,17,uniform,24.53511625537543,0.0,34.87381272289012,80,5.0,36.92459395128144
blindspot_ignored,20,17,estimated_waterfill,57.75636221558345,33.22124596020802,1.6525667626821061,19,2.669935861143881,36.92459395128144
blindspot_ignored,20,17,reserve_20,54.198939538990395,29.663823283614963,5.209989439275162,16,5.6023735799373044,36.92459395128144
blindspot_ignored,20,17,latent_oracle,59.40892897826556,34.87381272289012,0.0,20,0.19935408079519043,36.92459395128144
blindspot_ignored,80,17,uniform,69.80094155992663,0.0,25.52729712979803,80,20.0,36.92459395128144
blindspot_ignored,80,17,estimated_waterfill,92.07709766109198,22.276156101165355,3.2511410286326736,54,17.1357980264429,36.92459395128144
blindspot_ignored,80,17,reserve_20,90.42934648594691,20.62840492602028,4.8988922037777485,58,21.4152069087908,36.92459395128144
blindspot_ignored,80,17,latent_oracle,95.32823868972466,25.52729712979803,0.0,44,2.155805779008794,36.92459395128144
known,20,18,uniform,19.315544268233293,0.0,23.211514316567186,80,5.0,11.596546107933465
known,20,18,estimated_waterfill,42.52705858480048,23.211514316567186,0.0,18,4.442383407596839,11.596546107933465
known,20,18,reserve_20,39.99186296263886,20.67631869440557,2.5351956221616163,15,7.420595661581785,11.596546107933465
known,20,18,latent_oracle,42.52705858480048,23.211514316567186,0.0,18,4.442383407596839,11.596546107933465
known,80,18,uniform,56.868846521436105,0.0,18.413617372245803,80,20.0,11.596546107933465
known,80,18,estimated_waterfill,75.2824638936819,18.413617372245803,0.0,51,17.429960881565513,11.596546107933465
known,80,18,reserve_20,74.40328262510572,17.534436103669613,0.8791812685761897,57,23.419976385604045,11.596546107933465
known,80,18,latent_oracle,75.2824638936819,18.413617372245803,0.0,51,17.429960881565513,11.596546107933465
noise_05,20,18,uniform,19.315544268233293,0.0,23.211514316567186,80,5.0,11.596546107933465
noise_05,20,18,estimated_waterfill,37.68244279408765,18.366898525854356,4.8446157907128296,21,2.1392285818214822,11.596546107933465
noise_05,20,18,reserve_20,36.03377301979968,16.71822875156639,6.493285565000797,19,5.421540854363876,11.596546107933465
noise_05,20,18,latent_oracle,42.52705858480048,23.211514316567186,0.0,18,4.442383407596839,11.596546107933465
noise_05,80,18,uniform,56.868846521436105,0.0,18.413617372245803,80,20.0,11.596546107933465
noise_05,80,18,estimated_waterfill,71.54570137492097,14.676854853484862,3.7367625187609406,51,18.723262145582886,11.596546107933465
noise_05,80,18,reserve_20,71.27031917997118,14.401472658535077,4.012144713710725,56,23.656929915648256,11.596546107933465
noise_05,80,18,latent_oracle,75.2824638936819,18.413617372245803,0.0,51,17.429960881565513,11.596546107933465
noise_10,20,18,uniform,19.315544268233293,0.0,23.211514316567186,80,5.0,11.596546107933465
noise_10,20,18,estimated_waterfill,30.99173626402885,11.676191995795559,11.535322320771627,22,3.559674785833243,11.596546107933465
noise_10,20,18,reserve_20,30.188469479129235,10.872925210895943,12.338589105671243,21,5.952855236660885,11.596546107933465
noise_10,20,18,latent_oracle,42.52705858480048,23.211514316567186,0.0,18,4.442383407596839,11.596546107933465
noise_10,80,18,uniform,56.868846521436105,0.0,18.413617372245803,80,20.0,11.596546107933465
noise_10,80,18,estimated_waterfill,60.36678370605969,3.497937184623588,14.915680187622215,51,19.80710017241741,11.596546107933465
noise_10,80,18,reserve_20,62.504595062323254,5.63574854088715,12.777868831358653,56,24.849898592576057,11.596546107933465
noise_10,80,18,latent_oracle,75.2824638936819,18.413617372245803,0.0,51,17.429960881565513,11.596546107933465
noise_20,20,18,uniform,19.315544268233293,0.0,23.211514316567186,80,5.0,11.596546107933465
noise_20,20,18,estimated_waterfill,20.94169740888788,1.626153140654587,21.5853611759126,19,4.528675053663413,11.596546107933465
noise_20,20,18,reserve_20,20.22827439206216,0.9127301238288688,22.298784192738317,16,6.704339314551413,11.596546107933465
noise_20,20,18,latent_oracle,42.52705858480048,23.211514316567186,0.0,18,4.442383407596839,11.596546107933465
noise_20,80,18,uniform,56.868846521436105,0.0,18.413617372245803,80,20.0,11.596546107933465
noise_20,80,18,estimated_waterfill,44.453742414521194,-12.41510410691491,30.828721479160713,42,22.491889358652248,11.596546107933465
noise_20,80,18,reserve_20,48.81920111972671,-8.049645401709391,26.463262773955194,48,29.35391842187114,11.596546107933465
noise_20,80,18,latent_oracle,75.2824638936819,18.413617372245803,0.0,51,17.429960881565513,11.596546107933465
biased_underserved,20,18,uniform,19.315544268233293,0.0,23.211514316567186,80,5.0,11.596546107933465
biased_underserved,20,18,estimated_waterfill,36.63343293003653,17.317888661803234,5.893625654763952,18,0.0,11.596546107933465
biased_underserved,20,18,reserve_20,36.397816721995966,17.082272453762673,6.129241862804513,15,4.000000000000001,11.596546107933465
biased_underserved,20,18,latent_oracle,42.52705858480048,23.211514316567186,0.0,18,4.442383407596839,11.596546107933465
biased_underserved,80,18,uniform,56.868846521436105,0.0,18.413617372245803,80,20.0,11.596546107933465
biased_underserved,80,18,estimated_waterfill,71.71186511262927,14.843018591193164,3.570598781052638,47,3.751628479525719,11.596546107933465
biased_underserved,80,18,reserve_20,71.03706038039806,14.168213858961956,4.245403513283847,59,16.23737718823341,11.596546107933465
biased_underserved,80,18,latent_oracle,75.2824638936819,18.413617372245803,0.0,51,17.429960881565513,11.596546107933465
blindspot_ignored,20,18,uniform,15.864922325336904,0.0,20.785643250146364,80,5.0,31.68237521667697
blindspot_ignored,20,18,estimated_waterfill,34.58200950104596,18.717087175709054,2.0685560744373106,18,4.442383407596839,31.68237521667697
blindspot_ignored,20,18,reserve_20,31.404197679508393,15.539275354171489,5.246367895974878,15,7.420595661581785,31.68237521667697
blindspot_ignored,20,18,latent_oracle,36.65056557548327,20.785643250146364,0.0,18,0.22326136755942802,31.68237521667697
blindspot_ignored,80,18,uniform,46.45052113519255,0.0,17.995602506371874,80,20.0,31.68237521667697
blindspot_ignored,80,18,estimated_waterfill,62.379977806493116,15.929456671300564,2.0661458350713104,51,17.42996088156551,31.68237521667697
blindspot_ignored,80,18,reserve_20,60.68018603759893,14.229664902406377,3.7659376039654973,57,23.419976385604045,31.68237521667697
blindspot_ignored,80,18,latent_oracle,64.44612364156443,17.995602506371874,0.0,47,4.412125205756576,31.68237521667697
known,20,19,uniform,28.94650224208875,0.0,29.214046203815737,80,5.0,15.722415014546234
known,20,19,estimated_waterfill,58.16054844590449,29.214046203815737,0.0,18,7.828318840767848,15.722415014546234
known,20,19,reserve_20,56.71141837821445,27.764916136125695,1.4491300676900423,16,9.985235635451994,15.722415014546234
known,20,19,latent_oracle,58.16054844590449,29.214046203815737,0.0,18,7.828318840767848,15.722415014546234
known,80,19,uniform,78.98974912239012,0.0,21.77381461829576,80,20.0,15.722415014546234
known,80,19,estimated_waterfill,100.76356374068588,21.77381461829576,0.0,51,22.81850391753614,15.722415014546234
known,80,19,reserve_20,99.57818084504686,20.588431722656736,1.185382895639023,56,26.828833567862866,15.722415014546234
known,80,19,latent_oracle,100.76356374068588,21.77381461829576,0.0,51,22.81850391753614,15.722415014546234
noise_05,20,19,uniform,28.94650224208875,0.0,29.214046203815737,80,5.0,15.722415014546234
noise_05,20,19,estimated_waterfill,53.740337836928,24.793835594839248,4.42021060897649,20,6.860949552138076,15.722415014546234
noise_05,20,19,reserve_20,52.714100111284736,23.767597869195985,5.4464483346197525,17,8.60252664101104,15.722415014546234
noise_05,20,19,latent_oracle,58.16054844590449,29.214046203815737,0.0,18,7.828318840767848,15.722415014546234
noise_05,80,19,uniform,78.98974912239012,0.0,21.77381461829576,80,20.0,15.722415014546234
noise_05,80,19,estimated_waterfill,93.01289927586524,14.023150153475115,7.750664464820645,45,27.354353580002925,15.722415014546234
noise_05,80,19,reserve_20,91.64798737171252,12.658238249322395,9.115576368973365,49,30.90952694375513,15.722415014546234
noise_05,80,19,latent_oracle,100.76356374068588,21.77381461829576,0.0,51,22.81850391753614,15.722415014546234
noise_10,20,19,uniform,28.94650224208875,0.0,29.214046203815737,80,5.0,15.722415014546234
noise_10,20,19,estimated_waterfill,36.94246937642294,7.99596713433419,21.218079069481547,14,4.136448620358551,15.722415014546234
noise_10,20,19,reserve_20,35.18997424455495,6.243472002466202,22.970574201349535,13,6.009544975092964,15.722415014546234
noise_10,20,19,latent_oracle,58.16054844590449,29.214046203815737,0.0,18,7.828318840767848,15.722415014546234
noise_10,80,19,uniform,78.98974912239012,0.0,21.77381461829576,80,20.0,15.722415014546234
noise_10,80,19,estimated_waterfill,78.60174434342579,-0.38800477896432994,22.16181939726009,35,25.3485530755223,15.722415014546234
noise_10,80,19,reserve_20,79.62873166824228,0.6389825458521585,21.1348320724436,42,29.656029097751567,15.722415014546234
noise_10,80,19,latent_oracle,100.76356374068588,21.77381461829576,0.0,51,22.81850391753614,15.722415014546234
noise_20,20,19,uniform,28.94650224208875,0.0,29.214046203815737,80,5.0,15.722415014546234
noise_20,20,19,estimated_waterfill,8.786429174577307,-20.160073067511444,49.37411927132718,5,1.7670692797207415,15.722415014546234
noise_20,20,19,reserve_20,16.328006402066077,-12.618495840022675,41.832542043838416,4,4.917582401166571,15.722415014546234
noise_20,20,19,latent_oracle,58.16054844590449,29.214046203815737,0.0,18,7.828318840767848,15.722415014546234
noise_20,80,19,uniform,78.98974912239012,0.0,21.77381461829576,80,20.0,15.722415014546234
noise_20,80,19,estimated_waterfill,31.55900988075038,-47.43073924163974,69.2045538599355,16,9.061913571780657,15.722415014546234
noise_20,80,19,reserve_20,47.064773702595666,-31.924975419794457,53.698790038090216,29,19.8883254594956,15.722415014546234
noise_20,80,19,latent_oracle,100.76356374068588,21.77381461829576,0.0,51,22.81850391753614,15.722415014546234
biased_underserved,20,19,uniform,28.94650224208875,0.0,29.214046203815737,80,5.0,15.722415014546234
biased_underserved,20,19,estimated_waterfill,49.775115146930354,20.828612904841602,8.385433298974135,22,1.4776947749425855,15.722415014546234
biased_underserved,20,19,reserve_20,50.59605334026178,21.64955109817303,7.564495105642706,19,5.175411783690523,15.722415014546234
biased_underserved,20,19,latent_oracle,58.16054844590449,29.214046203815737,0.0,18,7.828318840767848,15.722415014546234
biased_underserved,80,19,uniform,78.98974912239012,0.0,21.77381461829576,80,20.0,15.722415014546234
biased_underserved,80,19,estimated_waterfill,91.90955778731127,12.919808664921149,8.85400595337461,44,5.328575243934124,15.722415014546234
biased_underserved,80,19,reserve_20,94.57695148682895,15.587202364438824,6.186612253856936,56,18.100659368753426,15.722415014546234
biased_underserved,80,19,latent_oracle,100.76356374068588,21.77381461829576,0.0,51,22.81850391753614,15.722415014546234
blindspot_ignored,20,19,uniform,17.708956760037587,0.0,16.415262847309464,80,5.0,58.51705258892516
blindspot_ignored,20,19,estimated_waterfill,30.574018733411506,12.865061973373919,3.5502008739355446,18,7.828318840767848,58.51705258892516
blindspot_ignored,20,19,reserve_20,28.20220824675653,10.493251486718943,5.9220113605905205,16,9.985235635451994,58.51705258892516
blindspot_ignored,20,19,latent_oracle,34.12421960734705,16.415262847309464,0.0,23,1.6598894946235403,58.51705258892516
blindspot_ignored,80,19,uniform,50.99032515369441,0.0,17.260914587376142,80,20.0,58.51705258892516
blindspot_ignored,80,19,estimated_waterfill,64.76999698623237,13.779671832537964,3.4812427548381777,51,22.81850391753614,58.51705258892516
blindspot_ignored,80,19,reserve_20,63.08841962551432,12.098094471819913,5.162820115556229,56,26.828833567862866,58.51705258892516
blindspot_ignored,80,19,latent_oracle,68.25123974107055,17.260914587376142,0.0,46,6.110146288114032,58.51705258892516
known,20,20,uniform,21.224484952940983,0.0,27.71792032235195,80,5.0,12.443701702878437
known,20,20,estimated_waterfill,48.942405275292934,27.71792032235195,0.0,20,1.3155696424151162,12.443701702878437
known,20,20,reserve_20,46.01702419832955,24.792539245388568,2.925381076963383,17,4.531830526857316,12.443701702878437
known,20,20,latent_oracle,48.942405275292934,27.71792032235195,0.0,20,1.3155696424151162,12.443701702878437
known,80,20,uniform,61.30191335779991,0.0,20.55938844797675,80,20.0,12.443701702878437
known,80,20,estimated_waterfill,81.86130180577666,20.55938844797675,0.0,53,13.517893832867067,12.443701702878437
known,80,20,reserve_20,80.82088364941364,19.518970291613734,1.0404181563630175,59,19.866100256876994,12.443701702878437
known,80,20,latent_oracle,81.86130180577666,20.55938844797675,0.0,53,13.517893832867067,12.443701702878437
noise_05,20,20,uniform,21.224484952940983,0.0,27.71792032235195,80,5.0,12.443701702878437
noise_05,20,20,estimated_waterfill,46.50251524308569,25.278030290144706,2.439890032207245,22,1.0195124339715314,12.443701702878437
noise_05,20,20,reserve_20,43.39671970570394,22.172234752762954,5.545685569588997,18,4.0649156387777925,12.443701702878437
noise_05,20,20,latent_oracle,48.942405275292934,27.71792032235195,0.0,20,1.3155696424151162,12.443701702878437
noise_05,80,20,uniform,61.30191335779991,0.0,20.55938844797675,80,20.0,12.443701702878437
noise_05,80,20,estimated_waterfill,79.02811923098989,17.726205873189976,2.8331825747867754,49,12.175849378279104,12.443701702878437
noise_05,80,20,reserve_20,78.40509121827662,17.103177860476713,3.4562105875000384,58,19.020347174538117,12.443701702878437
noise_05,80,20,latent_oracle,81.86130180577666,20.55938844797675,0.0,53,13.517893832867067,12.443701702878437
noise_10,20,20,uniform,21.224484952940983,0.0,27.71792032235195,80,5.0,12.443701702878437
noise_10,20,20,estimated_waterfill,31.58182707881968,10.357342125878695,17.360578196473256,23,1.785938153061505,12.443701702878437
noise_10,20,20,reserve_20,30.66639892280454,9.441913969863556,18.276006352488395,19,4.349634200163301,12.443701702878437
noise_10,20,20,latent_oracle,48.942405275292934,27.71792032235195,0.0,20,1.3155696424151162,12.443701702878437
noise_10,80,20,uniform,61.30191335779991,0.0,20.55938844797675,80,20.0,12.443701702878437
noise_10,80,20,estimated_waterfill,72.85987469967957,11.557961341879654,9.001427106097097,48,12.01022126525488,12.443701702878437
noise_10,80,20,reserve_20,70.74593328913298,9.444019931333067,11.115368516643684,56,19.453092337301225,12.443701702878437
noise_10,80,20,latent_oracle,81.86130180577666,20.55938844797675,0.0,53,13.517893832867067,12.443701702878437
noise_20,20,20,uniform,21.224484952940983,0.0,27.71792032235195,80,5.0,12.443701702878437
noise_20,20,20,estimated_waterfill,22.105629870164666,0.8811449172236827,26.836775405128268,17,3.2072307105382984,12.443701702878437
noise_20,20,20,reserve_20,21.914637713808425,0.6901527608674414,27.02776756148451,16,5.778534593565507,12.443701702878437
noise_20,20,20,latent_oracle,48.942405275292934,27.71792032235195,0.0,20,1.3155696424151162,12.443701702878437
noise_20,80,20,uniform,61.30191335779991,0.0,20.55938844797675,80,20.0,12.443701702878437
noise_20,80,20,estimated_waterfill,41.27443146021693,-20.02748189758298,40.58687034555973,31,8.120636473467442,12.443701702878437
noise_20,80,20,reserve_20,43.162952069878955,-18.138961287920957,38.69834973589771,44,19.067548582891085,12.443701702878437
noise_20,80,20,latent_oracle,81.86130180577666,20.55938844797675,0.0,53,13.517893832867067,12.443701702878437
biased_underserved,20,20,uniform,21.224484952940983,0.0,27.71792032235195,80,5.0,12.443701702878437
biased_underserved,20,20,estimated_waterfill,48.4322697398902,27.20778478694922,0.5101355354027319,18,0.0,12.443701702878437
biased_underserved,20,20,reserve_20,45.875818142180236,24.651333189239253,3.066587133112698,16,4.000000000000001,12.443701702878437
biased_underserved,20,20,latent_oracle,48.942405275292934,27.71792032235195,0.0,20,1.3155696424151162,12.443701702878437
biased_underserved,80,20,uniform,61.30191335779991,0.0,20.55938844797675,80,20.0,12.443701702878437
biased_underserved,80,20,estimated_waterfill,77.67354495723893,16.37163159943902,4.187756848537731,43,0.0,12.443701702878437
biased_underserved,80,20,reserve_20,79.86771708591122,18.565803728111312,1.9935847198654386,60,16.000000000000004,12.443701702878437
biased_underserved,80,20,latent_oracle,81.86130180577666,20.55938844797675,0.0,53,13.517893832867067,12.443701702878437
blindspot_ignored,20,20,uniform,19.314267461215827,0.0,29.118002278674375,80,5.0,25.821132413620038
blindspot_ignored,20,20,estimated_waterfill,47.44629803897437,28.13203057775854,0.9859717009158331,20,1.3155696424151158,25.821132413620038
blindspot_ignored,20,20,reserve_20,43.82907881580883,24.514811354593,4.603190924081375,17,4.531830526857316,25.821132413620038
blindspot_ignored,20,20,latent_oracle,48.4322697398902,29.118002278674375,0.0,18,0.0,25.821132413620038
blindspot_ignored,80,20,uniform,55.33000971691977,0.0,22.461770516016138,80,20.0,25.821132413620038
blindspot_ignored,80,20,estimated_waterfill,75.82196563383222,20.491955916912453,1.9698145991036853,53,13.517893832867065,25.821132413620038
blindspot_ignored,80,20,reserve_20,74.00712607440397,18.677116357484202,3.7846541585319358,59,19.866100256876997,25.821132413620038
blindspot_ignored,80,20,latent_oracle,77.7917802329359,22.461770516016138,0.0,45,1.393799642552846,25.821132413620038
known,20,21,uniform,32.15850752403468,0.0,36.54903778609643,80,5.0,15.92796002981181
known,20,21,estimated_waterfill,68.70754531013111,36.54903778609643,0.0,21,7.353828475283915,15.92796002981181
known,20,21,reserve_20,66.19434921375371,34.03584168971903,2.513196096377399,15,8.987290025900307,15.92796002981181
known,20,21,latent_oracle,68.70754531013111,36.54903778609643,0.0,21,7.353828475283915,15.92796002981181
known,80,21,uniform,88.14793329209124,0.0,22.060322345501135,80,20.0,15.92796002981181
known,80,21,estimated_waterfill,110.20825563759237,22.060322345501135,0.0,52,22.83666061458965,15.92796002981181
known,80,21,reserve_20,109.54850764734506,21.400574355253823,0.6597479902473111,55,26.957945249802368,15.92796002981181
known,80,21,latent_oracle,110.20825563759237,22.060322345501135,0.0,52,22.83666061458965,15.92796002981181
noise_05,20,21,uniform,32.15850752403468,0.0,36.54903778609643,80,5.0,15.92796002981181
noise_05,20,21,estimated_waterfill,64.52602807134843,32.36752054731375,4.181517238782675,19,4.947124593807497,15.92796002981181
noise_05,20,21,reserve_20,61.77823659391234,29.619729069877657,6.92930871621877,18,7.166443073010231,15.92796002981181
noise_05,20,21,latent_oracle,68.70754531013111,36.54903778609643,0.0,21,7.353828475283915,15.92796002981181
noise_05,80,21,uniform,88.14793329209124,0.0,22.060322345501135,80,20.0,15.92796002981181
noise_05,80,21,estimated_waterfill,105.60962178310065,17.46168849100941,4.598633854491723,52,20.39071736803872,15.92796002981181
noise_05,80,21,reserve_20,105.30429033672092,17.156357044629686,4.903965300871448,57,25.815903260697763,15.92796002981181
noise_05,80,21,latent_oracle,110.20825563759237,22.060322345501135,0.0,52,22.83666061458965,15.92796002981181
noise_10,20,21,uniform,32.15850752403468,0.0,36.54903778609643,80,5.0,15.92796002981181
noise_10,20,21,estimated_waterfill,50.487316340745764,18.32880881671108,18.220228969385346,20,4.636760698124675,15.92796002981181
noise_10,20,21,reserve_20,52.41218298390965,20.25367545987497,16.295362326221458,19,6.874413104701201,15.92796002981181
noise_10,20,21,latent_oracle,68.70754531013111,36.54903778609643,0.0,21,7.353828475283915,15.92796002981181
noise_10,80,21,uniform,88.14793329209124,0.0,22.060322345501135,80,20.0,15.92796002981181
noise_10,80,21,estimated_waterfill,94.83084098961375,6.682907697522509,15.377414647978625,46,17.60547292639791,15.92796002981181
noise_10,80,21,reserve_20,95.83413715702055,7.686203864929311,14.374118480571823,54,24.573838367811415,15.92796002981181
noise_10,80,21,latent_oracle,110.20825563759237,22.060322345501135,0.0,52,22.83666061458965,15.92796002981181
noise_20,20,21,uniform,32.15850752403468,0.0,36.54903778609643,80,5.0,15.92796002981181
noise_20,20,21,estimated_waterfill,35.77279614122144,3.6142886171867588,32.93474916890967,19,6.610410087978822,15.92796002981181
noise_20,20,21,reserve_20,37.296159162724145,5.137651638689462,31.411386147406965,18,8.595305973221397,15.92796002981181
noise_20,20,21,latent_oracle,68.70754531013111,36.54903778609643,0.0,21,7.353828475283915,15.92796002981181
noise_20,80,21,uniform,88.14793329209124,0.0,22.060322345501135,80,20.0,15.92796002981181
noise_20,80,21,estimated_waterfill,63.57015686951839,-24.577776422572846,46.63809876807398,33,21.132281536390852,15.92796002981181
noise_20,80,21,reserve_20,75.01239720624903,-13.135536085842205,35.19585843134334,45,29.623092659744014,15.92796002981181
noise_20,80,21,latent_oracle,110.20825563759237,22.060322345501135,0.0,52,22.83666061458965,15.92796002981181
biased_underserved,20,21,uniform,32.15850752403468,0.0,36.54903778609643,80,5.0,15.92796002981181
biased_underserved,20,21,estimated_waterfill,57.93293045118648,25.774422927151797,10.77461485894463,19,0.8789169246031698,15.92796002981181
biased_underserved,20,21,reserve_20,58.82659510498212,26.668087580947436,9.880950205148991,16,4.483678538491565,15.92796002981181
biased_underserved,20,21,latent_oracle,68.70754531013111,36.54903778609643,0.0,21,7.353828475283915,15.92796002981181
biased_underserved,80,21,uniform,88.14793329209124,0.0,22.060322345501135,80,20.0,15.92796002981181
biased_underserved,80,21,estimated_waterfill,102.40648999598494,14.258556703893703,7.801765641607432,48,6.872732288502879,15.92796002981181
biased_underserved,80,21,reserve_20,105.89328866143609,17.74535536934485,4.314966976156285,60,18.700750292569136,15.92796002981181
biased_underserved,80,21,latent_oracle,110.20825563759237,22.060322345501135,0.0,52,22.83666061458965,15.92796002981181
blindspot_ignored,20,21,uniform,22.728741411497957,0.0,27.527216093808427,80,5.0,53.37727226900293
blindspot_ignored,20,21,estimated_waterfill,46.216603931198065,23.48786251970011,4.039353574108318,21,7.3538284752839145,53.37727226900293
blindspot_ignored,20,21,reserve_20,43.720914840856224,20.992173429358267,6.53504266445016,15,8.98729002590031,53.37727226900293
blindspot_ignored,20,21,latent_oracle,50.255957505306384,27.527216093808427,0.0,20,1.5686094015830696,53.37727226900293
blindspot_ignored,80,21,uniform,63.609177213684134,0.0,18.355414801022164,80,20.0,53.37727226900293
blindspot_ignored,80,21,estimated_waterfill,79.41965026172515,15.810473048041018,2.5449417529811456,52,22.836660614589636,53.37727226900293
blindspot_ignored,80,21,reserve_20,78.05073970678309,14.441562493098957,3.9138523079232073,55,26.95794524980237,53.37727226900293
blindspot_ignored,80,21,latent_oracle,81.9645920147063,18.355414801022164,0.0,51,8.396438504965616,53.37727226900293
known,20,22,uniform,31.003904834402675,0.0,30.061438655180552,80,5.0,14.661495527578838
known,20,22,estimated_waterfill,61.06534348958323,30.061438655180552,0.0,23,4.930855745702379,14.661495527578838
known,20,22,reserve_20,58.933558482789145,27.92965364838647,2.1317850067940824,21,6.643481268995964,14.661495527578838
known,20,22,latent_oracle,61.06534348958323,30.061438655180552,0.0,23,4.930855745702379,14.661495527578838
known,80,22,uniform,83.80733408167696,0.0,18.513036357390504,80,20.0,14.661495527578838
known,80,22,estimated_waterfill,102.32037043906746,18.513036357390504,0.0,56,23.953646337815602,14.661495527578838
known,80,22,reserve_20,101.61021220082509,17.802878119148133,0.7101582382423715,59,26.818454786778958,14.661495527578838
known,80,22,latent_oracle,102.32037043906746,18.513036357390504,0.0,56,23.953646337815602,14.661495527578838
noise_05,20,22,uniform,31.003904834402675,0.0,30.061438655180552,80,5.0,14.661495527578838
noise_05,20,22,estimated_waterfill,55.41666074611878,24.412755911716104,5.648682743464448,20,5.198168418895512,14.661495527578838
noise_05,20,22,reserve_20,54.22033435461705,23.216429520214376,6.845009134966176,19,7.392866003938896,14.661495527578838
noise_05,20,22,latent_oracle,61.06534348958323,30.061438655180552,0.0,23,4.930855745702379,14.661495527578838
noise_05,80,22,uniform,83.80733408167696,0.0,18.513036357390504,80,20.0,14.661495527578838
noise_05,80,22,estimated_waterfill,96.88101369448003,13.073679612803076,5.439356744587428,52,23.28211251291274,14.661495527578838
noise_05,80,22,reserve_20,96.30924445257165,12.501910370894691,6.011125986495813,56,26.65263223643805,14.661495527578838
noise_05,80,22,latent_oracle,102.32037043906746,18.513036357390504,0.0,56,23.953646337815602,14.661495527578838
noise_10,20,22,uniform,31.003904834402675,0.0,30.061438655180552,80,5.0,14.661495527578838
noise_10,20,22,estimated_waterfill,44.60776129499322,13.603856460590542,16.45758219459001,18,5.993404197026988,14.661495527578838
noise_10,20,22,reserve_20,44.48135517965672,13.477450345254042,16.58398830992651,16,8.117290458097438,14.661495527578838
noise_10,20,22,latent_oracle,61.06534348958323,30.061438655180552,0.0,23,4.930855745702379,14.661495527578838
noise_10,80,22,uniform,83.80733408167696,0.0,18.513036357390504,80,20.0,14.661495527578838
noise_10,80,22,estimated_waterfill,83.31658354837583,-0.4907505333011244,19.00378689069163,45,19.33491295327038,14.661495527578838
noise_10,80,22,reserve_20,83.95256869302878,0.14523461135182458,18.36780174603868,50,25.485459357613124,14.661495527578838
noise_10,80,22,latent_oracle,102.32037043906746,18.513036357390504,0.0,56,23.953646337815602,14.661495527578838
noise_20,20,22,uniform,31.003904834402675,0.0,30.061438655180552,80,5.0,14.661495527578838
noise_20,20,22,estimated_waterfill,29.852602381947616,-1.1513024524550595,31.212741107635612,12,6.490031719166679,14.661495527578838
noise_20,20,22,reserve_20,30.24934619654797,-0.7545586378547036,30.815997293035256,11,8.653680922261184,14.661495527578838
noise_20,20,22,latent_oracle,61.06534348958323,30.061438655180552,0.0,23,4.930855745702379,14.661495527578838
noise_20,80,22,uniform,83.80733408167696,0.0,18.513036357390504,80,20.0,14.661495527578838
noise_20,80,22,estimated_waterfill,58.29515364599548,-25.51218043568148,44.02521679307198,25,15.52280395633359,14.661495527578838
noise_20,80,22,reserve_20,61.95440595272419,-21.85292812895277,40.36596448634327,36,25.840520755494865,14.661495527578838
noise_20,80,22,latent_oracle,102.32037043906746,18.513036357390504,0.0,56,23.953646337815602,14.661495527578838
biased_underserved,20,22,uniform,31.003904834402675,0.0,30.061438655180552,80,5.0,14.661495527578838
biased_underserved,20,22,estimated_waterfill,55.351046572787254,24.34714173838458,5.714296916795973,20,0.0,14.661495527578838
biased_underserved,20,22,reserve_20,56.794779327649515,25.79087449324684,4.270564161933713,17,4.000000000000001,14.661495527578838
biased_underserved,20,22,latent_oracle,61.06534348958323,30.061438655180552,0.0,23,4.930855745702379,14.661495527578838
biased_underserved,80,22,uniform,83.80733408167696,0.0,18.513036357390504,80,20.0,14.661495527578838
biased_underserved,80,22,estimated_waterfill,91.90950706897237,8.102172987295418,10.410863370095086,51,3.6300423373167727,14.661495527578838
biased_underserved,80,22,reserve_20,97.52678439022495,13.71945030854799,4.7935860488425135,63,16.052776836429082,14.661495527578838
biased_underserved,80,22,latent_oracle,102.32037043906746,18.513036357390504,0.0,56,23.953646337815602,14.661495527578838
blindspot_ignored,20,22,uniform,25.006611474534044,0.0,30.353357113295527,80,5.0,40.07265786117369
blindspot_ignored,20,22,estimated_waterfill,51.76413072741116,26.757519252877113,3.5958378604184134,23,4.930855745702379,40.07265786117369
blindspot_ignored,20,22,reserve_20,49.218797501207085,24.21218602667304,6.141171086622485,21,6.643481268995964,40.07265786117369
blindspot_ignored,20,22,latent_oracle,55.35996858782957,30.353357113295527,0.0,20,0.0975602971009106,40.07265786117369
blindspot_ignored,80,22,uniform,67.7251023259574,0.0,17.239917268441616,80,20.0,40.07265786117369
blindspot_ignored,80,22,estimated_waterfill,82.33386155443735,14.608759228479954,2.6311580399616616,56,23.953646337815602,40.07265786117369
blindspot_ignored,80,22,reserve_20,81.36430023300122,13.639197907043823,3.6007193613977933,59,26.818454786778958,40.07265786117369
blindspot_ignored,80,22,latent_oracle,84.96501959439901,17.239917268441616,0.0,56,7.142773681952901,40.07265786117369
known,20,23,uniform,14.949644390411333,0.0,10.585822264456269,80,5.0,8.819671490023161
known,20,23,estimated_waterfill,25.5354666548676,10.585822264456269,0.0,22,6.443968841992426,8.819671490023161
known,20,23,reserve_20,24.65468128110149,9.705036890690156,0.8807853737661127,20,8.430552027148453,8.819671490023161
known,20,23,latent_oracle,25.5354666548676,10.585822264456269,0.0,22,6.443968841992426,8.819671490023161
known,80,23,uniform,42.87405738329982,0.0,10.67001853251611,80,20.0,8.819671490023161
known,80,23,estimated_waterfill,53.54407591581593,10.67001853251611,0.0,57,28.857640750276996,8.819671490023161
known,80,23,reserve_20,53.235001472338126,10.360944089038306,0.30907444347780455,58,31.53280879786316,8.819671490023161
known,80,23,latent_oracle,53.54407591581593,10.67001853251611,0.0,57,28.857640750276996,8.819671490023161
noise_05,20,23,uniform,14.949644390411333,0.0,10.585822264456269,80,5.0,8.819671490023161
noise_05,20,23,estimated_waterfill,21.886799833788775,6.937155443377442,3.6486668210788267,22,8.920957436567637,8.819671490023161
noise_05,20,23,reserve_20,21.348910720623934,6.399266330212601,4.186555934243668,21,10.023421102039542,8.819671490023161
noise_05,20,23,latent_oracle,25.5354666548676,10.585822264456269,0.0,22,6.443968841992426,8.819671490023161
noise_05,80,23,uniform,42.87405738329982,0.0,10.67001853251611,80,20.0,8.819671490023161
noise_05,80,23,estimated_waterfill,50.066246015137715,7.192188631837894,3.4778299006782163,55,33.719063530188095,8.819671490023161
noise_05,80,23,reserve_20,49.81162996065136,6.937572577351538,3.7324459551645717,58,35.5714227801527,8.819671490023161
noise_05,80,23,latent_oracle,53.54407591581593,10.67001853251611,0.0,57,28.857640750276996,8.819671490023161
noise_10,20,23,uniform,14.949644390411333,0.0,10.585822264456269,80,5.0,8.819671490023161
noise_10,20,23,estimated_waterfill,16.62114531062901,1.671500920217678,8.91432134423859,19,9.45568192605664,8.819671490023161
noise_10,20,23,reserve_20,16.287919353927013,1.3382749635156799,9.247547300940589,19,10.586562930291471,8.819671490023161
noise_10,20,23,latent_oracle,25.5354666548676,10.585822264456269,0.0,22,6.443968841992426,8.819671490023161
noise_10,80,23,uniform,42.87405738329982,0.0,10.67001853251611,80,20.0,8.819671490023161
noise_10,80,23,estimated_waterfill,41.037860404369056,-1.836196978930765,12.506215511446875,48,37.40430921116643,8.819671490023161
noise_10,80,23,reserve_20,41.41244794847743,-1.4616094348223925,12.131627967338503,52,39.61977932658566,8.819671490023161
noise_10,80,23,latent_oracle,53.54407591581593,10.67001853251611,0.0,57,28.857640750276996,8.819671490023161
noise_20,20,23,uniform,14.949644390411333,0.0,10.585822264456269,80,5.0,8.819671490023161
noise_20,20,23,estimated_waterfill,7.927947309219827,-7.021697081191506,17.607519345647773,9,10.72690331614659,8.819671490023161
noise_20,20,23,reserve_20,9.933301565982074,-5.016342824429259,15.602165088885528,9,11.44439181055064,8.819671490023161
noise_20,20,23,latent_oracle,25.5354666548676,10.585822264456269,0.0,22,6.443968841992426,8.819671490023161
noise_20,80,23,uniform,42.87405738329982,0.0,10.67001853251611,80,20.0,8.819671490023161
noise_20,80,23,estimated_waterfill,22.945387728766864,-19.928669654532957,30.598688187049067,27,41.393662064000154,8.819671490023161
noise_20,80,23,reserve_20,25.751285848423308,-17.122771534876513,27.792790067392623,35,46.196943863978845,8.819671490023161
noise_20,80,23,latent_oracle,53.54407591581593,10.67001853251611,0.0,57,28.857640750276996,8.819671490023161
biased_underserved,20,23,uniform,14.949644390411333,0.0,10.585822264456269,80,5.0,8.819671490023161
biased_underserved,20,23,estimated_waterfill,21.044490145434384,6.0948457550230515,4.490976509433217,21,0.0,8.819671490023161
biased_underserved,20,23,reserve_20,21.9749317894219,7.0252873990105655,3.560534865445703,19,4.000000000000001,8.819671490023161
biased_underserved,20,23,latent_oracle,25.5354666548676,10.585822264456269,0.0,22,6.443968841992426,8.819671490023161
biased_underserved,80,23,uniform,42.87405738329982,0.0,10.67001853251611,80,20.0,8.819671490023161
biased_underserved,80,23,estimated_waterfill,45.000220787165084,2.126163403865263,8.543855128650847,51,2.9335834587623317,8.819671490023161
biased_underserved,80,23,reserve_20,48.777489364064564,5.9034319807647435,4.766586551751367,62,16.08632807184138,8.819671490023161
biased_underserved,80,23,latent_oracle,53.54407591581593,10.67001853251611,0.0,57,28.857640750276996,8.819671490023161
blindspot_ignored,20,23,uniform,11.495921056741423,0.0,9.564687928619776,80,5.0,30.181164412000104
blindspot_ignored,20,23,estimated_waterfill,18.509822706975278,7.013901650233855,2.550786278385921,22,6.443968841992424,30.181164412000104
blindspot_ignored,20,23,reserve_20,17.027596241626167,5.531675184884744,4.033012743735032,20,8.430552027148453,30.181164412000104
blindspot_ignored,20,23,latent_oracle,21.0606089853612,9.564687928619776,0.0,21,0.2947122917928856,30.181164412000104
blindspot_ignored,80,23,uniform,32.331220753120135,0.0,8.642887638962478,80,20.0,30.181164412000104
blindspot_ignored,80,23,estimated_waterfill,38.27196968999158,5.940748936871444,2.702138702091034,57,28.857640750276992,30.181164412000104
blindspot_ignored,80,23,reserve_20,37.606399599783614,5.275178846663479,3.3677087922989983,58,31.53280879786316,30.181164412000104
blindspot_ignored,80,23,latent_oracle,40.97410839208261,8.642887638962478,0.0,51,6.044478408199573,30.181164412000104
known,20,24,uniform,22.518356687045106,0.0,32.06844467611324,80,5.0,14.477891648628772
known,20,24,estimated_waterfill,54.586801363158344,32.06844467611324,0.0,14,4.37273110378219,14.477891648628772
known,20,24,reserve_20,52.276607485244604,29.758250798199498,2.31019387791374,12,6.838802869335174,14.477891648628772
known,20,24,latent_oracle,54.586801363158344,32.06844467611324,0.0,14,4.37273110378219,14.477891648628772
known,80,24,uniform,66.43269492173968,0.0,26.554639494937163,80,20.0,14.477891648628772
known,80,24,estimated_waterfill,92.98733441667684,26.554639494937163,0.0,47,19.002199843683375,14.477891648628772
known,80,24,reserve_20,92.11391597292861,25.681221051188928,0.8734184437482355,54,24.21530251709501,14.477891648628772
known,80,24,latent_oracle,92.98733441667684,26.554639494937163,0.0,47,19.002199843683375,14.477891648628772
noise_05,20,24,uniform,22.518356687045106,0.0,32.06844467611324,80,5.0,14.477891648628772
noise_05,20,24,estimated_waterfill,48.42528149733968,25.906924810294576,6.161519865818661,12,3.859592619978327,14.477891648628772
noise_05,20,24,reserve_20,47.28153264223703,24.763175955191926,7.305268720921312,12,6.916544761240442,14.477891648628772
noise_05,20,24,latent_oracle,54.586801363158344,32.06844467611324,0.0,14,4.37273110378219,14.477891648628772
noise_05,80,24,uniform,66.43269492173968,0.0,26.554639494937163,80,20.0,14.477891648628772
noise_05,80,24,estimated_waterfill,88.69908621190672,22.266391290167036,4.288248204770127,47,16.389568934769308,14.477891648628772
noise_05,80,24,reserve_20,88.37283447378009,21.940139552040407,4.614499942896757,54,23.754047961197877,14.477891648628772
noise_05,80,24,latent_oracle,92.98733441667684,26.554639494937163,0.0,47,19.002199843683375,14.477891648628772
noise_10,20,24,uniform,22.518356687045106,0.0,32.06844467611324,80,5.0,14.477891648628772
noise_10,20,24,estimated_waterfill,44.53639031168349,22.018033624638385,10.050411051474853,11,4.442963839196061,14.477891648628772
noise_10,20,24,reserve_20,44.28946952857498,21.771112841529877,10.29733183458336,10,7.107691431403493,14.477891648628772
noise_10,20,24,latent_oracle,54.586801363158344,32.06844467611324,0.0,14,4.37273110378219,14.477891648628772
noise_10,80,24,uniform,66.43269492173968,0.0,26.554639494937163,80,20.0,14.477891648628772
noise_10,80,24,estimated_waterfill,74.0765207699315,7.643825848191824,18.91081364674534,37,13.146907605671544,14.477891648628772
noise_10,80,24,reserve_20,76.83874441978594,10.406049498046258,16.148589996890905,46,23.763346957136203,14.477891648628772
noise_10,80,24,latent_oracle,92.98733441667684,26.554639494937163,0.0,47,19.002199843683375,14.477891648628772
noise_20,20,24,uniform,22.518356687045106,0.0,32.06844467611324,80,5.0,14.477891648628772
noise_20,20,24,estimated_waterfill,30.70211150440581,8.183754817360704,23.884689858752534,12,5.275365869565379,14.477891648628772
noise_20,20,24,reserve_20,30.339248107202096,7.82089142015699,24.247553255956248,9,7.608187299695838,14.477891648628772
noise_20,20,24,latent_oracle,54.586801363158344,32.06844467611324,0.0,14,4.37273110378219,14.477891648628772
noise_20,80,24,uniform,66.43269492173968,0.0,26.554639494937163,80,20.0,14.477891648628772
noise_20,80,24,estimated_waterfill,57.988684177588624,-8.444010744151058,34.99865023908822,21,13.287095196444373,14.477891648628772
noise_20,80,24,reserve_20,64.83233230118512,-1.600362620554563,28.155002115491726,36,25.57955229921482,14.477891648628772
noise_20,80,24,latent_oracle,92.98733441667684,26.554639494937163,0.0,47,19.002199843683375,14.477891648628772
biased_underserved,20,24,uniform,22.518356687045106,0.0,32.06844467611324,80,5.0,14.477891648628772
biased_underserved,20,24,estimated_waterfill,47.238301613772464,24.719944926727358,7.34849974938588,13,0.09939893518593039,14.477891648628772
biased_underserved,20,24,reserve_20,47.215844655006514,24.697487967961408,7.37095670815183,11,4.000000000000001,14.477891648628772
biased_underserved,20,24,latent_oracle,54.586801363158344,32.06844467611324,0.0,14,4.37273110378219,14.477891648628772
biased_underserved,80,24,uniform,66.43269492173968,0.0,26.554639494937163,80,20.0,14.477891648628772
biased_underserved,80,24,estimated_waterfill,85.81577535272227,19.383080430982588,7.171559063954575,43,2.8205266356803644,14.477891648628772
biased_underserved,80,24,reserve_20,90.09898244012305,23.66628751838337,2.8883519765537926,55,17.22097651844745,14.477891648628772
biased_underserved,80,24,latent_oracle,92.98733441667684,26.554639494937163,0.0,47,19.002199843683375,14.477891648628772
blindspot_ignored,20,24,uniform,17.42120161465676,0.0,29.350086987245795,80,5.0,38.87430231258299
blindspot_ignored,20,24,estimated_waterfill,44.30735233582265,26.88615072116589,2.463936266079905,14,4.37273110378219,38.87430231258299
blindspot_ignored,20,24,reserve_20,41.21937714248785,23.79817552783109,5.551911459414704,12,6.838802869335174,38.87430231258299
blindspot_ignored,20,24,latent_oracle,46.771288601902555,29.350086987245795,0.0,14,0.7500969007140457,38.87430231258299
blindspot_ignored,80,24,uniform,52.11313602705554,0.0,25.954466164549267,80,20.0,38.87430231258299
blindspot_ignored,80,24,estimated_waterfill,75.38975532121181,23.27661929415627,2.6778468703929974,47,19.002199843683375,38.87430231258299
blindspot_ignored,80,24,reserve_20,73.63967601026447,21.526539983208927,4.427926181340339,54,24.215302517095015,38.87430231258299
blindspot_ignored,80,24,latent_oracle,78.0676021916048,25.954466164549267,0.0,45,4.194388564930312,38.87430231258299
known,20,25,uniform,20.52031442645517,0.0,18.375051322995585,80,5.0,11.503996293272216
known,20,25,estimated_waterfill,38.895365749450754,18.375051322995585,0.0,23,4.7701911705254005,11.503996293272216
known,20,25,reserve_20,36.533371759583375,16.013057333128206,2.361993989867379,17,7.480851861257478,11.503996293272216
known,20,25,latent_oracle,38.895365749450754,18.375051322995585,0.0,23,4.7701911705254005,11.503996293272216
known,80,25,uniform,58.473289236541184,0.0,13.910518859053887,80,20.0,11.503996293272216
known,80,25,estimated_waterfill,72.38380809559507,13.910518859053887,0.0,55,17.03402462502208,11.503996293272216
known,80,25,reserve_20,71.23184637440562,12.758557137864436,1.1519617211894513,58,24.000233606527715,11.503996293272216
known,80,25,latent_oracle,72.38380809559507,13.910518859053887,0.0,55,17.03402462502208,11.503996293272216
noise_05,20,25,uniform,20.52031442645517,0.0,18.375051322995585,80,5.0,11.503996293272216
noise_05,20,25,estimated_waterfill,34.74841156916802,14.228097142712851,4.146954180282734,23,5.274261662324312,11.503996293272216
noise_05,20,25,reserve_20,32.561291180512534,12.040976754057365,6.33407456893822,17,7.824486381542301,11.503996293272216
noise_05,20,25,latent_oracle,38.895365749450754,18.375051322995585,0.0,23,4.7701911705254005,11.503996293272216
noise_05,80,25,uniform,58.473289236541184,0.0,13.910518859053887,80,20.0,11.503996293272216
noise_05,80,25,estimated_waterfill,65.96872532427423,7.495436087733047,6.41508277132084,50,16.02295191915869,11.503996293272216
noise_05,80,25,reserve_20,65.42662365260087,6.953334416059683,6.957184442994205,59,23.59129467622391,11.503996293272216
noise_05,80,25,latent_oracle,72.38380809559507,13.910518859053887,0.0,55,17.03402462502208,11.503996293272216
noise_10,20,25,uniform,20.52031442645517,0.0,18.375051322995585,80,5.0,11.503996293272216
noise_10,20,25,estimated_waterfill,25.947219258753705,5.426904832298536,12.948146490697049,18,4.918830421178107,11.503996293272216
noise_10,20,25,reserve_20,24.23041333244203,3.710098905986861,14.664952417008724,15,7.462189459596502,11.503996293272216
noise_10,20,25,latent_oracle,38.895365749450754,18.375051322995585,0.0,23,4.7701911705254005,11.503996293272216
noise_10,80,25,uniform,58.473289236541184,0.0,13.910518859053887,80,20.0,11.503996293272216
noise_10,80,25,estimated_waterfill,54.82191853928245,-3.6513706972587343,17.56188955631262,41,13.946599960580016,11.503996293272216
noise_10,80,25,reserve_20,54.69325583891156,-3.780033397629623,17.69055225668351,53,22.575095456395566,11.503996293272216
noise_10,80,25,latent_oracle,72.38380809559507,13.910518859053887,0.0,55,17.03402462502208,11.503996293272216
noise_20,20,25,uniform,20.52031442645517,0.0,18.375051322995585,80,5.0,11.503996293272216
noise_20,20,25,estimated_waterfill,18.260719654300924,-2.2595947721542444,20.63464609514983,14,5.263251055386081,11.503996293272216
noise_20,20,25,reserve_20,18.83360100524228,-1.6867134212128896,20.061764744208475,14,7.639005670263733,11.503996293272216
noise_20,20,25,latent_oracle,38.895365749450754,18.375051322995585,0.0,23,4.7701911705254005,11.503996293272216
noise_20,80,25,uniform,58.473289236541184,0.0,13.910518859053887,80,20.0,11.503996293272216
noise_20,80,25,estimated_waterfill,27.148154877235896,-31.325134359305288,45.235653218359175,22,8.639297978979497,11.503996293272216
noise_20,80,25,reserve_20,34.17212521788244,-24.301164018658746,38.21168287771263,36,20.250665676305214,11.503996293272216
noise_20,80,25,latent_oracle,72.38380809559507,13.910518859053887,0.0,55,17.03402462502208,11.503996293272216
biased_underserved,20,25,uniform,20.52031442645517,0.0,18.375051322995585,80,5.0,11.503996293272216
biased_underserved,20,25,estimated_waterfill,33.4412239331281,12.920909506672931,5.454141816322654,23,0.0,11.503996293272216
biased_underserved,20,25,reserve_20,33.258590614919235,12.738276188464067,5.6367751345315185,21,4.000000000000001,11.503996293272216
biased_underserved,20,25,latent_oracle,38.895365749450754,18.375051322995585,0.0,23,4.7701911705254005,11.503996293272216
biased_underserved,80,25,uniform,58.473289236541184,0.0,13.910518859053887,80,20.0,11.503996293272216
biased_underserved,80,25,estimated_waterfill,66.5501595804051,8.07687034386391,5.833648515189978,51,2.3333218199287415,11.503996293272216
biased_underserved,80,25,reserve_20,67.84506787591198,9.371778639370795,4.538740219683092,62,16.2261512670558,11.503996293272216
biased_underserved,80,25,latent_oracle,72.38380809559507,13.910518859053887,0.0,55,17.03402462502208,11.503996293272216
blindspot_ignored,20,25,uniform,17.088733078610982,0.0,16.417965717495836,80,5.0,30.22772657278887
blindspot_ignored,20,25,estimated_waterfill,31.084918735796975,13.996185657185993,2.4217800603098425,23,4.7701911705254005,30.22772657278887
blindspot_ignored,20,25,reserve_20,28.233804761207345,11.145071682596363,5.272894034899473,17,7.480851861257479,30.22772657278887
blindspot_ignored,20,25,latent_oracle,33.50669879610682,16.417965717495836,0.0,24,0.3182056485978282,30.22772657278887
blindspot_ignored,80,25,uniform,48.402952192709144,0.0,13.366821288156224,80,20.0,30.22772657278887
blindspot_ignored,80,25,estimated_waterfill,59.60824517884952,11.205292986140378,2.161528302015846,55,17.034024625022077,30.22772657278887
blindspot_ignored,80,25,reserve_20,57.51039204435656,9.107439851647413,4.259381436508811,58,24.000233606527715,30.22772657278887
blindspot_ignored,80,25,latent_oracle,61.76977348086537,13.366821288156224,0.0,51,4.189747972708451,30.22772657278887
known,20,26,uniform,31.527361715786576,0.0,25.110540989169074,80,5.0,15.77163984070035
known,20,26,estimated_waterfill,56.63790270495565,25.110540989169074,0.0,22,1.97708282942995,15.77163984070035
known,20,26,reserve_20,54.06489790856355,22.537536192776976,2.573004796392098,19,4.78136271152621,15.77163984070035
known,20,26,latent_oracle,56.63790270495565,25.110540989169074,0.0,22,1.97708282942995,15.77163984070035
known,80,26,uniform,82.83782142057468,0.0,18.15333321894306,80,20.0,15.77163984070035
known,80,26,estimated_waterfill,100.99115463951775,18.15333321894306,0.0,53,15.133716363280234,15.77163984070035
known,80,26,reserve_20,99.4769126186562,16.639091198081516,1.5142420208615448,60,20.95661067988423,15.77163984070035
known,80,26,latent_oracle,100.99115463951775,18.15333321894306,0.0,53,15.133716363280234,15.77163984070035
noise_05,20,26,uniform,31.527361715786576,0.0,25.110540989169074,80,5.0,15.77163984070035
noise_05,20,26,estimated_waterfill,50.65196163796143,19.124599922174852,5.985941066994222,19,1.5655981454207852,15.77163984070035
noise_05,20,26,reserve_20,49.285254497323045,17.75789278153647,7.352648207632605,16,4.536873477894993,15.77163984070035
noise_05,20,26,latent_oracle,56.63790270495565,25.110540989169074,0.0,22,1.97708282942995,15.77163984070035
noise_05,80,26,uniform,82.83782142057468,0.0,18.15333321894306,80,20.0,15.77163984070035
noise_05,80,26,estimated_waterfill,96.09430216757552,13.256480747000836,4.896852471942225,51,14.38889076856333,15.77163984070035
noise_05,80,26,reserve_20,94.83159393874911,11.993772518174424,6.159560700768637,56,19.35398599962547,15.77163984070035
noise_05,80,26,latent_oracle,100.99115463951775,18.15333321894306,0.0,53,15.133716363280234,15.77163984070035
noise_10,20,26,uniform,31.527361715786576,0.0,25.110540989169074,80,5.0,15.77163984070035
noise_10,20,26,estimated_waterfill,39.01512615948279,7.487764443696214,17.62277654547286,16,1.1203901615122707,15.77163984070035
noise_10,20,26,reserve_20,37.604678177656346,6.077316461869771,19.033224527299303,13,4.288931393788694,15.77163984070035
noise_10,20,26,latent_oracle,56.63790270495565,25.110540989169074,0.0,22,1.97708282942995,15.77163984070035
noise_10,80,26,uniform,82.83782142057468,0.0,18.15333321894306,80,20.0,15.77163984070035
noise_10,80,26,estimated_waterfill,82.12920711155988,-0.7086143090148056,18.861947527957867,42,11.297511997687817,15.77163984070035
noise_10,80,26,reserve_20,84.43234564070461,1.5945242201299266,16.558808998813134,49,18.433473229126122,15.77163984070035
noise_10,80,26,latent_oracle,100.99115463951775,18.15333321894306,0.0,53,15.133716363280234,15.77163984070035
noise_20,20,26,uniform,31.527361715786576,0.0,25.110540989169074,80,5.0,15.77163984070035
noise_20,20,26,estimated_waterfill,12.96492895559382,-18.562432760192756,43.67297374936183,5,0.14229336022842742,15.77163984070035
noise_20,20,26,reserve_20,15.385706586760534,-16.14165512902604,41.252196118195116,5,4.000000000000001,15.77163984070035
noise_20,20,26,latent_oracle,56.63790270495565,25.110540989169074,0.0,22,1.97708282942995,15.77163984070035
noise_20,80,26,uniform,82.83782142057468,0.0,18.15333321894306,80,20.0,15.77163984070035
noise_20,80,26,estimated_waterfill,35.43333300637313,-47.40448841420155,65.55782163314461,21,2.569792171159903,15.77163984070035
noise_20,80,26,reserve_20,42.33986528536024,-40.497956135214444,58.651289354157505,35,16.396623978072213,15.77163984070035
noise_20,80,26,latent_oracle,100.99115463951775,18.15333321894306,0.0,53,15.133716363280234,15.77163984070035
biased_underserved,20,26,uniform,31.527361715786576,0.0,25.110540989169074,80,5.0,15.77163984070035
biased_underserved,20,26,estimated_waterfill,54.63117040391527,23.103808688128694,2.0067323010403797,19,0.0,15.77163984070035
biased_underserved,20,26,reserve_20,53.49352175266484,21.966160036878264,3.1443809522908097,17,4.000000000000001,15.77163984070035
biased_underserved,20,26,latent_oracle,56.63790270495565,25.110540989169074,0.0,22,1.97708282942995,15.77163984070035
biased_underserved,80,26,uniform,82.83782142057468,0.0,18.15333321894306,80,20.0,15.77163984070035
biased_underserved,80,26,estimated_waterfill,94.6800686829115,11.842247262336812,6.311085956606249,46,0.5869244824650939,15.77163984070035
biased_underserved,80,26,reserve_20,98.54287262343708,15.705051202862393,2.448282016080668,62,16.000000000000004,15.77163984070035
biased_underserved,80,26,latent_oracle,100.99115463951775,18.15333321894306,0.0,53,15.133716363280234,15.77163984070035
blindspot_ignored,20,26,uniform,27.60148246635136,0.0,27.04575121016666,80,5.0,36.16494103949291
blindspot_ignored,20,26,estimated_waterfill,53.11878624327817,25.517303776926813,1.5284474332398474,22,1.9770828294299494,36.16494103949291
blindspot_ignored,20,26,reserve_20,49.496226516285084,21.894744049933724,5.151007160232936,19,4.78136271152621,36.16494103949291
blindspot_ignored,20,26,latent_oracle,54.64723367651802,27.04575121016666,0.0,19,0.09714738415861317,36.16494103949291
blindspot_ignored,80,26,uniform,72.1555927685802,0.0,20.900902087727417,80,20.0,36.16494103949291
blindspot_ignored,80,26,estimated_waterfill,90.03232277779449,17.876730009214285,3.024172078513132,53,15.133716363280243,36.16494103949291
blindspot_ignored,80,26,reserve_20,87.60467119544657,15.449078426866365,5.451823660861052,60,20.956610679884236,36.16494103949291
blindspot_ignored,80,26,latent_oracle,93.05649485630762,20.900902087727417,0.0,48,1.3790590635120432,36.16494103949291
known,20,27,uniform,19.275540780705004,0.0,16.454819535951092,80,5.0,12.176299428714712
known,20,27,estimated_waterfill,35.730360316656096,16.454819535951092,0.0,21,4.818773677752768,12.176299428714712
known,20,27,reserve_20,34.032395662152254,14.75685488144725,1.697964654503842,17,7.1516702344358185,12.176299428714712
known,20,27,latent_oracle,35.730360316656096,16.454819535951092,0.0,21,4.818773677752768,12.176299428714712
known,80,27,uniform,55.71442501083086,0.0,15.870757173600829,80,20.0,12.176299428714712
known,80,27,estimated_waterfill,71.58518218443169,15.870757173600829,0.0,55,20.61549073653876,12.176299428714712
known,80,27,reserve_20,70.87581771512214,15.16139270429128,0.7093644693095484,58,24.08470162710592,12.176299428714712
known,80,27,latent_oracle,71.58518218443169,15.870757173600829,0.0,55,20.61549073653876,12.176299428714712
noise_05,20,27,uniform,19.275540780705004,0.0,16.454819535951092,80,5.0,12.176299428714712
noise_05,20,27,estimated_waterfill,29.39419073112981,10.118649950424807,6.336169585526285,22,4.725127366244715,12.176299428714712
noise_05,20,27,reserve_20,28.620823804456325,9.345283023751321,7.109536512199771,16,6.923420665580652,12.176299428714712
noise_05,20,27,latent_oracle,35.730360316656096,16.454819535951092,0.0,21,4.818773677752768,12.176299428714712
noise_05,80,27,uniform,55.71442501083086,0.0,15.870757173600829,80,20.0,12.176299428714712
noise_05,80,27,estimated_waterfill,64.17405103116828,8.459626020337417,7.411131153263412,48,21.851746472099286,12.176299428714712
noise_05,80,27,reserve_20,63.88321344076289,8.168788429932029,7.7019687436688,51,25.64807989708832,12.176299428714712
noise_05,80,27,latent_oracle,71.58518218443169,15.870757173600829,0.0,55,20.61549073653876,12.176299428714712
noise_10,20,27,uniform,19.275540780705004,0.0,16.454819535951092,80,5.0,12.176299428714712
noise_10,20,27,estimated_waterfill,21.36486026890027,2.0893194881952653,14.365500047755827,14,6.497234375869888,12.176299428714712
noise_10,20,27,reserve_20,21.69604948264519,2.420508701940186,14.034310834010906,10,8.495955306465781,12.176299428714712
noise_10,20,27,latent_oracle,35.730360316656096,16.454819535951092,0.0,21,4.818773677752768,12.176299428714712
noise_10,80,27,uniform,55.71442501083086,0.0,15.870757173600829,80,20.0,12.176299428714712
noise_10,80,27,estimated_waterfill,54.64902967394,-1.0653953368908589,16.936152510491688,41,20.976602488034935,12.176299428714712
noise_10,80,27,reserve_20,56.693515620540765,0.9790906097099068,14.891666563890922,46,28.388294320903633,12.176299428714712
noise_10,80,27,latent_oracle,71.58518218443169,15.870757173600829,0.0,55,20.61549073653876,12.176299428714712
noise_20,20,27,uniform,19.275540780705004,0.0,16.454819535951092,80,5.0,12.176299428714712
noise_20,20,27,estimated_waterfill,10.70824517178871,-8.567295608916295,25.022115144867385,6,8.347257307676085,12.176299428714712
noise_20,20,27,reserve_20,13.397682748436493,-5.877858032268511,22.3326775682196,6,10.647160735719448,12.176299428714712
noise_20,20,27,latent_oracle,35.730360316656096,16.454819535951092,0.0,21,4.818773677752768,12.176299428714712
noise_20,80,27,uniform,55.71442501083086,0.0,15.870757173600829,80,20.0,12.176299428714712
noise_20,80,27,estimated_waterfill,33.533240881292,-22.181184129538856,38.051941303139685,26,25.44255993819442,12.176299428714712
noise_20,80,27,reserve_20,36.51524879448571,-19.19917621634515,35.06993338994598,34,35.01756789657214,12.176299428714712
noise_20,80,27,latent_oracle,71.58518218443169,15.870757173600829,0.0,55,20.61549073653876,12.176299428714712
biased_underserved,20,27,uniform,19.275540780705004,0.0,16.454819535951092,80,5.0,12.176299428714712
biased_underserved,20,27,estimated_waterfill,29.667235265524067,10.391694484819062,6.06312505113203,18,0.0,12.176299428714712
biased_underserved,20,27,reserve_20,29.963632111923417,10.688091331218413,5.766728204732679,17,4.000000000000001,12.176299428714712
biased_underserved,20,27,latent_oracle,35.730360316656096,16.454819535951092,0.0,21,4.818773677752768,12.176299428714712
biased_underserved,80,27,uniform,55.71442501083086,0.0,15.870757173600829,80,20.0,12.176299428714712
biased_underserved,80,27,estimated_waterfill,64.73061762612338,9.016192615292518,6.8545645583083115,48,2.4218014297116124,12.176299428714712
biased_underserved,80,27,reserve_20,68.55677155574193,12.842346544911074,3.0284106286897554,61,17.024869106752078,12.176299428714712
biased_underserved,80,27,latent_oracle,71.58518218443169,15.870757173600829,0.0,55,20.61549073653876,12.176299428714712
blindspot_ignored,20,27,uniform,15.339015706710107,0.0,14.49735004810363,80,5.0,35.32223038219718
blindspot_ignored,20,27,estimated_waterfill,27.360661839557324,12.021646132847216,2.475703915256414,21,4.818773677752768,35.32223038219718
blindspot_ignored,20,27,reserve_20,24.96699776449447,9.627982057784362,4.869367990319269,17,7.151670234435818,35.32223038219718
blindspot_ignored,20,27,latent_oracle,29.836365754813738,14.49735004810363,0.0,19,0.6387319809914281,35.32223038219718
blindspot_ignored,80,27,uniform,43.944318137887045,0.0,15.12046893378254,80,20.0,35.32223038219718
blindspot_ignored,80,27,estimated_waterfill,56.10427071241291,12.159952574525867,2.9605163592566726,55,20.61549073653876,35.32223038219718
blindspot_ignored,80,27,reserve_20,54.95151098673548,11.007192848848433,4.113276084934107,58,24.08470162710592,35.32223038219718
blindspot_ignored,80,27,latent_oracle,59.064787071669585,15.12046893378254,0.0,50,3.7316061104222005,35.32223038219718
known,20,28,uniform,28.287326039782606,0.0,38.8826088433654,80,5.0,16.27565861855676
known,20,28,estimated_waterfill,67.169934883148,38.8826088433654,0.0,16,2.742353372803864,16.27565861855676
known,20,28,reserve_20,64.7406881459809,36.45336210619829,2.429246737167105,14,5.039418667705656,16.27565861855676
known,20,28,latent_oracle,67.169934883148,38.8826088433654,0.0,16,2.742353372803864,16.27565861855676
known,80,28,uniform,80.58740846596723,0.0,27.210433435631387,80,20.0,16.27565861855676
known,80,28,estimated_waterfill,107.79784190159862,27.210433435631387,0.0,54,16.996695382952435,16.27565861855676
known,80,28,reserve_20,106.35116156999904,25.763753104031807,1.4466803315995804,58,21.403316417857848,16.27565861855676
known,80,28,latent_oracle,107.79784190159862,27.210433435631387,0.0,54,16.996695382952435,16.27565861855676
noise_05,20,28,uniform,28.287326039782606,0.0,38.8826088433654,80,5.0,16.27565861855676
noise_05,20,28,estimated_waterfill,62.412048545743886,34.12472250596128,4.757886337404116,20,2.0346044068656566,16.27565861855676
noise_05,20,28,reserve_20,60.68556097149503,32.39823493171242,6.484373911652973,16,4.810152613432705,16.27565861855676
noise_05,20,28,latent_oracle,67.169934883148,38.8826088433654,0.0,16,2.742353372803864,16.27565861855676
noise_05,80,28,uniform,80.58740846596723,0.0,27.210433435631387,80,20.0,16.27565861855676
noise_05,80,28,estimated_waterfill,102.26282497593084,21.67541650996361,5.535016925667776,54,16.264580408673545,16.27565861855676
noise_05,80,28,reserve_20,100.93127488149918,20.34386641553195,6.866567020099438,57,21.59884822494871,16.27565861855676
noise_05,80,28,latent_oracle,107.79784190159862,27.210433435631387,0.0,54,16.996695382952435,16.27565861855676
noise_10,20,28,uniform,28.287326039782606,0.0,38.8826088433654,80,5.0,16.27565861855676
noise_10,20,28,estimated_waterfill,51.79408765289318,23.506761613110577,15.37584723025482,20,3.3638938051887934,16.27565861855676
noise_10,20,28,reserve_20,50.05692456333821,21.7695985235556,17.113010319809796,18,5.9506558122983435,16.27565861855676
noise_10,20,28,latent_oracle,67.169934883148,38.8826088433654,0.0,16,2.742353372803864,16.27565861855676
noise_10,80,28,uniform,80.58740846596723,0.0,27.210433435631387,80,20.0,16.27565861855676
noise_10,80,28,estimated_waterfill,88.0872023183729,7.4997938524056735,19.710639583225714,46,19.996829478375695,16.27565861855676
noise_10,80,28,reserve_20,89.28823171118539,8.70082324521816,18.509610190413227,52,26.351116976706557,16.27565861855676
noise_10,80,28,latent_oracle,107.79784190159862,27.210433435631387,0.0,54,16.996695382952435,16.27565861855676
noise_20,20,28,uniform,28.287326039782606,0.0,38.8826088433654,80,5.0,16.27565861855676
noise_20,20,28,estimated_waterfill,20.674164544503398,-7.613161495279208,46.495770338644604,14,8.937046548304098,16.27565861855676
noise_20,20,28,reserve_20,20.618272655384516,-7.66905338439809,46.55166222776349,14,11.272466813515312,16.27565861855676
noise_20,20,28,latent_oracle,67.169934883148,38.8826088433654,0.0,16,2.742353372803864,16.27565861855676
noise_20,80,28,uniform,80.58740846596723,0.0,27.210433435631387,80,20.0,16.27565861855676
noise_20,80,28,estimated_waterfill,57.46729322848468,-23.12011523748255,50.33054867311394,30,36.73108846305122,16.27565861855676
noise_20,80,28,reserve_20,60.27734236039689,-20.310066105570343,47.52049954120173,40,41.82581375636856,16.27565861855676
noise_20,80,28,latent_oracle,107.79784190159862,27.210433435631387,0.0,54,16.996695382952435,16.27565861855676
biased_underserved,20,28,uniform,28.287326039782606,0.0,38.8826088433654,80,5.0,16.27565861855676
biased_underserved,20,28,estimated_waterfill,65.2867689284763,36.9994428886937,1.8831659546716963,11,0.0,16.27565861855676
biased_underserved,20,28,reserve_20,64.12193297021193,35.834606930429324,3.0480019129360727,11,4.000000000000001,16.27565861855676
biased_underserved,20,28,latent_oracle,67.169934883148,38.8826088433654,0.0,16,2.742353372803864,16.27565861855676
biased_underserved,80,28,uniform,80.58740846596723,0.0,27.210433435631387,80,20.0,16.27565861855676
biased_underserved,80,28,estimated_waterfill,100.3073617662453,19.719953300278064,7.490480135353323,46,0.39934686018465126,16.27565861855676
biased_underserved,80,28,reserve_20,104.84437765564822,24.256969189680987,2.9534642459504,61,16.000000000000004,16.27565861855676
biased_underserved,80,28,latent_oracle,107.79784190159862,27.210433435631387,0.0,54,16.996695382952435,16.27565861855676
blindspot_ignored,20,28,uniform,24.805476578188376,0.0,40.48129235028793,80,5.0,34.048075760605315
blindspot_ignored,20,28,estimated_waterfill,63.22338667998645,38.41791010179807,2.0633822484898587,16,2.7423533728038634,34.048075760605315
blindspot_ignored,20,28,reserve_20,60.27640489936933,35.470928321180956,5.010364029106974,14,5.039418667705656,34.048075760605315
blindspot_ignored,20,28,latent_oracle,65.2867689284763,40.48129235028793,0.0,11,0.0,34.048075760605315
blindspot_ignored,80,28,uniform,70.4475616990487,0.0,29.010008766692238,80,20.0,34.048075760605315
blindspot_ignored,80,28,estimated_waterfill,96.40563631080579,25.958074611757084,3.0519341549351537,54,16.996695382952435,34.048075760605315
blindspot_ignored,80,28,reserve_20,94.63353221735221,24.185970518303506,4.824038248388732,58,21.40331641785786,34.048075760605315
blindspot_ignored,80,28,latent_oracle,99.45757046574094,29.010008766692238,0.0,47,1.987279833982761,34.048075760605315
known,20,29,uniform,20.506798329009317,0.0,18.633073486182536,80,5.0,10.953991881773149
known,20,29,estimated_waterfill,39.13987181519185,18.633073486182536,0.0,20,6.1908544802103265,10.953991881773149
known,20,29,reserve_20,37.713056756254645,17.206258427245327,1.4268150589372084,18,7.903134569514627,10.953991881773149
known,20,29,latent_oracle,39.13987181519185,18.633073486182536,0.0,20,6.1908544802103265,10.953991881773149
known,80,29,uniform,56.644220865535836,0.0,13.707687741718125,80,20.0,10.953991881773149
known,80,29,estimated_waterfill,70.35190860725396,13.707687741718125,0.0,58,22.27446993993564,10.953991881773149
known,80,29,reserve_20,69.78046530983956,13.13624444430372,0.5714432974144046,61,25.74390112872637,10.953991881773149
known,80,29,latent_oracle,70.35190860725396,13.707687741718125,0.0,58,22.27446993993564,10.953991881773149
noise_05,20,29,uniform,20.506798329009317,0.0,18.633073486182536,80,5.0,10.953991881773149
noise_05,20,29,estimated_waterfill,36.82096723594465,16.314168906935333,2.318904579247203,23,5.399720212157641,10.953991881773149
noise_05,20,29,reserve_20,35.50835205896672,15.001553729957404,3.6315197562251313,19,7.469728380690549,10.953991881773149
noise_05,20,29,latent_oracle,39.13987181519185,18.633073486182536,0.0,20,6.1908544802103265,10.953991881773149
noise_05,80,29,uniform,56.644220865535836,0.0,13.707687741718125,80,20.0,10.953991881773149
noise_05,80,29,estimated_waterfill,67.0605893345272,10.416368468991358,3.291319272726767,52,19.079897618032174,10.953991881773149
noise_05,80,29,reserve_20,66.85935287698518,10.215132011449349,3.4925557302687764,58,24.145561586382996,10.953991881773149
noise_05,80,29,latent_oracle,70.35190860725396,13.707687741718125,0.0,58,22.27446993993564,10.953991881773149
noise_10,20,29,uniform,20.506798329009317,0.0,18.633073486182536,80,5.0,10.953991881773149
noise_10,20,29,estimated_waterfill,28.364560722429427,7.85776239342011,10.775311092762426,24,4.566097806982745,10.953991881773149
noise_10,20,29,reserve_20,27.322412324455065,6.815613995445748,11.817459490736788,22,7.16695878235397,10.953991881773149
noise_10,20,29,latent_oracle,39.13987181519185,18.633073486182536,0.0,20,6.1908544802103265,10.953991881773149
noise_10,80,29,uniform,56.644220865535836,0.0,13.707687741718125,80,20.0,10.953991881773149
noise_10,80,29,estimated_waterfill,58.91838938261633,2.274168517080497,11.433519224637628,41,20.121234817211683,10.953991881773149
noise_10,80,29,reserve_20,61.21036634900767,4.566145483471836,9.14154225824629,51,27.43587201844938,10.953991881773149
noise_10,80,29,latent_oracle,70.35190860725396,13.707687741718125,0.0,58,22.27446993993564,10.953991881773149
noise_20,20,29,uniform,20.506798329009317,0.0,18.633073486182536,80,5.0,10.953991881773149
noise_20,20,29,estimated_waterfill,10.980603849875823,-9.526194479133494,28.15926796531603,12,10.947327226783305,10.953991881773149
noise_20,20,29,reserve_20,13.096991633165723,-7.409806695843594,26.04288018202613,12,12.25237079660047,10.953991881773149
noise_20,20,29,latent_oracle,39.13987181519185,18.633073486182536,0.0,20,6.1908544802103265,10.953991881773149
noise_20,80,29,uniform,56.644220865535836,0.0,13.707687741718125,80,20.0,10.953991881773149
noise_20,80,29,estimated_waterfill,37.05275147185041,-19.59146939368543,33.299157135403554,31,33.51023549306481,10.953991881773149
noise_20,80,29,reserve_20,40.54758990485638,-16.096630960679455,29.80431870239758,43,42.39183985234235,10.953991881773149
noise_20,80,29,latent_oracle,70.35190860725396,13.707687741718125,0.0,58,22.27446993993564,10.953991881773149
biased_underserved,20,29,uniform,20.506798329009317,0.0,18.633073486182536,80,5.0,10.953991881773149
biased_underserved,20,29,estimated_waterfill,32.86990530658305,12.363106977573732,6.269966508608803,19,0.0,10.953991881773149
biased_underserved,20,29,reserve_20,34.36546424108296,13.858665912073644,4.774407574108892,14,4.000000000000001,10.953991881773149
biased_underserved,20,29,latent_oracle,39.13987181519185,18.633073486182536,0.0,20,6.1908544802103265,10.953991881773149
biased_underserved,80,29,uniform,56.644220865535836,0.0,13.707687741718125,80,20.0,10.953991881773149
biased_underserved,80,29,estimated_waterfill,63.26351369211318,6.619292826577343,7.088394915140782,54,3.485167532424782,10.953991881773149
biased_underserved,80,29,reserve_20,66.32279111014242,9.678570244606583,4.029117497111542,66,16.074351377128846,10.953991881773149
biased_underserved,80,29,latent_oracle,70.35190860725396,13.707687741718125,0.0,58,22.27446993993564,10.953991881773149
blindspot_ignored,20,29,uniform,15.979687466473306,0.0,16.918075347874144,80,5.0,31.662695938029522
blindspot_ignored,20,29,estimated_waterfill,30.112131451253287,14.13244398477998,2.785631363094165,20,6.1908544802103265,31.662695938029522
blindspot_ignored,20,29,reserve_20,28.386551302515254,12.406863836041948,4.511211511832197,18,7.903134569514626,31.662695938029522
blindspot_ignored,20,29,latent_oracle,32.89776281434745,16.918075347874144,0.0,19,0.33060443000578066,31.662695938029522
blindspot_ignored,80,29,uniform,43.9673394112473,0.0,13.048593145126041,80,20.0,31.662695938029522
blindspot_ignored,80,29,estimated_waterfill,54.641277020100446,10.673937608853144,2.374655536272897,58,22.27446993993564,31.662695938029522
blindspot_ignored,80,29,reserve_20,53.67770825222274,9.710368840975441,3.3382243041506,61,25.743901128726367,31.662695938029522
blindspot_ignored,80,29,latent_oracle,57.01593255637334,13.048593145126041,0.0,55,5.6794709709441165,31.662695938029522
