baseline_primary_load,arrival_multiplier,primary_cost_multiplier,policy,seed,expected_total_load,attempted,admitted,rejected,final_backlog_hours,peak_backlog_hours,mean_backlog_hours,admitted_actual_hours,completed_hours,last_quarter_drift_hours_per_day
0.5,1,1,unbounded,0,0.53125,719,719,0,0,17.482287035939834,0.9964131158535369,1505.6907097281728,1505.6907097281735,0.0
0.5,1,1,one_day_reservation,0,0.53125,719,627,92,0,10.241352211451357,0.28028677470099717,1288.71734091486,1288.7173409148602,0.0
0.5,1,1,unbounded,1,0.53125,704,704,0,0,11.756657821035084,0.7895575355273269,1443.9674946312293,1443.9674946312289,-0.025180446921516043
0.5,1,1,one_day_reservation,1,0.53125,704,618,86,0,9.823704578818987,0.3308190031472662,1265.2943273234657,1265.2943273234662,-0.025180446921516043
0.5,1,1,unbounded,2,0.53125,703,703,0,0,11.98806987870331,0.8347847394022991,1504.6407597133855,1504.640759713385,0.0
0.5,1,1,one_day_reservation,2,0.53125,703,605,98,0,11.98806987870331,0.36451208669891405,1312.297333093278,1312.2973330932773,0.0
0.5,1,1,unbounded,3,0.53125,730,730,0,0,11.991105249341722,0.7976409267671783,1517.260629182756,1517.2606291827553,0.0
0.5,1,1,one_day_reservation,3,0.53125,730,638,92,0,8.790692945689596,0.29294263442636925,1316.4765246776483,1316.4765246776485,0.0
0.5,1,1,unbounded,4,0.53125,696,696,0,0.05510846573912076,24.341664943709482,1.25785375748789,1471.8637002643454,1471.8085917986075,-0.03008006316091804
0.5,1,1,one_day_reservation,4,0.53125,696,601,95,0.05510846573912076,20.212608703083163,0.43698811521015885,1267.259417251125,1267.204308785386,-0.03008006316091804
0.5,1,1,unbounded,5,0.53125,730,730,0,7.85060530588912,11.857016404299955,0.724867285324072,1459.8986654421014,1452.0480601362126,0.08627038797680352
0.5,1,1,one_day_reservation,5,0.53125,730,632,98,0,11.857016404299955,0.29017169669611115,1268.5560226632692,1268.5560226632695,0.0
0.5,1,1,unbounded,6,0.53125,724,724,0,0,44.339591286848375,2.667943593336079,1654.388965554899,1654.3889655548994,0.0
0.5,1,1,one_day_reservation,6,0.53125,724,605,119,0,18.74657128099441,0.5809569917596977,1373.6847264311955,1373.684726431196,0.0
0.5,1,1,unbounded,7,0.53125,761,761,0,8.083970268457673,22.75198860962678,1.6058595256253552,1675.6720382165709,1667.5880679481138,-0.03883367493146453
0.5,1,1,one_day_reservation,7,0.53125,761,647,114,1.2504037014286808,17.489856921753514,0.6353966091638437,1424.9350600139596,1423.6846563125312,0.0007465201019351815
0.5,1,1,unbounded,8,0.53125,730,730,0,0,14.554415975959191,0.7837478033642153,1508.00145844746,1508.0014584474595,0.0
0.5,1,1,one_day_reservation,8,0.53125,730,642,88,0,14.554415975959191,0.3062137977944673,1326.1515490432948,1326.1515490432944,0.0
0.5,1,1,unbounded,9,0.53125,728,728,0,0,21.57065979036063,1.481119944352584,1605.975340727267,1605.975340727267,0.0
0.5,1,1,one_day_reservation,9,0.53125,728,633,95,0,9.848250206139522,0.4075126407510929,1381.6729707652134,1381.672970765214,0.0
0.5,1,1,unbounded,10,0.53125,703,703,0,0,25.438890180860014,1.2075569167312838,1544.8810917668734,1544.881091766874,-0.021967587061594913
0.5,1,1,one_day_reservation,10,0.53125,703,591,112,0,22.271798621842223,0.48879074746268963,1321.4543539592696,1321.4543539592703,0.0
0.5,1,1,unbounded,11,0.53125,714,714,0,0,23.547274001876417,1.0091876559327908,1537.402932240874,1537.4029322408744,0.0
0.5,1,1,one_day_reservation,11,0.53125,714,614,100,0,13.396294950786867,0.41798167958429455,1357.8409992844743,1357.8409992844743,0.0
0.5,1,1,unbounded,12,0.53125,706,706,0,0,23.308768750812177,1.3203419408195265,1577.5360906081964,1577.5360906081962,-0.0158635685394132
0.5,1,1,one_day_reservation,12,0.53125,706,604,102,0,14.070993737699908,0.45019590842199414,1360.7443723683882,1360.744372368388,-0.0158635685394132
0.5,1,1,unbounded,13,0.53125,728,728,0,0,12.508432673004346,0.7347450439438344,1501.6289931921842,1501.6289931921842,-0.0466241824760136
0.5,1,1,one_day_reservation,13,0.53125,728,625,103,0,8.844929622104548,0.30562285693036945,1311.0547486072646,1311.0547486072644,0.0
0.5,1,1,unbounded,14,0.53125,701,701,0,0,18.35618475917477,0.911321800325622,1430.284824144576,1430.2848241445759,-0.03220811840325922
0.5,1,1,one_day_reservation,14,0.53125,701,622,79,0,11.643815307194505,0.3166203309700077,1271.9021294058277,1271.9021294058284,0.0
0.5,1,1,unbounded,15,0.53125,726,726,0,0.8930059894843048,34.14491566277056,1.6792140437135512,1613.9692701011595,1613.0762641116748,0.009813252631695657
0.5,1,1,one_day_reservation,15,0.53125,726,626,100,0,12.354723833158413,0.3834502866104851,1378.4205001327416,1378.4205001327412,0.0
0.5,1,1,unbounded,16,0.53125,707,707,0,0,11.908563317336487,0.7260277134265445,1439.8969527059646,1439.8969527059648,-0.021385773257833834
0.5,1,1,one_day_reservation,16,0.53125,707,624,83,0,11.908563317336487,0.4262210937201096,1287.469146916309,1287.4691469163085,-0.021385773257833834
0.5,1,1,unbounded,17,0.53125,762,762,0,3.3788063018950343,24.507821021813726,1.3877619353106156,1597.5087480637005,1594.129941761805,0.037129739581264115
0.5,1,1,one_day_reservation,17,0.53125,762,661,101,2.833079227902317,11.442780907661177,0.34625069895743676,1381.246084076686,1378.413004848783,0.031132738768157333
0.5,1,1,unbounded,18,0.53125,751,751,0,0,17.34907235726683,1.2005676742553182,1556.8224274291308,1556.8224274291301,0.0
0.5,1,1,one_day_reservation,18,0.53125,751,635,116,0,10.490187776270343,0.3415226697520484,1315.5588826798755,1315.5588826798758,0.0
0.5,1,1,unbounded,19,0.53125,743,743,0,0,20.45120220910166,1.301818684629155,1616.9463420779366,1616.9463420779357,0.0
0.5,1,1,one_day_reservation,19,0.53125,743,628,115,0,11.761724438449662,0.4930507450971147,1387.661101172622,1387.661101172622,0.0
0.5,1,1,unbounded,20,0.53125,753,753,0,0,22.348796269386554,1.4881837211877351,1675.279756037249,1675.2797560372483,-0.1045951542806649
0.5,1,1,one_day_reservation,20,0.53125,753,637,116,0,11.218393004705582,0.42653779763584865,1402.3898051286894,1402.3898051286887,-0.0420073590123046
0.5,1,1,unbounded,21,0.53125,730,730,0,1.8376790893485726,16.53203765577451,0.8774131523789511,1595.495542333427,1593.6578632440792,0.02019427570712717
0.5,1,1,one_day_reservation,21,0.53125,730,636,94,0,7.340125647989979,0.393482270882644,1412.8392091418323,1412.8392091418336,0.0
0.5,1,1,unbounded,22,0.53125,737,737,0,0,20.70027547430135,1.397611678903178,1573.2847700983643,1573.2847700983646,0.0
0.5,1,1,one_day_reservation,22,0.53125,737,616,121,0,14.167301489409756,0.42446425027111934,1331.6672812984139,1331.667281298414,0.0
0.5,1,1,unbounded,23,0.53125,732,732,0,0,18.798315970483497,1.0978118839944027,1623.557578871032,1623.5575788710319,0.0
0.5,1,1,one_day_reservation,23,0.53125,732,634,98,0,11.420184004010654,0.4222296090554122,1412.0581239823077,1412.0581239823084,0.0
0.5,1,1,unbounded,24,0.53125,740,740,0,0,16.105671870598954,0.9839513250632218,1602.6800974117552,1602.680097411755,0.0
0.5,1,1,one_day_reservation,24,0.53125,740,647,93,0,9.150860006341425,0.33759931253888864,1393.2131367533516,1393.2131367533514,0.0
0.5,1,1,unbounded,25,0.53125,698,698,0,18.936754688157883,18.936754688157883,1.0591721161744703,1574.2275381609184,1555.2907834727605,0.20809620536437234
0.5,1,1,one_day_reservation,25,0.53125,698,609,89,0,13.686559484379018,0.40775160641415636,1381.7957874265019,1381.7957874265026,0.0
0.5,1,1,unbounded,26,0.53125,789,789,0,0,23.48965436435259,2.435167168472703,1846.584766857509,1846.5847668575095,0.0
0.5,1,1,one_day_reservation,26,0.53125,789,641,148,0,13.227297138757883,0.6088392443639316,1512.044099416556,1512.0440994165565,0.0
0.5,1,1,unbounded,27,0.53125,712,712,0,0,19.76957301967906,0.9805098126670251,1444.0544275409065,1444.054427540906,0.0
0.5,1,1,one_day_reservation,27,0.53125,712,621,91,0,12.094485960988216,0.39164944868336343,1266.597150142845,1266.5971501428446,0.0
0.5,1,1,unbounded,28,0.53125,758,758,0,8.571220339816705,19.020124644692167,1.0864977452616307,1609.6344123973684,1601.063192057552,0.09418923450348027
0.5,1,1,one_day_reservation,28,0.53125,758,655,103,0,7.457050155889098,0.26594028533143443,1341.1094940322696,1341.10949403227,0.0
0.5,1,1,unbounded,29,0.53125,739,739,0,2.6243996178395985,21.867426181539255,1.1577050643304978,1565.738652776429,1563.114253158589,-0.18434307232510871
0.5,1,1,one_day_reservation,29,0.53125,739,633,106,2.6243996178395985,13.439769543453526,0.38649229905128707,1329.0998498366725,1326.4754502188334,-0.0309381310507025
0.5,1,0.75,unbounded,0,0.40625,719,719,0,0,9.352908101223196,0.3045919629464262,1156.252592607035,1156.2525926070352,0.0
0.5,1,0.75,one_day_reservation,0,0.40625,719,687,32,0,8.2674816774703,0.18666605237038683,1110.4260316488208,1110.4260316488205,0.0
0.5,1,0.75,unbounded,1,0.40625,704,704,0,0,6.817493365776315,0.2158798364962597,1103.7343869087017,1103.7343869087024,0.0
0.5,1,0.75,one_day_reservation,1,0.40625,704,675,29,0,6.817493365776315,0.1423853844637452,1047.3461467090335,1047.3461467090337,0.0
0.5,1,0.75,unbounded,2,0.40625,703,703,0,0,6.991052409027482,0.2216153025531514,1154.0311225378084,1154.0311225378089,0.0
0.5,1,0.75,one_day_reservation,2,0.40625,703,674,29,0,6.991052409027482,0.1362740949198752,1107.1816720228016,1107.1816720228016,0.0
0.5,1,0.75,unbounded,3,0.40625,730,730,0,0,6.461871831510747,0.2130018738924654,1157.6882596421963,1157.6882596421963,0.0
0.5,1,0.75,one_day_reservation,3,0.40625,730,702,28,0,5.007029899734764,0.14367091758426592,1108.545689510716,1108.5456895107163,0.0
0.5,1,0.75,unbounded,4,0.40625,696,696,0,0,18.685143091669786,0.43651291639396567,1130.432825919352,1130.4328259193521,-0.004782303670874859
0.5,1,0.75,one_day_reservation,4,0.40625,696,665,31,0,18.685143091669786,0.23385858580119753,1069.9055026074507,1069.905502607451,-0.004782303670874859
0.5,1,0.75,unbounded,5,0.40625,730,730,0,2.6363305930584104,7.048119179890147,0.23070006997483347,1118.524827467326,1115.8884968742673,0.028970665857784732
0.5,1,0.75,one_day_reservation,5,0.40625,730,699,31,0,7.048119179890147,0.13752969012995706,1064.374732458453,1064.374732458453,0.0
0.5,1,0.75,unbounded,6,0.40625,724,724,0,0,25.174206782468104,0.7595508377583131,1255.289916120884,1255.2899161208836,0.0
0.5,1,0.75,one_day_reservation,6,0.40625,724,678,46,0,20.289780535480073,0.40904454164975645,1190.6780561102453,1190.6780561102455,0.0
0.5,1,0.75,unbounded,7,0.40625,761,761,0,0,11.117392691315136,0.4526775464850979,1280.4942286363585,1280.494228636359,-0.014713797128010807
0.5,1,0.75,one_day_reservation,7,0.40625,761,723,38,0,11.117392691315136,0.3167636875227235,1227.720687117942,1227.7206871179421,0.0
0.5,1,0.75,unbounded,8,0.40625,730,730,0,0,8.915811981969394,0.18818524125381694,1152.57702164799,1152.5770216479896,0.0
0.5,1,0.75,one_day_reservation,8,0.40625,730,705,25,0,8.915811981969394,0.1583806157721856,1122.3543938547846,1122.3543938547841,0.0
0.5,1,0.75,unbounded,9,0.40625,728,728,0,0,14.493086910588325,0.49835880304854857,1228.3569278401899,1228.35692784019,0.0
0.5,1,0.75,one_day_reservation,9,0.40625,728,695,33,0,8.381572116833617,0.2045371738046178,1146.8185474574127,1146.8185474574127,0.0
0.5,1,0.75,unbounded,10,0.40625,703,703,0,0,15.944516753470438,0.36636499522352023,1176.87114761259,1176.8711476125898,0.0
0.5,1,0.75,one_day_reservation,10,0.40625,703,660,43,0,14.77641398011217,0.21882043115589664,1116.3277833115937,1116.3277833115933,0.0
0.5,1,0.75,unbounded,11,0.40625,714,714,0,0,13.201470397682993,0.2929279447362847,1171.4407678095981,1171.4407678095986,0.0
0.5,1,0.75,one_day_reservation,11,0.40625,714,685,29,0,13.201470397682993,0.18817162481678643,1133.0228814329753,1133.0228814329753,0.0
0.5,1,0.75,unbounded,12,0.40625,706,706,0,0,11.856339059223735,0.381461356311578,1207.2061910847606,1207.2061910847603,0.0
0.5,1,0.75,one_day_reservation,12,0.40625,706,666,40,0,11.682936640952537,0.242937248054086,1147.0555650946649,1147.0555650946644,0.0
0.5,1,0.75,unbounded,13,0.40625,728,728,0,0,9.642991358119367,0.23388843738240853,1147.4846276036983,1147.4846276036983,0.0
0.5,1,0.75,one_day_reservation,13,0.40625,728,684,44,0,6.8060757363791815,0.1394125063971368,1087.014200667466,1087.0142006674657,0.0
0.5,1,0.75,unbounded,14,0.40625,701,701,0,0,8.727349617118968,0.2696816309167993,1094.1508807131877,1094.150880713188,-0.001962853502281619
0.5,1,0.75,one_day_reservation,14,0.40625,701,667,34,0,7.572644856820183,0.17264535525982502,1048.5803232195017,1048.5803232195017,0.0
0.5,1,0.75,unbounded,15,0.40625,726,726,0,0,16.718973998898356,0.49019086021565106,1232.510482836441,1232.5104828364401,0.0
0.5,1,0.75,one_day_reservation,15,0.40625,726,697,29,0,7.622761165834984,0.1732418260659577,1173.1794813818115,1173.1794813818117,0.0
0.5,1,0.75,unbounded,16,0.40625,707,707,0,0,7.456143917285225,0.22846950883698447,1098.4849880999388,1098.484988099939,-0.002451215874770956
0.5,1,0.75,one_day_reservation,16,0.40625,707,682,25,0,7.456143917285225,0.1745230329994739,1061.31352402267,1061.31352402267,-0.002451215874770956
0.5,1,0.75,unbounded,17,0.40625,762,762,0,0.5341047264212779,16.998251282778458,0.3682797512079579,1219.086760278132,1218.5526555517106,0.005869282707926131
0.5,1,0.75,one_day_reservation,17,0.40625,762,722,40,0.5341047264212779,7.015469986841397,0.13966999482460615,1152.6021134277594,1152.0680087013377,0.005869282707926131
0.5,1,0.75,unbounded,18,0.40625,751,751,0,0,9.095829830381874,0.36739052774368824,1193.9887511324716,1193.988751132472,0.0
0.5,1,0.75,one_day_reservation,18,0.40625,751,700,51,0,8.968393402869552,0.19072631087648498,1118.4312754621048,1118.4312754621053,0.0
0.5,1,0.75,unbounded,19,0.40625,743,743,0,0,13.338401656826242,0.452689418607827,1236.851594745332,1236.8515947453322,0.0
0.5,1,0.75,one_day_reservation,19,0.40625,743,693,50,0,8.722912427348618,0.21916331897979177,1151.6931224354842,1151.6931224354842,0.0
0.5,1,0.75,unbounded,20,0.40625,753,753,0,0,14.274161829485031,0.4898729441208178,1296.1022476052342,1296.1022476052344,-0.05787792123201309
0.5,1,0.75,one_day_reservation,20,0.40625,753,706,47,0,8.898614856443029,0.24952326983465906,1206.2875711850008,1206.2875711850006,-0.05787792123201309
0.5,1,0.75,unbounded,21,0.40625,730,730,0,0.1381127275098457,8.938692613732481,0.2256050519857666,1223.6687626642124,1223.5306499367025,0.0015177222803279748
0.5,1,0.75,one_day_reservation,21,0.40625,730,702,28,0.1381127275098457,6.141253279515,0.14050735775388426,1175.4137948250725,1175.2756820975628,0.0015177222803279748
0.5,1,0.75,unbounded,22,0.40625,737,737,0,0,11.773485993030189,0.4474011518358337,1203.8832873801205,1203.8832873801202,0.0
0.5,1,0.75,one_day_reservation,22,0.40625,737,687,50,0,8.625476117057318,0.20451985533861639,1117.8600021460766,1117.8600021460763,0.0
0.5,1,0.75,unbounded,23,0.40625,732,732,0,0,10.283516838305175,0.2993126806181512,1242.0858744208936,1242.0858744208933,0.0
0.5,1,0.75,one_day_reservation,23,0.40625,732,705,27,0,6.565138003007991,0.2173822198304569,1199.8403342253223,1199.8403342253227,0.0
0.5,1,0.75,unbounded,24,0.40625,740,740,0,0,8.23303271883271,0.2887987441391137,1226.0079105505115,1226.007910550511,0.0
0.5,1,0.75,one_day_reservation,24,0.40625,740,711,29,0,8.23303271883271,0.1759359274439516,1174.6077029020166,1174.6077029020166,0.0
0.5,1,0.75,unbounded,25,0.40625,698,698,0,7.03979500872976,8.670523476289205,0.28019878048132485,1200.3845066269673,1193.3447116182372,0.07736038471131604
0.5,1,0.75,one_day_reservation,25,0.40625,698,670,28,0,8.264919613284263,0.1577876527536083,1154.0557528315244,1154.0557528315244,0.0
0.5,1,0.75,unbounded,26,0.40625,789,789,0,0,11.72884486508552,0.5526775506126863,1411.6159978962046,1411.6159978962048,0.0
0.5,1,0.75,one_day_reservation,26,0.40625,789,741,48,0,8.780641839749258,0.3398257746345376,1324.9270280433038,1324.9270280433038,0.0
0.5,1,0.75,unbounded,27,0.40625,712,712,0,0,8.496352169817413,0.25036350164121657,1102.228777081157,1102.228777081157,0.0
0.5,1,0.75,one_day_reservation,27,0.40625,712,682,30,0,7.216030187016273,0.18067554563708377,1070.0052718470863,1070.005271847086,0.0
0.5,1,0.75,unbounded,28,0.40625,758,758,0,1.5192404599936147,10.153258507875602,0.27904245088728724,1225.2969715930735,1223.7777311330797,0.01669495010981994
0.5,1,0.75,one_day_reservation,28,0.40625,758,723,35,0,4.860800894026109,0.13752592898995447,1142.8756291709606,1142.8756291709606,0.0
0.5,1,0.75,unbounded,29,0.40625,739,739,0,0,9.887099130710126,0.297744455380084,1198.94767081413,1198.9476708141294,-0.06633235048487973
0.5,1,0.75,one_day_reservation,29,0.40625,739,699,40,0,9.434380224741847,0.1813600878631525,1136.7631771646845,1136.7631771646845,-0.015762420052108213
0.5,1,0.5,unbounded,0,0.28125,719,719,0,0,3.6949442287311847,0.04027029500744402,806.8144754858979,806.8144754858979,0.0
0.5,1,0.5,one_day_reservation,0,0.28125,719,719,0,0,3.6949442287311847,0.04027029500744402,806.8144754858979,806.8144754858979,0.0
0.5,1,0.5,unbounded,1,0.28125,704,704,0,0,4.222364072077612,0.03656531821731084,763.5012791861723,763.501279186172,0.0
0.5,1,0.5,one_day_reservation,1,0.28125,704,704,0,0,4.222364072077612,0.03656531821731084,763.5012791861723,763.501279186172,0.0
0.5,1,0.5,unbounded,2,0.28125,703,703,0,0,4.862758958918597,0.03858096387430346,803.4214853622307,803.4214853622308,0.0
0.5,1,0.5,one_day_reservation,2,0.28125,703,703,0,0,4.862758958918597,0.03858096387430346,803.4214853622307,803.4214853622308,0.0
0.5,1,0.5,unbounded,3,0.28125,730,730,0,0,2.648499677673355,0.02229490527082634,798.1158901016377,798.1158901016377,0.0
0.5,1,0.5,one_day_reservation,3,0.28125,730,729,1,0,2.648499677673355,0.02229490527082634,796.6227105198927,796.6227105198927,0.0
0.5,1,0.5,unbounded,4,0.28125,696,696,0,0,13.122059515023246,0.13366412306884162,789.0019515743556,789.0019515743558,0.0
0.5,1,0.5,one_day_reservation,4,0.28125,696,691,5,0,13.122059515023246,0.09926639763559883,778.7663362682908,778.7663362682912,0.0
0.5,1,0.5,unbounded,5,0.28125,730,730,0,0,3.8003679282353353,0.04948758293080042,777.1509894925504,777.1509894925504,0.0
0.5,1,0.5,one_day_reservation,5,0.28125,730,729,1,0,3.8003679282353353,0.04883670667375687,776.9134196587295,776.9134196587295,0.0
0.5,1,0.5,unbounded,6,0.28125,724,724,0,0,11.777522340112839,0.16516928486642646,856.1908666868671,856.1908666868671,0.0
0.5,1,0.5,one_day_reservation,6,0.28125,724,717,7,0,11.777522340112839,0.1408502976140456,849.5814042376193,849.5814042376193,0.0
0.5,1,0.5,unbounded,7,0.28125,761,761,0,0,4.744928460876757,0.09615153032718388,885.316419056145,885.3164190561449,0.0
0.5,1,0.5,one_day_reservation,7,0.28125,761,761,0,0,4.744928460876757,0.09615153032718388,885.316419056145,885.3164190561449,0.0
0.5,1,0.5,unbounded,8,0.28125,730,730,0,0,4.620860626283514,0.03547042662068553,797.152584848519,797.152584848519,0.0
0.5,1,0.5,one_day_reservation,8,0.28125,730,730,0,0,4.620860626283514,0.03547042662068553,797.152584848519,797.152584848519,0.0
0.5,1,0.5,unbounded,9,0.28125,728,728,0,0,7.748235064249538,0.11680204084175937,850.7385149531117,850.7385149531119,0.0
0.5,1,0.5,one_day_reservation,9,0.28125,728,723,5,0,7.748235064249538,0.08810712380561876,841.2252355943263,841.2252355943263,0.0
0.5,1,0.5,unbounded,10,0.28125,703,703,0,0,7.963011168980293,0.04857699124937134,808.8612034583031,808.861203458303,0.0
0.5,1,0.5,one_day_reservation,10,0.28125,703,702,1,0,7.963011168980293,0.0414087211167777,806.2447848599063,806.2447848599063,0.0
0.5,1,0.5,unbounded,11,0.28125,714,714,0,0,6.9887041035328,0.04240218821916058,805.478603378322,805.478603378322,0.0
0.5,1,0.5,one_day_reservation,11,0.28125,714,712,2,0,6.9887041035328,0.04240218821916058,804.5591048351579,804.5591048351579,0.0
0.5,1,0.5,unbounded,12,0.28125,706,706,0,0,7.904226039482488,0.079206913373261,836.8762915613266,836.8762915613264,0.0
0.5,1,0.5,one_day_reservation,12,0.28125,706,702,4,0,7.904226039482488,0.07670798038887312,833.191096560365,833.1910965603648,0.0
0.5,1,0.5,unbounded,13,0.28125,728,728,0,0,6.777550043234388,0.03867942084430551,793.3402620152116,793.3402620152116,0.0
0.5,1,0.5,one_day_reservation,13,0.28125,728,726,2,0,6.777550043234388,0.033212684849745724,791.3449033771973,791.3449033771973,0.0
0.5,1,0.5,unbounded,14,0.28125,701,701,0,0,2.4817495607209477,0.039333640549345024,758.0169372817999,758.0169372817999,0.0
0.5,1,0.5,one_day_reservation,14,0.28125,701,701,0,0,2.4817495607209477,0.039333640549345024,758.0169372817999,758.0169372817999,0.0
0.5,1,0.5,unbounded,15,0.28125,726,726,0,0,4.837168116934123,0.0441626805551235,851.051695571721,851.0516955717212,0.0
0.5,1,0.5,one_day_reservation,15,0.28125,726,726,0,0,4.837168116934123,0.0441626805551235,851.051695571721,851.0516955717212,0.0
0.5,1,0.5,unbounded,16,0.28125,707,707,0,0,5.3791833861986404,0.04002688086088279,757.0730234939108,757.0730234939106,0.0
0.5,1,0.5,one_day_reservation,16,0.28125,707,707,0,0,5.3791833861986404,0.04002688086088279,757.0730234939108,757.0730234939106,0.0
0.5,1,0.5,unbounded,17,0.28125,762,762,0,0,9.546493536217753,0.06835402286643633,840.6647724925618,840.664772492562,0.0
0.5,1,0.5,one_day_reservation,17,0.28125,762,758,4,0,9.546493536217753,0.05510774816653143,835.4492969604817,835.4492969604818,0.0
0.5,1,0.5,unbounded,18,0.28125,751,751,0,0,5.978928935246369,0.06635962093237822,831.1550748358122,831.1550748358122,0.0
0.5,1,0.5,one_day_reservation,18,0.28125,751,748,3,0,5.978928935246369,0.058735247159220946,828.3721784086099,828.3721784086099,0.0
0.5,1,0.5,unbounded,19,0.28125,743,743,0,0,6.2256011045508295,0.08439645227131491,856.7568474127303,856.7568474127304,0.0
0.5,1,0.5,one_day_reservation,19,0.28125,743,739,4,0,5.857733812464893,0.08338859667655893,851.655042116501,851.6550421165011,0.0
0.5,1,0.5,unbounded,20,0.28125,753,753,0,0,7.087138342026124,0.131109161081428,916.9247391732181,916.924739173218,-0.011160688183361264
0.5,1,0.5,one_day_reservation,20,0.28125,753,751,2,0,7.087138342026124,0.131109161081428,916.0172278240486,916.0172278240485,-0.011160688183361264
0.5,1,0.5,unbounded,21,0.28125,730,730,0,0,1.6650235341808113,0.01934101836146187,851.8419829949949,851.8419829949946,0.0
0.5,1,0.5,one_day_reservation,21,0.28125,730,730,0,0,1.6650235341808113,0.01934101836146187,851.8419829949949,851.8419829949946,0.0
0.5,1,0.5,unbounded,22,0.28125,737,737,0,0,4.310520300722928,0.08049221885034549,834.4818046618764,834.4818046618763,0.0
0.5,1,0.5,one_day_reservation,22,0.28125,737,736,1,0,4.310520300722928,0.08049221885034549,833.2419011829752,833.2419011829752,0.0
0.5,1,0.5,unbounded,23,0.28125,732,732,0,0,2.906258927939625,0.03502669771255978,860.6141699707556,860.6141699707553,0.0
0.5,1,0.5,one_day_reservation,23,0.28125,732,732,0,0,2.906258927939625,0.03502669771255978,860.6141699707556,860.6141699707553,0.0
0.5,1,0.5,unbounded,24,0.28125,740,740,0,0,2.822021812555141,0.033178127139830975,849.3357236892658,849.335723689266,0.0
0.5,1,0.5,one_day_reservation,24,0.28125,740,740,0,0,2.822021812555141,0.033178127139830975,849.3357236892658,849.335723689266,0.0
0.5,1,0.5,unbounded,25,0.28125,698,698,0,0.2376261253637324,3.581536695171714,0.029790453106105515,826.5414750930174,826.3038489676537,0.0026112761028981584
0.5,1,0.5,one_day_reservation,25,0.28125,698,698,0,0.2376261253637324,3.581536695171714,0.029790453106105515,826.5414750930174,826.3038489676537,0.0026112761028981584
0.5,1,0.5,unbounded,26,0.28125,789,789,0,0,5.152563243390347,0.08619222246391996,976.6472289349007,976.647228934901,0.0
0.5,1,0.5,one_day_reservation,26,0.28125,789,789,0,0,5.152563243390347,0.08619222246391996,976.6472289349007,976.647228934901,0.0
0.5,1,0.5,unbounded,27,0.28125,712,712,0,0,3.8866629608105328,0.042610174510157486,760.403126621405,760.4031266214051,0.0
0.5,1,0.5,one_day_reservation,27,0.28125,712,712,0,0,3.8866629608105328,0.042610174510157486,760.403126621405,760.4031266214051,0.0
0.5,1,0.5,unbounded,28,0.28125,758,758,0,0,4.3478289016789375,0.03496451369144983,840.9595307887748,840.9595307887747,0.0
0.5,1,0.5,one_day_reservation,28,0.28125,758,758,0,0,4.3478289016789375,0.03496451369144983,840.9595307887748,840.9595307887747,0.0
0.5,1,0.5,unbounded,29,0.28125,739,739,0,0,5.428990906030172,0.04053513112547199,832.1566888518271,832.1566888518271,-0.00214381774695375
0.5,1,0.5,one_day_reservation,29,0.28125,739,735,4,0,5.428990906030172,0.040000645057053384,829.3081832432981,829.3081832432981,0.0
0.5,2,1,unbounded,0,1.0625,1483,1483,0,173.51195644228753,206.78619930691139,142.43628345068464,3084.8283437652744,2911.3163873229873,0.21499668142300235
0.5,2,1,one_day_reservation,0,1.0625,1483,903,580,0,13.196892139270457,0.6121726545703073,1870.8998645133745,1870.8998645133743,0.0
0.5,2,1,unbounded,1,1.0625,1465,1465,0,199.40978613371794,223.45748730504133,97.95839122493625,3105.69814329196,2906.288357158241,0.663255378217044
0.5,2,1,one_day_reservation,1,1.0625,1465,887,578,0,15.940235022277228,0.6498326053326093,1842.7282341088012,1842.7282341088026,-0.0244127108180274
0.5,2,1,unbounded,2,1.0625,1443,1443,0,124.80233609475837,135.1387529178319,85.81881226827703,3044.8023360947586,2920.0,0.1376107778857726
0.5,2,1,one_day_reservation,2,1.0625,1443,904,539,0,12.436190936072244,0.6466251140989412,1882.9272828337548,1882.927282833754,0.0
0.5,2,1,unbounded,3,1.0625,1450,1450,0,176.12791284296833,190.8479578097454,101.2109898784176,3073.6866459574617,2897.5587331144934,0.6961004122326914
0.5,2,1,one_day_reservation,3,1.0625,1450,899,551,0,11.563144201022833,0.6870601645844138,1893.254727229776,1893.2547272297766,0.0
0.5,2,1,unbounded,4,1.0625,1433,1433,0,210.88617620128008,267.8070735320643,125.02403595810284,3063.0605800293797,2852.1744038281013,0.04200300385370109
0.5,2,1,one_day_reservation,4,1.0625,1433,887,546,0,20.212608703083163,0.7590473143090611,1890.3146007942241,1890.3146007942237,0.0
0.5,2,1,unbounded,5,1.0625,1479,1479,0,253.33450511256854,272.07346957203816,119.75164740912174,3166.524918333316,2913.1904132207464,1.2517254550777264
0.5,2,1,one_day_reservation,5,1.0625,1479,911,568,7.122645677516655,13.782828467908224,0.6472918425518538,1893.0966459442416,1885.9740002667245,0.07827083162106215
0.5,2,1,unbounded,6,1.0625,1491,1491,0,255.55917804138585,337.715209031998,171.2262861171374,3143.2761988593916,2887.7170208180078,-0.36714826533364786
0.5,2,1,one_day_reservation,6,1.0625,1491,889,602,0.17147759194090106,27.359665025093534,0.94754456463916,1949.1831567462816,1949.011679154341,0.001884369142207704
0.5,2,1,unbounded,7,1.0625,1476,1476,0,324.99644959333966,339.79938396817687,155.95181669467328,3244.99644959334,2920.0,1.5264353786263454
0.5,2,1,one_day_reservation,7,1.0625,1476,901,575,0,17.78980079901344,0.749248567182558,1947.848798547151,1947.848798547153,-0.003056797995730405
0.5,2,1,unbounded,8,1.0625,1534,1534,0,268.7663820560992,280.41595208001354,132.54625284435565,3183.5519588154257,2914.785576759329,0.4489945152637309
0.5,2,1,one_day_reservation,8,1.0625,1534,921,613,0,10.57359461069466,0.6057461829172545,1917.0714983847586,1917.0714983847588,-0.11619334737027098
0.5,2,1,unbounded,9,1.0625,1392,1392,0,87.29840541936096,202.01110429302906,94.1660986288466,2967.055557571329,2879.7571521519694,-0.44381074044363705
0.5,2,1,one_day_reservation,9,1.0625,1392,856,536,0,16.820146102642738,0.8613815246551658,1903.7882938522764,1903.7882938522769,0.0
0.5,2,1,unbounded,10,1.0625,1498,1498,0,304.74685398503095,337.92247524115385,197.86274901276298,3221.488552070849,2916.741698085816,0.26919039927893984
0.5,2,1,one_day_reservation,10,1.0625,1498,891,607,1.5754678528597452,21.566874871181973,0.7579655471083636,1934.0471708208493,1932.4717029679896,-0.052345649575627214
0.5,2,1,unbounded,11,1.0625,1464,1464,0,199.52460978564977,232.3798178964044,95.32960735515574,3094.1806114540636,2894.656001668412,0.4606743455938552
0.5,2,1,one_day_reservation,11,1.0625,1464,913,551,0,11.296772101124574,0.6140154817052003,1952.1867278090629,1952.186727809063,-0.04169072747306687
0.5,2,1,unbounded,12,1.0625,1474,1474,0,195.91096476620612,225.2497690211605,138.57312573695475,3053.174132399905,2857.2631676336996,0.5330477606500801
0.5,2,1,one_day_reservation,12,1.0625,1474,906,568,0,14.447691287693264,0.6306979604395011,1844.3424205318033,1844.3424205318022,0.0
0.5,2,1,unbounded,13,1.0625,1436,1436,0,84.11808815911712,135.99063295684005,73.39520229818135,2967.5442230579492,2883.426134898831,-0.03850512207367898
0.5,2,1,one_day_reservation,13,1.0625,1436,901,535,0.9118555974637648,11.845215420898203,0.675742955829891,1867.897766208038,1866.9859106105744,0.010020391180920492
0.5,2,1,unbounded,14,1.0625,1476,1476,0,148.25824639426088,188.21569226771018,118.0412084191243,3036.1882003105634,2887.9299539163076,-0.3034284275796024
0.5,2,1,one_day_reservation,14,1.0625,1476,913,563,0,8.275128832459718,0.47365383195920985,1834.473560676159,1834.4735606761587,0.0
0.5,2,1,unbounded,15,1.0625,1480,1480,0,332.24345239974724,332.24345239974724,157.88312072661165,3231.1475465782337,2898.904094178488,0.9492994758139714
0.5,2,1,one_day_reservation,15,1.0625,1480,893,587,1.391920757121916,11.910621471762472,0.7693098170510806,1967.077199918921,1965.6852791617996,0.015295832495845232
0.5,2,1,unbounded,16,1.0625,1513,1513,0,296.70906760805906,296.70906760805906,144.14964247006662,3192.5937599024273,2895.884692294369,0.886268959963301
0.5,2,1,one_day_reservation,16,1.0625,1513,927,586,7.628876731461228,13.319942612418423,0.7567488738834685,1926.922083850052,1919.2932071185908,0.08383381023583766
0.5,2,1,unbounded,17,1.0625,1437,1437,0,120.051213199763,209.45378908916817,129.23668452793262,3034.2608860666865,2914.209672866925,-0.8989899560125695
0.5,2,1,one_day_reservation,17,1.0625,1437,885,552,0,11.505899044937202,0.6591202985651511,1821.7002997066618,1821.7002997066618,0.0
0.5,2,1,unbounded,18,1.0625,1444,1444,0,194.49503172990745,260.70215184755807,159.60601384862625,3114.4950317299063,2920.0,-0.5971751747577939
0.5,2,1,one_day_reservation,18,1.0625,1444,907,537,0,9.549765552397872,0.5956930701071106,1913.572232628689,1913.5722326286889,0.0
0.5,2,1,unbounded,19,1.0625,1411,1411,0,47.28688446878432,171.83444417340843,88.56229730301213,2953.412420973405,2906.125536504621,-1.0756873562514548
0.5,2,1,one_day_reservation,19,1.0625,1411,879,532,0,13.378462422606429,0.6572347736617458,1867.1391094805329,1867.139109480532,0.0
0.5,2,1,unbounded,20,1.0625,1428,1428,0,143.05162728079046,168.38391842181903,89.1516373448828,3009.4052795988277,2866.3536523180383,0.5000231468046908
0.5,2,1,one_day_reservation,20,1.0625,1428,874,554,0,14.18364046924313,0.7530315706949889,1855.9756562226655,1855.9756562226653,0.0
0.5,2,1,unbounded,21,1.0625,1426,1426,0,142.3136338221213,151.01120164617416,57.17799697685242,3039.314246416806,2897.0006125946825,0.45807382398367674
0.5,2,1,one_day_reservation,21,1.0625,1426,893,533,0,16.160495808108976,0.5670259120440092,1819.3153211135582,1819.3153211135584,0.0
0.5,2,1,unbounded,22,1.0625,1567,1567,0,396.3552681146009,419.9636697862529,224.60533608811613,3302.0471501777333,2905.6918820631317,0.9224738898915942
0.5,2,1,one_day_reservation,22,1.0625,1567,917,650,1.5884823452686518,8.550113244588488,0.6142351791701358,1922.12816623468,1920.539683889412,0.0010510824614438233
0.5,2,1,unbounded,23,1.0625,1418,1418,0,83.99762370878553,146.10701127227804,89.61065050440394,2947.616230500739,2863.6186067919543,-0.37434699466285576
0.5,2,1,one_day_reservation,23,1.0625,1418,899,519,2.3491616070915953,10.565531333931276,0.6275230842830668,1903.6690264441015,1901.31986483701,0.025814962715292256
0.5,2,1,unbounded,24,1.0625,1502,1502,0,329.69126176795544,332.01693645918675,149.84454944097058,3238.1593364919004,2908.4680747239445,1.2013528583494388
0.5,2,1,one_day_reservation,24,1.0625,1502,899,603,0,10.268797243955746,0.7708137451377459,1920.5202547482036,1920.5202547482031,0.0
0.5,2,1,unbounded,25,1.0625,1477,1477,0,360.0372631123395,360.0372631123395,208.31949485224783,3278.525113152695,2918.4878500403584,0.9216237406204705
0.5,2,1,one_day_reservation,25,1.0625,1477,892,585,4.007989641341371,13.686559484379018,0.9161107368278709,1973.8804496623543,1969.8724600210141,0.044043842212542546
0.5,2,1,unbounded,26,1.0625,1493,1493,0,412.62268407534026,414.1912868323754,234.50698376262585,3319.834696666337,2907.212012590998,0.6643406813134871
0.5,2,1,one_day_reservation,26,1.0625,1493,856,637,0,14.193919190030883,0.9174481412467798,1998.0795249866615,1998.079524986662,0.0
0.5,2,1,unbounded,27,1.0625,1477,1477,0,298.9235236598378,312.851178433972,115.64433433482561,3172.989654007179,2874.066130347337,1.4793480250546747
0.5,2,1,one_day_reservation,27,1.0625,1477,930,547,0,17.22095081368935,0.6761992369172026,1959.3896765824265,1959.3896765824268,0.0
0.5,2,1,unbounded,28,1.0625,1497,1497,0,361.6466713668808,371.4887859644925,172.80088564733023,3248.885143424994,2887.238472058116,1.7500911470072893
0.5,2,1,one_day_reservation,28,1.0625,1497,907,590,0,10.790633001546873,0.6904338639390438,1959.7925612025026,1959.7925612025026,0.0
0.5,2,1,unbounded,29,1.0625,1456,1456,0,225.4732336420493,225.55476130451976,83.47757531055764,3074.839710832665,2849.3664771906156,1.186457752299813
0.5,2,1,one_day_reservation,29,1.0625,1456,888,568,0,13.021405839968399,0.6953908882204,1886.546775413796,1886.546775413797,-0.02358782845336705
0.5,2,0.75,unbounded,0,0.8125,1483,1483,0,0,45.28992774186002,6.0012039175902,2359.4698162238706,2359.4698162238706,0.0
0.5,2,0.75,one_day_reservation,0,0.8125,1483,1133,350,0,10.10398338287132,0.45469308784261186,1785.255888456623,1785.2558884566222,0.0
0.5,2,0.75,unbounded,1,0.8125,1465,1465,0,0,29.477776875105747,4.952828266015325,2367.947548751508,2367.947548751509,-0.03964231373024711
0.5,2,0.75,one_day_reservation,1,0.8125,1465,1109,356,0,16.581450772814758,0.4928656638634986,1784.0542189794298,1784.05421897943,0.0
0.5,2,0.75,unbounded,2,0.8125,1443,1443,0,5.285962881315754,30.094471469127114,5.18591599468625,2331.2579888718615,2325.9720259905444,0.051264415566965524
0.5,2,0.75,one_day_reservation,2,0.8125,1443,1125,318,0.5963715816307769,10.161147768136658,0.4891488836583816,1809.4783539783411,1808.8819823967096,0.006553533864074471
0.5,2,0.75,unbounded,3,0.8125,1450,1450,0,11.323267916082383,22.88526050318245,3.329408744383977,2344.257691614175,2332.9344236980937,0.12443151556134487
0.5,2,0.75,one_day_reservation,3,0.8125,1450,1124,326,0,7.785791443069893,0.537168225885977,1822.9643732408229,1822.9643732408226,0.0
0.5,2,0.75,unbounded,4,0.8125,1433,1433,0,0,44.63156295465639,5.101126685540132,2345.9455280735137,2345.945528073515,0.0
0.5,2,0.75,one_day_reservation,4,0.8125,1433,1100,333,0,18.685143091669786,0.5951643994884181,1817.154985423629,1817.1549854236291,0.0
0.5,2,0.75,unbounded,5,0.8125,1479,1479,0,14.892932176509227,37.182518008228605,5.343453272409424,2423.752165281636,2408.8592331051273,0.16365859534625524
0.5,2,0.75,one_day_reservation,5,0.8125,1479,1130,349,6.477454960692297,10.828812935640244,0.5046804455100508,1814.140553763074,1807.663098802381,0.0711808237438714
0.5,2,0.75,unbounded,6,0.8125,1491,1491,0,0,43.21924303843548,6.507837060059944,2402.8839370638852,2402.8839370638843,-0.2206298094804539
0.5,2,0.75,one_day_reservation,6,0.8125,1491,1139,352,0,20.87152117464046,0.589094278771878,1894.7452066254614,1894.7452066254612,0.0
0.5,2,0.75,unbounded,7,0.8125,1476,1476,0,0,35.787858962969594,5.4693717217007745,2475.5931339327462,2475.593133932746,0.0
0.5,2,0.75,one_day_reservation,7,0.8125,1476,1121,355,0,13.690131925172874,0.5825717298857057,1879.161702590514,1879.161702590516,0.0
0.5,2,0.75,unbounded,8,0.8125,1534,1534,0,0,42.64264871369535,5.51783318488611,2436.820717210915,2436.820717210915,-0.4686005353153335
0.5,2,0.75,one_day_reservation,8,0.8125,1534,1147,387,0,9.336136652689476,0.42348801301311007,1817.7801089843147,1817.780108984314,-0.10259490827131292
0.5,2,0.75,unbounded,9,0.8125,1392,1392,0,0,46.166577677414004,4.764974301316758,2271.219023465034,2271.2190234650334,-0.06644472383764702
0.5,2,0.75,one_day_reservation,9,0.8125,1392,1075,317,0,14.278845367114336,0.5197250879277142,1771.6338639143198,1771.63386391432,0.0
0.5,2,0.75,unbounded,10,0.8125,1498,1498,0,4.196069220640451,46.337963997503316,7.446120023554062,2460.661720398382,2456.465651177743,-0.19616124764785048
0.5,2,0.75,one_day_reservation,10,0.8125,1498,1122,376,1.229358298705403,14.77641398011217,0.5853466795343295,1846.0650457784461,1844.8356874797403,-0.11536100850455172
0.5,2,0.75,unbounded,11,0.8125,1464,1464,0,0,22.86016835821947,3.469569767104512,2365.0227909343216,2365.0227909343216,-0.0310660755047821
0.5,2,0.75,one_day_reservation,11,0.8125,1464,1148,316,0,13.839707679031434,0.4535175179805661,1875.7443640322488,1875.7443640322492,-0.00929002362677817
0.5,2,0.75,unbounded,12,0.8125,1474,1474,0,0,49.63720867777218,7.4693651389649025,2334.3553354337632,2334.3553354337646,0.0
0.5,2,0.75,one_day_reservation,12,0.8125,1474,1138,336,0,11.292860329238614,0.45464358756150797,1779.797638122267,1779.797638122267,0.0
0.5,2,0.75,unbounded,13,0.8125,1436,1436,0,3.0594596431433594,20.663704804476804,2.4761914051406677,2263.603157135438,2260.5436974922945,0.03362043563893802
0.5,2,0.75,one_day_reservation,13,0.8125,1436,1138,298,3.0594596431433594,6.883911565673653,0.43765022150587496,1804.3326074999716,1801.2731478568285,0.03362043563893802
0.5,2,0.75,unbounded,14,0.8125,1476,1476,0,9.462605339513793,35.25749363580336,3.2100675977073894,2321.0773321793113,2311.614726839799,0.10398467406059113
0.5,2,0.75,one_day_reservation,14,0.8125,1476,1138,338,0.24117704663063577,7.572644856820183,0.356592913838869,1762.6862545701085,1762.4450775234782,0.0026502972157212723
0.5,2,0.75,unbounded,15,0.8125,1480,1480,0,6.44097107897586,22.856479511804956,3.774373783169389,2465.1694216591422,2458.7284505801686,0.07077990196676769
0.5,2,0.75,one_day_reservation,15,0.8125,1480,1148,332,0,10.513289466192298,0.5182047836789491,1902.38242467192,1902.3824246719219,0.0
0.5,2,0.75,unbounded,16,0.8125,1513,1513,0,16.785112726961334,30.405633700232443,5.600838183484782,2438.7911669758973,2422.0060542489346,0.1844517882083663
0.5,2,0.75,one_day_reservation,16,0.8125,1513,1160,353,5.8944719004727375,9.174274084136457,0.5311764342203649,1850.4476543548994,1844.5531824544262,0.0647744164887114
0.5,2,0.75,unbounded,17,0.8125,1437,1437,0,0,21.419407343572303,4.228866412770491,2314.959657181812,2314.959657181812,-0.0025689136717533165
0.5,2,0.75,one_day_reservation,17,0.8125,1437,1105,332,0,8.281752597990963,0.44829016232697233,1741.2624080573755,1741.2624080573753,0.0
0.5,2,0.75,unbounded,18,0.8125,1444,1444,0,5.7961258769514075,37.32598155571013,5.370534677010971,2382.3592187023646,2376.5630928254154,0.06369369095550997
0.5,2,0.75,one_day_reservation,18,0.8125,1444,1114,330,0,11.770235536958744,0.5255459531414907,1834.1819020879097,1834.1819020879102,0.0
0.5,2,0.75,unbounded,19,0.8125,1411,1411,0,0,20.179608604264274,2.494624391007775,2251.1595289913103,2251.1595289913107,0.0
0.5,2,0.75,one_day_reservation,19,0.8125,1411,1094,317,0,8.682016825880009,0.43800274751371476,1784.4006766334765,1784.4006766334767,0.0
0.5,2,0.75,unbounded,20,0.8125,1428,1428,0,3.114393170490157,29.23244114040976,3.5892714823538707,2306.889455040414,2303.7750618699224,0.03422410077461711
0.5,2,0.75,one_day_reservation,20,0.8125,1428,1094,334,0.6188720306160143,10.93000465920985,0.5354204800353668,1768.195818392446,1767.5769463618299,0.006800791545230926
0.5,2,0.75,unbounded,21,0.8125,1426,1426,0,0,34.58874234453656,4.206636347909813,2323.2232995041277,2323.223299504129,0.0
0.5,2,0.75,one_day_reservation,21,0.8125,1426,1109,317,0,10.381267388427219,0.4226076873982998,1769.1654981749682,1769.16549817497,0.0
0.5,2,0.75,unbounded,22,0.8125,1567,1567,0,2.3275489299749346,50.39012367275909,6.8313124589069245,2518.1906582500933,2515.8631093201216,-0.06421192665253839
0.5,2,0.75,one_day_reservation,22,0.8125,1567,1149,418,0,9.077096038928776,0.4553197023601809,1822.6521963988914,1822.6521963988914,-0.021539557601039448
0.5,2,0.75,unbounded,23,0.8125,1418,1418,0,9.381683304943987,54.49073827402361,6.121580807490777,2260.7279244647857,2251.346241159842,0.10309542093345041
0.5,2,0.75,one_day_reservation,23,0.8125,1418,1123,295,1.8736643841742442,8.526903565470587,0.3541562003028507,1782.0671747848046,1780.1935104006297,0.020589718507409278
0.5,2,0.75,unbounded,24,0.8125,1502,1502,0,11.277467095870172,31.97352232832627,5.156082680259073,2482.4119090132654,2471.1344419173947,0.12392820984472716
0.5,2,0.75,one_day_reservation,24,0.8125,1502,1135,367,0,9.668104062222291,0.5314222967111628,1872.7488743194892,1872.7488743194895,0.0
0.5,2,0.75,unbounded,25,0.8125,1477,1477,0,22.652418753940363,35.74972868478959,7.687582792336095,2509.693590833567,2487.0411720796274,0.17366451756656673
0.5,2,0.75,one_day_reservation,25,0.8125,1477,1135,342,2.9136267422351914,13.20834973093002,0.6114483074701536,1895.5264260939364,1892.6127993517007,0.03201787628829881
0.5,2,0.75,unbounded,26,0.8125,1493,1493,0,13.79114808325106,52.12261460664949,9.36681060687044,2537.008779172091,2523.217631088841,0.15155107783792374
0.5,2,0.75,one_day_reservation,26,0.8125,1493,1099,394,0,10.314489184382083,0.6728478974850888,1937.8931076914787,1937.8931076914778,0.0
0.5,2,0.75,unbounded,27,0.8125,1477,1477,0,22.56896823764908,67.44167038338024,7.959936060462358,2419.87705038557,2397.308082147921,0.24801063997416573
0.5,2,0.75,one_day_reservation,27,0.8125,1477,1152,325,0,14.20704317211792,0.5466069836662685,1868.4442968611609,1868.4442968611618,0.0
0.5,2,0.75,unbounded,28,0.8125,1497,1497,0,0.13645356716415513,42.347992069596884,7.175206591117612,2488.9092383378934,2488.772784770731,0.0014994897490566497
0.5,2,0.75,one_day_reservation,28,0.8125,1497,1138,359,0,9.973997972142406,0.5332896049822852,1894.302428835698,1894.3024288356978,0.0
0.5,2,0.75,unbounded,29,0.8125,1456,1456,0,6.73979135215221,23.201363692696507,3.7886970097976116,2342.8047517771242,2336.0649604249716,0.07406364123244187
0.5,2,0.75,one_day_reservation,29,0.8125,1456,1125,331,1.774863560776847,11.522890745187553,0.45384101467376275,1829.1329861397517,1827.3581225789744,0.019503995173371945
0.5,2,0.5,unbounded,0,0.5625,1483,1483,0,0,8.047459066399558,0.4994992687675446,1634.111288682466,1634.1112886824658,0.0
0.5,2,0.5,one_day_reservation,0,0.5625,1483,1426,57,0,6.455478318844651,0.25392795176398114,1556.2593038845323,1556.259303884533,0.0
0.5,2,0.5,unbounded,1,0.5625,1465,1465,0,0,15.274445863649621,0.6376447525020453,1630.1969542110562,1630.1969542110567,0.0
0.5,2,0.5,one_day_reservation,1,0.5625,1465,1400,65,0,11.021346286822386,0.3072892763251131,1552.0693178003983,1552.0693178003983,0.0
0.5,2,0.5,unbounded,2,0.5625,1443,1443,0,0.8573085875438355,11.491492846657085,0.5744000102706927,1617.7136416489627,1616.8563330614193,0.009420973489492699
0.5,2,0.5,one_day_reservation,2,0.5625,1443,1386,57,0.8573085875438355,6.926259776064391,0.26049271403078,1546.490660752597,1545.6333521650536,0.009420973489492699
0.5,2,0.5,unbounded,3,0.5625,1450,1450,0,0,8.27968743269625,0.3688092571716941,1614.828737270892,1614.8287372708917,0.0
0.5,2,0.5,one_day_reservation,3,0.5625,1450,1406,44,0,6.575916763828321,0.23698131105800455,1563.2933368813578,1563.2933368813578,0.0
0.5,2,0.5,unbounded,4,0.5625,1433,1433,0,0,13.122059515023246,0.5500580589693818,1628.8304761176469,1628.8304761176464,0.0
0.5,2,0.5,one_day_reservation,4,0.5625,1433,1385,48,0,13.122059515023246,0.3158658907563443,1578.4229598430425,1578.4229598430425,0.0
0.5,2,0.5,unbounded,5,0.5625,1479,1479,0,4.803131342180004,9.928600329370127,0.6346930582032567,1680.9794122299586,1676.176280887778,0.052781663100879166
0.5,2,0.5,one_day_reservation,5,0.5625,1479,1408,71,4.643628789600173,7.1054318678383,0.3847874731813796,1598.476463168189,1593.8328343785888,0.0510288877978041
0.5,2,0.5,unbounded,6,0.5625,1491,1491,0,0,12.199075331688892,0.5951082028724529,1662.491675268374,1662.491675268374,0.0
0.5,2,0.5,one_day_reservation,6,0.5625,1491,1413,78,0,12.199075331688892,0.2899264701871554,1580.3167094544576,1580.3167094544576,0.0
0.5,2,0.5,unbounded,7,0.5625,1476,1476,0,0,15.602338911615771,0.6057999574231248,1706.1898182721525,1706.1898182721516,0.0
0.5,2,0.5,one_day_reservation,7,0.5625,1476,1412,64,0,12.370542302669492,0.39144164366452294,1636.607300678437,1636.607300678436,0.0
0.5,2,0.5,unbounded,8,0.5625,1534,1534,0,0,16.85099983429069,0.5597888832257487,1690.0894756063985,1690.089475606399,-0.18517582235484276
0.5,2,0.5,one_day_reservation,8,0.5625,1534,1455,79,0,9.530093620990577,0.2986439547083999,1615.167587156184,1615.167587156185,-0.07624821358897715
0.5,2,0.5,unbounded,9,0.5625,1392,1392,0,0,15.550176727946514,0.47841434965758706,1575.3824893587366,1575.3824893587368,0.0
0.5,2,0.5,one_day_reservation,9,0.5625,1392,1328,64,0,12.303457566435522,0.2728211079626865,1505.7968814070423,1505.7968814070427,0.0
0.5,2,0.5,unbounded,10,0.5625,1498,1498,0,0,19.143224592891855,0.8136644776728414,1699.8348887259199,1699.8348887259187,-0.10042472349894958
0.5,2,0.5,one_day_reservation,10,0.5625,1498,1414,84,0,8.00070091923537,0.32666131728812775,1601.759689329242,1601.7596893292418,-0.08161393285599883
0.5,2,0.5,unbounded,11,0.5625,1464,1464,0,0,9.889085027842444,0.3970984620166718,1635.864970414583,1635.8649704145835,0.0
0.5,2,0.5,one_day_reservation,11,0.5625,1464,1419,45,0,9.889085027842444,0.236550575414691,1582.5087532427945,1582.5087532427942,0.0
0.5,2,0.5,unbounded,12,0.5625,1474,1474,0,0,12.406293567173101,0.6352968647816958,1615.5365384676231,1615.5365384676231,0.0
0.5,2,0.5,one_day_reservation,12,0.5625,1474,1406,68,0,8.748300113369826,0.2310570169108734,1528.4022511167168,1528.4022511167168,0.0
0.5,2,0.5,unbounded,13,0.5625,1436,1436,0,0,10.73519522298361,0.2561867592458976,1559.662091212927,1559.6620912129265,0.0
0.5,2,0.5,one_day_reservation,13,0.5625,1436,1389,47,0,6.214907261285138,0.15132715926074825,1509.157251491263,1509.1572514912627,0.0
0.5,2,0.5,unbounded,14,0.5625,1476,1476,0,1.3462308510395289,8.329353773847373,0.4662364130850965,1605.9664640480573,1604.6202331970185,0.014793745615818999
0.5,2,0.5,one_day_reservation,14,0.5625,1476,1406,70,0.04483167322384318,7.458884574469753,0.2936204372497696,1533.180163141689,1533.1353314684657,0.0004926557497125625
0.5,2,0.5,unbounded,15,0.5625,1480,1480,0,0,10.226785728324476,0.5156078787120301,1699.191296740052,1699.1912967400517,0.0
0.5,2,0.5,one_day_reservation,15,0.5625,1480,1430,50,0,9.454070311962006,0.3134979868010718,1634.7752264674934,1634.775226467493,0.0
0.5,2,0.5,unbounded,16,0.5625,1513,1513,0,6.469147397100976,14.630490969779284,0.61162284373649,1684.9885740493621,1678.5194266522622,0.07108953183627446
0.5,2,0.5,one_day_reservation,16,0.5625,1513,1453,60,6.469147397100976,10.19043604145492,0.3077068541007267,1613.77848104833,1607.3093336512297,0.07108953183627446
0.5,2,0.5,unbounded,17,0.5625,1437,1437,0,0,10.207136675518349,0.44123226490557615,1595.658428296936,1595.658428296937,0.0
0.5,2,0.5,one_day_reservation,17,0.5625,1437,1377,60,0,10.207136675518349,0.3017855128548802,1533.270759984038,1533.2707599840382,0.0
0.5,2,0.5,unbounded,18,0.5625,1444,1444,0,0,9.176851996999538,0.4512612379730527,1650.2234056748248,1650.2234056748237,0.0
0.5,2,0.5,one_day_reservation,18,0.5625,1444,1395,49,0,6.547258123230407,0.25747195006873186,1590.895956675599,1590.8959566755984,0.0
0.5,2,0.5,unbounded,19,0.5625,1411,1411,0,0,6.415344017192961,0.2801274001313718,1548.9066370092173,1548.9066370092169,0.0
0.5,2,0.5,one_day_reservation,19,0.5625,1411,1367,44,0,5.294914179934963,0.18072863601379452,1505.4482421110984,1505.4482421110981,0.0
0.5,2,0.5,unbounded,20,0.5625,1428,1428,0,0,12.720649301530699,0.5874247391995974,1604.3736304819965,1604.373630481996,0.0
0.5,2,0.5,one_day_reservation,20,0.5625,1428,1362,66,0,12.720649301530699,0.3569294007256068,1527.862767897816,1527.8627678978153,0.0
0.5,2,0.5,unbounded,21,0.5625,1426,1426,0,0,8.867247565341536,0.45328122544593075,1607.1323525914552,1607.1323525914547,0.0
0.5,2,0.5,one_day_reservation,21,0.5625,1426,1372,54,0,7.683442914855977,0.3181325351236019,1552.0467056584587,1552.0467056584584,0.0
0.5,2,0.5,unbounded,22,0.5625,1567,1567,0,0,20.6012671063329,0.8683388339860233,1734.3341663224603,1734.33416632246,0.0
0.5,2,0.5,one_day_reservation,22,0.5625,1567,1468,99,0,10.914425458673644,0.3539406646405327,1634.2042482328675,1634.2042482328677,0.0
0.5,2,0.5,unbounded,23,0.5625,1418,1418,0,3.829180285545677,14.74933209795023,0.5157566240005909,1573.8396184288313,1570.010438143285,0.042078904236765684
0.5,2,0.5,one_day_reservation,23,0.5625,1418,1366,52,1.6777948596147656,9.575885402472341,0.22607317554365028,1510.1202177368934,1508.442422877278,0.01843730614961281
0.5,2,0.5,unbounded,24,0.5625,1502,1502,0,0,13.601572009443373,0.678089674034399,1726.6644815346317,1726.6644815346312,0.0
0.5,2,0.5,one_day_reservation,24,0.5625,1502,1423,79,0,7.209850693122389,0.3779580165413499,1644.2220048029985,1644.2220048029985,0.0
0.5,2,0.5,unbounded,25,0.5625,1477,1477,0,2.2703098532702874,16.00037552376917,0.8208258058175807,1740.8620685144379,1738.591758661167,0.024948459926047113
0.5,2,0.5,one_day_reservation,25,0.5625,1477,1389,88,1.8192638431290131,8.80556648728668,0.36807583350454776,1624.3504306678203,1622.5311668246902,0.01999191036405509
0.5,2,0.5,unbounded,26,0.5625,1493,1493,0,0,15.768466960930382,0.6852033394090794,1754.182861677844,1754.1828616778437,0.0
0.5,2,0.5,one_day_reservation,26,0.5625,1493,1412,81,0,9.48492542175066,0.33637323469270386,1654.9839827911005,1654.9839827910996,0.0
0.5,2,0.5,unbounded,27,0.5625,1477,1477,0,0,13.142413740729346,0.5313056192353721,1666.7644467639677,1666.764446763967,0.0
0.5,2,0.5,one_day_reservation,27,0.5625,1477,1428,49,0,10.178486829444381,0.2516377190491269,1607.9956279016715,1607.995627901671,0.0
0.5,2,0.5,unbounded,28,0.5625,1497,1497,0,0,15.330951530894794,0.6103091099080573,1728.9333332507908,1728.9333332507915,0.0
0.5,2,0.5,one_day_reservation,28,0.5625,1497,1442,55,0,15.330951530894794,0.3447164672268418,1673.8391396223697,1673.8391396223694,0.0
0.5,2,0.5,unbounded,29,0.5625,1456,1456,0,0,9.06843818508844,0.4483508099690762,1610.7697927215822,1610.7697927215822,0.0
0.5,2,0.5,one_day_reservation,29,0.5625,1456,1399,57,0,7.414445862554153,0.24701102003357475,1547.1117158925454,1547.1117158925456,0.0
0.5,4,1,unbounded,0,2.125,2881,2881,0,3258.616493408613,3258.616493408613,1722.5883050096602,6176.322978553759,2917.7064851451464,8.029547449548618
0.5,4,1,one_day_reservation,0,2.125,2881,989,1892,0,14.333659479666068,0.7684945419158664,2104.4715169450096,2104.4715169450096,0.0
0.5,4,1,unbounded,1,2.125,2910,2910,0,3092.54658160084,3092.54658160084,1595.064090728977,6012.546581600839,2920.0,8.109715984653276
0.5,4,1,one_day_reservation,1,2.125,2910,991,1919,15.797389589185226,15.797389589185226,0.792164552058101,2071.800205546748,2056.0028159575636,0.17359768779324425
0.5,4,1,unbounded,2,2.125,2900,2900,0,3101.970647360769,3101.970647360769,1617.444991905777,6021.970647360766,2920.0,8.221180142099007
0.5,4,1,one_day_reservation,2,2.125,2900,994,1906,0,12.141364426949622,0.7393157467045803,2054.610765546644,2054.6107655466435,0.0
0.5,4,1,unbounded,3,2.125,2984,2984,0,3301.6962268424795,3302.601112295152,1624.8637407998426,6221.696226842473,2920.0,9.929897551763343
0.5,4,1,one_day_reservation,3,2.125,2984,985,1999,0,14.430179757803472,0.8139366671283499,2122.2848773240876,2122.2848773240876,0.0
0.5,4,1,unbounded,4,2.125,2977,2977,0,3322.9557944573644,3322.9557944573644,1693.4450889574236,6242.213487328395,2919.257692871034,7.852184446389766
0.5,4,1,one_day_reservation,4,2.125,2977,980,1997,0,10.425357995111558,0.8767566834720201,2087.3065273841444,2087.306527384146,0.0
0.5,4,1,unbounded,5,2.125,2839,2839,0,3256.2624029343956,3256.2624029343956,1644.0853954209251,6176.262402934391,2920.0,8.122838604348354
0.5,4,1,one_day_reservation,5,2.125,2839,974,1865,1.823877383967984,12.844350403102958,0.9451972783751903,2209.5138473997085,2207.6899700157405,0.020042608615032792
0.5,4,1,unbounded,6,2.125,2834,2834,0,3079.3983963973674,3079.3983963973674,1591.5254042596048,5996.021900726841,2916.6235043294755,8.69867279793449
0.5,4,1,one_day_reservation,6,2.125,2834,965,1869,0,17.611604503444646,1.0165850714280207,2083.485692989886,2083.4856929898865,0.0
0.5,4,1,unbounded,7,2.125,3038,3038,0,3610.3909721074333,3610.3909721074333,1913.171594695535,6530.390972107437,2920.0,8.750667668237874
0.5,4,1,one_day_reservation,7,2.125,3038,992,2046,0.7094872993574981,12.322940957252271,0.7514932482077751,2051.323316902833,2050.6138296034756,0.007796563729203276
0.5,4,1,unbounded,8,2.125,2887,2887,0,3170.721322822045,3175.1249616338678,1580.6567130925682,6090.721322822047,2920.0,9.18289285304512
0.5,4,1,one_day_reservation,8,2.125,2887,979,1908,0,13.268280885265519,0.8854350111412989,2080.067359992448,2080.0673599924476,-0.005784786165588755
0.5,4,1,unbounded,9,2.125,2964,2964,0,3399.2536663266455,3399.2536663266455,1689.397687159791,6319.25366632664,2920.0,8.889529827170538
0.5,4,1,one_day_reservation,9,2.125,2964,988,1976,0,14.107503307762155,0.8139807296904447,2081.3509729791713,2081.3509729791713,-0.026226241383879315
0.5,4,1,unbounded,10,2.125,2939,2939,0,3473.931987009375,3473.931987009375,1755.4396264820107,6393.931987009371,2920.0,10.190840302982187
0.5,4,1,one_day_reservation,10,2.125,2939,967,1972,6.442398032478138,12.92416623463432,0.9804266753621566,2188.9321488838214,2182.4897508513427,0.07079558277448504
0.5,4,1,unbounded,11,2.125,2985,2985,0,3525.845017779847,3525.845017779847,1718.7178208463013,6445.8450177798495,2920.0,10.004331037400188
0.5,4,1,one_day_reservation,11,2.125,2985,995,1990,0,12.254870453345053,0.7440999112200078,2022.5908152081697,2022.59081520817,-0.00812885145577144
0.5,4,1,unbounded,12,2.125,2870,2870,0,2997.7939376880795,2997.7939376880795,1547.009910643631,5917.793937688086,2920.0,7.401465188874097
0.5,4,1,one_day_reservation,12,2.125,2870,992,1878,0,11.431776415713173,0.7203397456343158,2021.878152690213,2021.8781526902126,0.0
0.5,4,1,unbounded,13,2.125,2801,2801,0,2933.3741119431947,2933.3741119431947,1524.36157764743,5850.323108393549,2916.9489964503587,7.3184340239623396
0.5,4,1,one_day_reservation,13,2.125,2801,993,1808,0,12.493604491192894,0.7510707674551981,2054.8811678147604,2054.88116781476,0.0
0.5,4,1,unbounded,14,2.125,2864,2864,0,3205.1001589874063,3205.1001589874063,1647.1790369272683,6125.1001589874095,2920.0,8.445171570204256
0.5,4,1,one_day_reservation,14,2.125,2864,975,1889,0,11.080454594519864,0.9038607981876132,2094.6256513665007,2094.6256513665003,-0.07677456820542788
0.5,4,1,unbounded,15,2.125,3029,3029,0,3400.0207467588148,3400.0207467588148,1725.18773978083,6320.020746758813,2920.0,8.984881469367872
0.5,4,1,one_day_reservation,15,2.125,3029,981,2048,0,12.047954089326293,0.8887165506089566,2050.5027578928953,2050.5027578928944,-0.04153769529686283
0.5,4,1,unbounded,16,2.125,2953,2953,0,3564.2921327242075,3564.2921327242075,1792.3093927685752,6484.2921327242075,2920.0,10.182584839208955
0.5,4,1,one_day_reservation,16,2.125,2953,992,1961,0,12.475786895034844,0.8465521170288384,2151.991867183393,2151.991867183391,0.0
0.5,4,1,unbounded,17,2.125,2911,2911,0,3337.3015673196574,3337.3015673196574,1631.775240250362,6257.301567319651,2920.0,9.1878369083557
0.5,4,1,one_day_reservation,17,2.125,2911,993,1918,0,18.39840233639055,0.8385486639956238,2061.14938191604,2061.1493819160405,-0.0056217365855231695
0.5,4,1,unbounded,18,2.125,2912,2912,0,3239.487049750599,3239.487049750599,1644.0752898326743,6159.487049750603,2920.0,9.130759579729508
0.5,4,1,one_day_reservation,18,2.125,2912,990,1922,0.2001564738779198,15.424772926413336,0.816005950595643,2019.3972511177774,2019.1970946438996,-0.03351178723598886
0.5,4,1,unbounded,19,2.125,2882,2882,0,3121.564316272592,3121.564316272592,1635.2117491788372,6041.564316272596,2920.0,7.942281382093195
0.5,4,1,one_day_reservation,19,2.125,2882,996,1886,1.9786364761769164,12.356001465057656,0.6993581423561376,2056.4946637118774,2054.5160272357016,0.021743257979966114
0.5,4,1,unbounded,20,2.125,2828,2828,0,3084.5010568425537,3084.5010568425537,1636.8547513752144,6004.501056842563,2920.0,7.456128784037521
0.5,4,1,one_day_reservation,20,2.125,2828,990,1838,0,12.918922684724421,0.7727407261264824,2071.7437370195894,2071.743737019588,-0.020363277122916048
0.5,4,1,unbounded,21,2.125,2910,2910,0,3263.8219854442877,3263.8219854442877,1628.0725342083692,6183.821985444286,2920.0,9.404461561226697
0.5,4,1,one_day_reservation,21,2.125,2910,993,1917,0,11.622058974503481,0.7483919991670174,2046.4782819669158,2046.478281966916,0.0
0.5,4,1,unbounded,22,2.125,2973,2973,0,3363.413534465761,3363.413534465761,1715.2574736609201,6283.413534465757,2920.0,9.074149904505518
0.5,4,1,one_day_reservation,22,2.125,2973,991,1982,1.0746826305569535,10.012722437333672,0.7610090867815134,2112.6782249294624,2111.603542298906,-0.010978051057018778
0.5,4,1,unbounded,23,2.125,2918,2918,0,3293.343750292603,3293.343750292603,1639.9096244406137,6213.3437502926035,2920.0,9.391280998766723
0.5,4,1,one_day_reservation,23,2.125,2918,996,1922,3.8736989298884765,10.836459454855436,0.7198197484927846,2092.2573090148694,2088.3836100849817,0.04256812010866458
0.5,4,1,unbounded,24,2.125,2959,2959,0,3374.479520065087,3374.479520065087,1695.3880962231376,6294.479520065089,2920.0,9.906720941810567
0.5,4,1,one_day_reservation,24,2.125,2959,986,1973,0,13.933638869983813,0.8384233120441524,2026.471501540628,2026.4715015406275,0.0
0.5,4,1,unbounded,25,2.125,2948,2948,0,3383.089023676938,3383.089023676938,1721.6255566161806,6303.089023676935,2920.0,9.723914937678789
0.5,4,1,one_day_reservation,25,2.125,2948,987,1961,0.4385003841652857,13.972740311611684,0.778864032553447,2081.6876042456997,2081.2491038615353,0.004818685540277865
0.5,4,1,unbounded,26,2.125,2896,2896,0,3337.4558553571146,3337.4558553571146,1747.8615212826385,6257.455855357108,2920.0,7.650665706293479
0.5,4,1,one_day_reservation,26,2.125,2896,978,1918,0,11.185880421241617,0.8706371975141073,2077.2824164258495,2077.28241642585,0.0
0.5,4,1,unbounded,27,2.125,2921,2921,0,3257.2878523945265,3257.2878523945265,1613.9823121980853,6177.287852394532,2920.0,8.588534039837839
0.5,4,1,one_day_reservation,27,2.125,2921,994,1927,0,18.142807315300743,0.8226891059698653,2048.143271100074,2048.143271100074,-0.0008359962801752054
0.5,4,1,unbounded,28,2.125,2942,2942,0,3415.0093647036197,3415.0093647036197,1651.9939759513952,6334.9462036107525,2919.936838907135,10.231303913243554
0.5,4,1,one_day_reservation,28,2.125,2942,970,1972,2.054540373916632,13.071838938297656,1.0027658048320334,2151.7407147765584,2149.6861744026414,0.022577366746336616
0.5,4,1,unbounded,29,2.125,2921,2921,0,3281.8100204169095,3281.8100204169095,1702.8820935295735,6201.810020416906,2920.0,8.356523189835091
0.5,4,1,one_day_reservation,29,2.125,2921,1002,1919,0,13.840120829076422,0.7018813451826734,2111.934898190428,2111.9348981904286,0.0
0.5,4,0.75,unbounded,0,1.625,2881,2881,0,1815.4814028962985,1815.4814028962985,980.6814708204454,4731.892456205562,2916.411053309262,4.268793124556098
0.5,4,0.75,one_day_reservation,0,1.625,2881,1337,1544,0,13.51270751815246,0.6892179027829347,2179.8595770689963,2179.8595770689976,0.0
0.5,4,0.75,unbounded,1,1.625,2910,2910,0,1679.3034280958839,1679.3034280958839,874.8967512458584,4599.092072022124,2919.788643926237,4.345483882378655
0.5,4,0.75,one_day_reservation,1,1.625,2910,1343,1567,12.786379743629642,12.786379743629642,0.6943500349360522,2184.8402928438063,2172.053913100177,0.14050966751241364
0.5,4,0.75,unbounded,2,1.625,2900,2900,0,1685.9026524160433,1685.9026524160433,896.1136008559226,4605.902652416045,2920.0,4.365265152938486
0.5,4,0.75,one_day_reservation,2,1.625,2900,1341,1559,0,14.697290956237392,0.6007769334634904,2124.556759698781,2124.5567596987808,0.0
0.5,4,0.75,unbounded,3,1.625,2984,2984,0,1823.5214409177192,1826.3543278145205,889.8564184405077,4743.521440917717,2920.0,5.707226199985094
0.5,4,0.75,one_day_reservation,3,1.625,2984,1330,1654,0,15.90306732999305,0.6927601761835973,2132.139161930969,2132.139161930969,0.0
0.5,4,0.75,unbounded,4,1.625,2977,2977,0,1866.389001416057,1866.389001416057,960.623024353809,4783.832271069326,2917.443269653276,4.112005622140759
0.5,4,0.75,one_day_reservation,4,1.625,2977,1319,1658,0,10.766387009386595,0.7216391457227117,2127.797691678992,2127.797691678991,0.0
0.5,4,0.75,unbounded,5,1.625,2839,2839,0,1794.6850317236592,1798.2368860727015,912.3357964540293,4714.685031723663,2920.0,4.263298303781217
0.5,4,0.75,one_day_reservation,5,1.625,2839,1291,1548,1.9637595502086267,12.803870418285896,0.8932230883216672,2233.737228531123,2231.7734689809135,0.021579775277017876
0.5,4,0.75,unbounded,6,1.625,2834,2834,0,1674.1912045963682,1674.1912045963682,878.7699416062437,4588.040359390769,2913.8491547944013,4.794851041382452
0.5,4,0.75,one_day_reservation,6,1.625,2834,1325,1509,0,12.558110390058136,0.6911379224935335,2087.69287099204,2087.69287099204,0.0
0.5,4,0.75,unbounded,7,1.625,3038,3038,0,2078.836424291433,2078.836424291433,1118.0869624214522,4998.836424291433,2920.0,4.880019261077293
0.5,4,0.75,one_day_reservation,7,1.625,3038,1327,1711,0,16.33706834989882,0.73535509355413,2145.027270511396,2145.027270511396,0.0
0.5,4,0.75,unbounded,8,1.625,2887,2887,0,1739.8606904309145,1747.8140433691356,864.6977296192644,4659.860690430915,2920.0,5.167738787166117
0.5,4,0.75,one_day_reservation,8,1.625,2887,1321,1566,0,13.459049283860594,0.7746864400215018,2143.575818282265,2143.5758182822638,0.0
0.5,4,0.75,unbounded,9,1.625,2964,2964,0,1915.0691727240414,1915.0691727240414,948.2644511031398,4835.06917272404,2920.0,4.948662079295421
0.5,4,0.75,one_day_reservation,9,1.625,2964,1337,1627,0,11.057683460477357,0.6509436721930174,2129.907235900421,2129.9072359004213,-0.024040045564040862
0.5,4,0.75,unbounded,10,1.625,2939,2939,0,1971.8996786148814,1971.8996786148814,1000.707682512807,4891.89967861488,2920.0,5.9093789269772765
0.5,4,0.75,one_day_reservation,10,1.625,2939,1305,1634,3.1805901345502985,9.370114738770589,0.7615089641864325,2179.0328259030025,2175.852235768453,0.03495153994011317
0.5,4,0.75,unbounded,11,1.625,2985,2985,0,1993.169661516873,1993.169661516873,962.8041584495278,4913.169661516872,2920.0,5.7498682315351965
0.5,4,0.75,one_day_reservation,11,1.625,2985,1338,1647,0,12.95672006881275,0.6229944818654266,2101.6583905195703,2101.658390519571,0.0
0.5,4,0.75,unbounded,12,1.625,2870,2870,0,1612.9574372247794,1612.9574372247794,845.0348330793122,4531.361906538689,2918.4044693139126,3.743511190441365
0.5,4,0.75,one_day_reservation,12,1.625,2870,1339,1531,0,13.829022788963648,0.5940149629216652,2068.8471420013125,2068.847142001312,0.0
0.5,4,0.75,unbounded,13,1.625,2801,2801,0,1551.5307636175874,1551.5307636175874,821.668635541147,4467.242510955358,2915.711747337769,3.6622093605643724
0.5,4,0.75,one_day_reservation,13,1.625,2801,1339,1462,0,9.9377088695028,0.6668451385679618,2145.863209152488,2145.8632091524887,0.0
0.5,4,0.75,unbounded,14,1.625,2864,2864,0,1773.6735264872975,1773.6735264872975,922.4918987374439,4691.334765938679,2917.661239451384,4.550585186409302
0.5,4,0.75,one_day_reservation,14,1.625,2864,1323,1541,0,10.738835776128148,0.7109251804992104,2162.30351665939,2162.3035166593895,-0.06386943082546138
0.5,4,0.75,unbounded,15,1.625,3029,3029,0,1922.5536876371793,1922.5536876371793,975.8780884260138,4842.553687637175,2920.0,5.0432257080621365
0.5,4,0.75,one_day_reservation,15,1.625,3029,1338,1691,0,10.814902157167033,0.6812823579953415,2112.980545023622,2112.980545023621,-0.026036393567626267
0.5,4,0.75,unbounded,16,1.625,2953,2953,0,2034.3876190328826,2034.3876190328826,1023.1266382223154,4954.387619032882,2920.0,5.890341750301254
0.5,4,0.75,one_day_reservation,16,1.625,2953,1324,1629,8.140469878893942,12.420096547474628,0.7534595757210201,2186.293486519468,2178.153016640573,0.08945571295487849
0.5,4,0.75,unbounded,17,1.625,2911,2911,0,1852.3223076808545,1852.3223076808545,900.1730262245895,4771.0617338988895,2918.7394262180364,5.079457641523157
0.5,4,0.75,one_day_reservation,17,1.625,2911,1339,1572,0,13.443949986461718,0.6916365013642082,2130.9606104048394,2130.9606104048394,-0.00673051511323316
0.5,4,0.75,unbounded,18,1.625,2912,2912,0,1795.1917486873474,1795.1917486873474,911.9366087696598,4715.19174868735,2920.0,5.133683643708742
0.5,4,0.75,one_day_reservation,18,1.625,2912,1310,1602,1.9142394211504943,13.724504662917916,0.7849657927466109,2079.9037960443634,2077.9895566232126,0.0005600562580779118
0.5,4,0.75,unbounded,19,1.625,2882,2882,0,1695.7605530785333,1695.7605530785333,902.7202508323428,4615.760553078532,2920.0,4.165373832991868
0.5,4,0.75,one_day_reservation,19,1.625,2882,1342,1540,0,8.100744776841697,0.5640229525465049,2133.202863893397,2133.202863893396,0.0
0.5,4,0.75,unbounded,20,1.625,2828,2828,0,1671.299208419775,1671.299208419775,911.7391514038261,4588.119857513523,2916.820649093753,3.7722842095186175
0.5,4,0.75,one_day_reservation,20,1.625,2828,1339,1489,0,12.182007807008539,0.6410095945751096,2117.3981365005397,2117.3981365005407,-0.01667970157828691
0.5,4,0.75,unbounded,21,1.625,2910,2910,0,1811.9230074287982,1811.9230074287982,902.6745020953374,4731.923007428794,2920.0,5.3300018751204705
0.5,4,0.75,one_day_reservation,21,1.625,2910,1328,1582,0,10.600620864411692,0.6575745653860848,2120.9423519686766,2120.9423519686757,0.0
0.5,4,0.75,unbounded,22,1.625,2973,2973,0,1874.650314248519,1874.650314248519,961.791039671215,4794.650314248517,2920.0,5.027247442146296
0.5,4,0.75,one_day_reservation,22,1.625,2973,1348,1625,0,8.164479155478027,0.5908035701230527,2148.118786417363,2148.1187864173635,-0.015966305343148825
0.5,4,0.75,unbounded,23,1.625,2918,2918,0,1836.9571400227355,1836.9571400227355,917.5963986451901,4756.957140022734,2920.0,5.233730864813746
0.5,4,0.75,one_day_reservation,23,1.625,2918,1329,1589,1.9367532594976655,10.195361146047048,0.7146833886473023,2180.7436203831335,2178.806867123636,0.021283002851622698
0.5,4,0.75,unbounded,24,1.625,2959,2959,0,1885.3229699415676,1885.3229699415676,951.854745785197,4805.3229699415715,2920.0,5.618617023811539
0.5,4,0.75,one_day_reservation,24,1.625,2959,1341,1618,0,11.887563984119701,0.667291982170927,2106.887142223168,2106.8871422231678,0.0
0.5,4,0.75,unbounded,25,1.625,2948,2948,0,1894.1570623976936,1894.1570623976936,971.1383003819711,4814.157062397696,2920.0,5.502772228318915
0.5,4,0.75,one_day_reservation,25,1.625,2948,1321,1627,1.9900619000448074,8.372850498478059,0.7094986757918456,2169.3623062480783,2167.372244348033,0.021868812088404476
0.5,4,0.75,unbounded,26,1.625,2896,2896,0,1878.0413789002926,1878.0413789002926,1001.7781326791097,4796.353048575945,2918.3116696756492,3.977726465049792
0.5,4,0.75,one_day_reservation,26,1.625,2896,1305,1591,0,9.364854646463204,0.7575186224718881,2134.191950543362,2134.191950543362,0.0
0.5,4,0.75,unbounded,27,1.625,2921,2921,0,1801.420198802558,1801.420198802558,889.7425061763399,4721.420198802558,2920.0,4.69535288297105
0.5,4,0.75,one_day_reservation,27,1.625,2921,1345,1576,0,13.39890928191329,0.6636291659347315,2101.37525107798,2101.3752510779796,-0.004442985933690468
0.5,4,0.75,unbounded,28,1.625,2942,2942,0,1925.530373117203,1925.530373117203,919.9925677586456,4843.483002297551,2917.9526291803513,5.949654246490379
0.5,4,0.75,one_day_reservation,28,1.625,2942,1316,1626,2.1789856410009385,10.896748417646336,0.7874602046041085,2226.215003910546,2224.0360182695454,0.023944897153856465
0.5,4,0.75,unbounded,29,1.625,2921,2921,0,1825.7154219748575,1825.7154219748575,961.6534387606846,4745.71542197486,2920.0,4.489742193182835
0.5,4,0.75,one_day_reservation,29,1.625,2921,1342,1579,0,9.475530586780742,0.6162729719118305,2175.880931172637,2175.880931172637,0.0
0.5,4,0.5,unbounded,0,1.125,2881,2881,0,373.79110681616487,373.79110681616487,240.21547272249924,3287.4619338573616,2913.670827041199,0.5080387995636034
0.5,4,0.5,one_day_reservation,0,1.125,2881,2067,814,0,14.414897485248058,0.8538570082210424,2332.82061762553,2332.8206176255308,0.0
0.5,4,0.5,unbounded,1,1.125,2910,2910,0,272.70442302190145,280.2097152651061,161.3557899846728,3185.6375624434068,2912.933139421504,0.5812517801040551
0.5,4,0.5,one_day_reservation,1,1.125,2910,2102,808,8.469143600201335,8.469143600201335,0.6863744963904606,2308.4059032598416,2299.9367596596394,0.09227547584864046
0.5,4,0.5,unbounded,2,1.125,2900,2900,0,273.9577367410943,314.61430551521676,178.83949380382145,3189.8346574713187,2915.876920730225,0.5093501637779897
0.5,4,0.5,one_day_reservation,2,1.125,2900,2093,807,0,11.310141940884193,0.6543423715471102,2294.8613697008313,2294.8613697008304,0.0
0.5,4,0.5,unbounded,3,1.125,2984,2984,0,354.4347655015474,360.9818927442987,163.72946637560437,3265.346654992954,2910.9118894914086,1.4845548482068494
0.5,4,0.5,one_day_reservation,3,1.125,2984,2091,893,0,11.692847414010913,0.7297808820657304,2293.7726051903674,2293.7726051903687,0.0
0.5,4,0.5,unbounded,4,1.125,2977,2977,0,423.8924132983017,429.734682273262,241.54844450119313,3325.451054810266,2901.558641511965,0.37182679789172746
0.5,4,0.5,one_day_reservation,4,1.125,2977,2077,900,0.5042496898392326,11.341045971429004,0.7916614781488607,2284.773200209825,2284.2689505199846,0.00554120538284871
0.5,4,0.5,unbounded,5,1.125,2839,2839,0,333.10766051292364,353.3471635350937,180.58619748713429,3253.107660512922,2920.0,0.4037580032140589
0.5,4,0.5,one_day_reservation,5,1.125,2839,1985,854,0.5164732872608937,10.676928354579857,0.9393306698917575,2329.3326443683773,2328.816171081116,0.00567553062924059
0.5,4,0.5,unbounded,6,1.125,2834,2834,0,270.0500149382055,271.81347244857074,167.05778982955772,3180.0588180546997,2910.008803116493,0.8910292848304223
0.5,4,0.5,one_day_reservation,6,1.125,2834,2017,817,0,11.627803180452005,0.9078633796290051,2271.4890752403157,2271.4890752403157,0.0
0.5,4,0.5,unbounded,7,1.125,3038,3038,0,548.9378780066752,555.7178911824769,324.6583316786109,3467.281876475439,2918.3439984687598,1.0093708539167066
0.5,4,0.5,one_day_reservation,7,1.125,3038,2076,962,0,10.358100065491172,0.8971790712688584,2343.7969609520837,2343.7969609520824,0.0
0.5,4,0.5,unbounded,8,1.125,2887,2887,0,311.65394372765377,325.8190144219364,151.39263183383108,3229.000058039784,2917.3461143121294,1.152584721287107
0.5,4,0.5,one_day_reservation,8,1.125,2887,2075,812,0,11.165504692312325,0.7371139239717179,2303.481074010445,2303.481074010444,0.0
0.5,4,0.5,unbounded,9,1.125,2964,2964,0,430.8846791214374,432.3983064542327,207.13121504648797,3350.884679121435,2920.0,1.0077943314203015
0.5,4,0.5,one_day_reservation,9,1.125,2964,2073,891,0,12.934947969818403,0.8549046554932566,2332.642732922153,2332.6427329221533,-0.051653708986309436
0.5,4,0.5,unbounded,10,1.125,2939,2939,0,475.66070286469665,476.71249181913487,251.7539179153515,3389.867370220387,2914.2066673556888,1.62791755097237
0.5,4,0.5,one_day_reservation,10,1.125,2939,2035,904,0.8502329900209364,8.85209544908215,0.79769722472521,2337.114632938669,2336.264399948647,0.009343219670559741
0.5,4,0.5,unbounded,11,1.125,2985,2985,0,460.49430525389846,464.4992346821348,206.89049605275494,3380.4943052538993,2920.0,1.4954054256701776
0.5,4,0.5,one_day_reservation,11,1.125,2985,2070,915,2.6730392019078852,14.53435893790725,0.8047660957606727,2342.143907544632,2339.470868342723,0.017062725836055177
0.5,4,0.5,unbounded,12,1.125,2870,2870,0,231.37009675605032,247.9485429626821,146.2879226440845,3144.9298753893045,2913.55977863325,0.08555719200859607
0.5,4,0.5,one_day_reservation,12,1.125,2870,2065,805,0,13.08863385099022,0.7778610425491833,2276.2868625366045,2276.286862536603,0.0
0.5,4,0.5,unbounded,13,1.125,2801,2801,0,169.68741529198326,212.62758117030612,118.97569343486579,3084.1619135171613,2914.4744982251796,0.005984697166398361
0.5,4,0.5,one_day_reservation,13,1.125,2801,2034,767,0,8.375222414453908,0.7707771441202695,2267.8873897447916,2267.88738974479,-0.08671539726249064
0.5,4,0.5,unbounded,14,1.125,2864,2864,0,357.142213696984,357.142213696984,212.57612237516784,3257.5693728899546,2900.427159192971,0.6559988026143566
0.5,4,0.5,one_day_reservation,14,1.125,2864,2022,842,0,12.373965042147415,0.9021040017951578,2320.6073376423255,2320.607337642325,-0.05578084431104253
0.5,4,0.5,unbounded,15,1.125,3029,3029,0,449.86801405512324,451.2280880566573,231.33913758925226,3365.086628515542,2915.2186144604198,1.101569946756386
0.5,4,0.5,one_day_reservation,15,1.125,3029,2095,934,0,9.263504735332685,0.7906436775957115,2316.845064078091,2316.8450640780907,-0.009463078828423552
0.5,4,0.5,unbounded,16,1.125,2953,2953,0,508.64676773196095,508.64676773196095,258.07511993064685,3424.4831053415546,2915.8363376095945,1.5980986613935422
0.5,4,0.5,one_day_reservation,16,1.125,2953,2049,904,2.76031325259596,13.746918147970085,0.8808347541963524,2367.8084475507203,2365.0481342981257,0.030333112665889672
0.5,4,0.5,unbounded,17,1.125,2911,2911,0,368.3289496660986,368.3289496660986,169.55671382286513,3284.8219004781217,2916.4929508120244,0.9710783746906055
0.5,4,0.5,one_day_reservation,17,1.125,2911,2065,846,6.671573181965169,12.332390975866613,0.8596555948267184,2294.517850665944,2287.846277483979,0.07331399101060625
0.5,4,0.5,unbounded,18,1.125,2912,2912,0,357.6630092311606,357.6630092311606,186.3980953853057,3270.8964476240935,2913.2334383929337,1.1366077076879633
0.5,4,0.5,one_day_reservation,18,1.125,2912,2041,871,3.18087611343757,12.699161726926917,0.9175504072425112,2300.905020498693,2297.7241443852563,0.03495468256524802
0.5,4,0.5,unbounded,19,1.125,2882,2882,0,269.95678988447173,269.95678988447173,170.2287524858479,3189.9567898844716,2920.0,0.3884662838905163
0.5,4,0.5,one_day_reservation,19,1.125,2882,2060,822,0.023828732780867057,9.404264057319427,0.7593271984914703,2314.0510069129086,2314.027178180128,0.0002618542063831545
0.5,4,0.5,unbounded,20,1.125,2828,2828,0,262.95238469208783,277.50157013244666,191.43355562722977,3171.7386581844994,2908.786273492409,0.08843963499968188
0.5,4,0.5,one_day_reservation,20,1.125,2828,2065,763,0,10.353586000449969,0.800801467914292,2306.841749428198,2306.8417494281957,-0.07553181742914038
0.5,4,0.5,unbounded,21,1.125,2910,2910,0,360.0240294133095,360.0240294133095,177.27646998230685,3280.0240294133096,2920.0,1.2555421890142273
0.5,4,0.5,one_day_reservation,21,1.125,2910,2083,827,0,9.292017245333767,0.7248368803583325,2326.0341340215014,2326.034134021501,0.0
0.5,4,0.5,unbounded,22,1.125,2973,2973,0,397.9165817901926,401.25887796094025,220.23626761203838,3305.8870940312777,2907.9705122410874,0.980344979787086
0.5,4,0.5,one_day_reservation,22,1.125,2973,2094,879,0.45163288788575606,8.296568934415873,0.7357660769965624,2325.9316924385926,2325.480059550707,0.0043704344115463025
0.5,4,0.5,unbounded,23,1.125,2918,2918,0,380.5705297528681,380.5705297528681,195.2831728497668,3300.570529752867,2920.0,1.0761807308607476
0.5,4,0.5,one_day_reservation,23,1.125,2918,2058,860,0.5876131641689604,16.878883571343593,0.8768945694200178,2357.192843928714,2356.6052307645423,0.006457287518340224
0.5,4,0.5,unbounded,24,1.125,2959,2959,0,396.16641981804946,399.3659671966104,208.32139534725545,3316.1664198180506,2920.0,1.3305131058125619
0.5,4,0.5,one_day_reservation,24,1.125,2959,2086,873,0,10.136511533127411,0.8087251152759584,2311.139755580888,2311.1397555808885,-0.010605392959943886
0.5,4,0.5,unbounded,25,1.125,2948,2948,0,406.70521557870654,406.70521557870654,222.13115860801736,3325.2251011184508,2918.5198855397452,1.2816295189590519
0.5,4,0.5,one_day_reservation,25,1.125,2948,2059,889,0.4561614234007436,10.635699883750117,0.8765916033750144,2355.7250502834613,2355.2688888600615,-0.01075858967460562
0.5,4,0.5,unbounded,26,1.125,2896,2896,0,419.0424620110053,443.56070532603815,256.1103036431141,3335.250241794769,2916.2077797837665,0.3047872238061174
0.5,4,0.5,one_day_reservation,26,1.125,2896,2030,866,0,9.149258053610925,0.8480649624685159,2339.3915364643185,2339.3915364643185,0.0
0.5,4,0.5,unbounded,27,1.125,2921,2921,0,355.95832827058246,358.3449229063553,175.64713881565308,3265.552545210586,2909.594216940001,0.8021717261042353
0.5,4,0.5,one_day_reservation,27,1.125,2921,2092,829,0,13.696572026757043,0.7766178859823764,2318.325587817273,2318.325587817274,0.0
0.5,4,0.5,unbounded,28,1.125,2942,2942,0,462.48060348950077,465.0442129709002,213.65708812429963,3352.019800984351,2889.5391974948507,1.668004579737222
0.5,4,0.5,one_day_reservation,28,1.125,2942,2073,869,0.9985744021968497,11.076505698920212,0.8657840231112311,2367.153687097626,2366.155112695428,0.01097334507908626
0.5,4,0.5,unbounded,29,1.125,2921,2921,0,369.6208235328097,372.9167220221335,220.42478399179714,3289.6208235328077,2920.0,0.6229611965306047
0.5,4,0.5,one_day_reservation,29,1.125,2921,2062,859,0,11.18337950657283,0.8285478683343108,2331.8445271041605,2331.8445271041587,0.0
0.7,1,1,unbounded,0,0.7437499999999999,960,960,0,0,33.40862818449246,3.6955607952989555,2048.9306174872368,2048.930617487236,0.0
0.7,1,1,one_day_reservation,0,0.7437499999999999,960,744,216,0,16.164734619805813,0.5172899021722368,1586.819368957971,1586.8193689579705,0.0
0.7,1,1,unbounded,1,0.7437499999999999,1002,1002,0,16.670424868743297,23.625759659494445,2.551367825277794,2084.1728120730345,2067.502387204293,0.18319148207410216
0.7,1,1,one_day_reservation,1,0.7437499999999999,1002,769,233,0,9.628036066054275,0.4799589383515864,1631.3098720442486,1631.3098720442495,0.0
0.7,1,1,unbounded,2,0.7437499999999999,1016,1016,0,0,45.18618330567284,4.571699926691594,2112.27493318466,2112.27493318466,0.0
0.7,1,1,one_day_reservation,2,0.7437499999999999,1016,771,245,0,10.952123121636326,0.43145756061706425,1601.4891180557645,1601.4891180557645,0.0
0.7,1,1,unbounded,3,0.7437499999999999,1057,1057,0,23.740812462035592,40.500236664266026,6.311523350721502,2262.366464723878,2238.625652261842,0.26088804903335816
0.7,1,1,one_day_reservation,3,0.7437499999999999,1057,799,258,0,12.78991048167196,0.541489423596418,1722.6733365674002,1722.6733365673992,0.0
0.7,1,1,unbounded,4,0.7437499999999999,974,974,0,2.5055030513779286,52.072063983989814,6.181924385040757,2140.5937417750315,2138.088238723654,0.02753300056459262
0.7,1,1,one_day_reservation,4,0.7437499999999999,974,750,224,1.988242306718842,20.212608703083163,0.6976400609272153,1647.6322640257033,1645.6440217189845,0.021848816557349913
0.7,1,1,unbounded,5,0.7437499999999999,1010,1010,0,0,35.4231636347701,2.9872424981836576,2122.347291413968,2122.347291413969,0.0
0.7,1,1,one_day_reservation,5,0.7437499999999999,1010,790,220,0,11.058243594809507,0.45813852598963356,1647.130280001068,1647.130280001068,0.0
0.7,1,1,unbounded,6,0.7437499999999999,1060,1060,0,6.656905592159934,47.37500250631319,6.715476608273201,2317.8671936559267,2311.2102880637667,0.008771927790781836
0.7,1,1,one_day_reservation,6,0.7437499999999999,1060,790,270,0,27.359665025093534,0.8037205706585805,1737.6896618114401,1737.6896618114401,0.0
0.7,1,1,unbounded,7,0.7437499999999999,1049,1049,0,2.3345104320991936,25.53771690367884,4.4803588015436056,2281.651910048125,2279.317399616024,0.02565396079229883
0.7,1,1,one_day_reservation,7,0.7437499999999999,1049,785,264,1.232749874431292,12.398072357790678,0.5878279126741311,1709.9552490988256,1708.7224992243944,0.013546701916827384
0.7,1,1,unbounded,8,0.7437499999999999,983,983,0,0,22.373734585506746,2.442891486231305,2059.93255308969,2059.9325530896895,0.0
0.7,1,1,one_day_reservation,8,0.7437499999999999,983,765,218,0,14.554415975959191,0.5042975314324607,1618.937824500145,1618.9378245001453,0.0
0.7,1,1,unbounded,9,0.7437499999999999,999,999,0,0,31.875676229299785,2.7791795891723514,2074.604989761884,2074.604989761884,-0.08338959052409334
0.7,1,1,one_day_reservation,9,0.7437499999999999,999,785,214,0,15.167764159983314,0.4949150332056074,1588.181933730432,1588.1819337304312,0.0
0.7,1,1,unbounded,10,0.7437499999999999,998,998,0,0.6155886833587729,49.14544808141589,5.602223887512018,2182.251472887953,2181.635884204593,0.006764710806140362
0.7,1,1,one_day_reservation,10,0.7437499999999999,998,758,240,0,10.84337617168092,0.49892328000595426,1631.2573739534555,1631.257373953456,0.0
0.7,1,1,unbounded,11,0.7437499999999999,987,987,0,0.8572123832636258,27.29834719409746,3.2763926466221776,2110.350203311514,2109.49299092825,-0.030631884030643874
0.7,1,1,one_day_reservation,11,0.7437499999999999,987,752,235,0,13.693050780758831,0.5484787553816507,1604.968254227605,1604.9682542276053,-0.028193891119707305
0.7,1,1,unbounded,12,0.7437499999999999,1030,1030,0,0,31.955861872075587,5.848461396629823,2158.338167145596,2158.338167145596,0.0
0.7,1,1,one_day_reservation,12,0.7437499999999999,1030,767,263,0,14.447691287693264,0.5844748891411057,1622.2640600343027,1622.2640600343034,0.0
0.7,1,1,unbounded,13,0.7437499999999999,968,968,0,2.3043266973994303,40.990435134552314,5.545691420835428,2071.2607912478893,2068.9564645504893,0.02532227139999374
0.7,1,1,one_day_reservation,13,0.7437499999999999,968,744,224,0,12.8570958921851,0.5673022783500825,1635.5865659435788,1635.5865659435794,0.0
0.7,1,1,unbounded,14,0.7437499999999999,1013,1013,0,12.007871849249408,28.966106622697623,3.648419916045035,2233.0301083217055,2221.0222364724573,0.13195463570603747
0.7,1,1,one_day_reservation,14,0.7437499999999999,1013,773,240,0,10.942855345789539,0.596996768344701,1704.3546671025924,1704.3546671025929,0.0
0.7,1,1,unbounded,15,0.7437499999999999,985,985,0,4.0508512241763235,28.19384553402078,3.1267977412363854,2123.997521807068,2119.946670582892,-0.09979745457702877
0.7,1,1,one_day_reservation,15,0.7437499999999999,985,756,229,0,11.447017083169847,0.5332950034072199,1641.1492219044221,1641.1492219044217,-0.039564504552149264
0.7,1,1,unbounded,16,0.7437499999999999,1010,1010,0,3.5688657609831242,31.455276752691873,3.038883277342086,2092.765443462885,2089.1965777019022,-0.004055829851712363
0.7,1,1,one_day_reservation,16,0.7437499999999999,1010,795,215,0.9326444272878618,11.511589870276897,0.4940273239938154,1650.4704039604387,1649.5377595331515,0.010248839860306173
0.7,1,1,unbounded,17,0.7437499999999999,1008,1008,0,0.37336046572416137,28.97170175487384,4.101894030386022,2204.4544053798427,2204.0810449141177,0.00410286226070507
0.7,1,1,one_day_reservation,17,0.7437499999999999,1008,760,248,0,10.295800203449577,0.5205251332670796,1676.7354054297384,1676.7354054297393,0.0
0.7,1,1,unbounded,18,0.7437499999999999,1007,1007,0,3.0703355974806215,42.88874532096852,5.314897377621428,2225.55812703318,2222.4877914356994,0.03373995162066617
0.7,1,1,one_day_reservation,18,0.7437499999999999,1007,744,263,0,17.944670342278172,0.6316490672195412,1612.9756354783813,1612.97563547838,0.0
0.7,1,1,unbounded,19,0.7437499999999999,1035,1035,0,9.14342070543647,31.35634316548679,5.249056224063736,2295.519071349335,2286.3756506438976,0.10047715060919196
0.7,1,1,one_day_reservation,19,0.7437499999999999,1035,762,273,2.8430605328722294,13.378462422606429,0.6734589886618385,1715.8267331079608,1712.9836725750881,0.031242423438156367
0.7,1,1,unbounded,20,0.7437499999999999,1001,1001,0,0.7044175283281291,34.6030560849711,4.39748766827058,2219.558801339396,2218.8543838110672,-0.04072761114707521
0.7,1,1,one_day_reservation,20,0.7437499999999999,1001,755,246,0,14.651012548503157,0.6023405913397918,1654.041209060938,1654.0412090609368,-0.04846846310672498
0.7,1,1,unbounded,21,0.7437499999999999,1002,1002,0,19.2142618918276,30.198792284948155,3.5998058857027626,2176.7233449761447,2157.509083084317,0.21114573507502857
0.7,1,1,one_day_reservation,21,0.7437499999999999,1002,782,220,7.6991326662939485,15.699132666293949,0.4306979801794357,1632.318218166986,1624.6190855006923,0.08460585347575768
0.7,1,1,unbounded,22,0.7437499999999999,1042,1042,0,0,21.263591514916754,2.753043919459303,2170.5464962586043,2170.5464962586043,0.0
0.7,1,1,one_day_reservation,22,0.7437499999999999,1042,790,252,0,15.754671664916934,0.482287578450675,1670.786886177611,1670.7868861776103,0.0
0.7,1,1,unbounded,23,0.7437499999999999,1000,1000,0,4.752021555838125,35.71318372046085,4.5738842162996525,2167.0066539310997,2162.2546323752613,-0.016033031938699063
0.7,1,1,one_day_reservation,23,0.7437499999999999,1000,744,256,0,11.622720153895571,0.5056945885091523,1619.6273659580138,1619.6273659580136,0.0
0.7,1,1,unbounded,24,0.7437499999999999,1042,1042,0,0,58.81880260828592,6.115118592899005,2266.2516251786255,2266.251625178628,-0.0031829476537887998
0.7,1,1,one_day_reservation,24,0.7437499999999999,1042,787,255,0,11.694708757612261,0.598097673615047,1677.1107125315018,1677.1107125315013,-0.0031829476537887998
0.7,1,1,unbounded,25,0.7437499999999999,1001,1001,0,0.7780783482686289,29.86823032888327,4.7746933374469664,2177.788184267797,2177.010105919529,-0.17638487867371624
0.7,1,1,one_day_reservation,25,0.7437499999999999,1001,736,265,0,13.686559484379018,0.6841109015255021,1622.8874339520012,1622.8874339520014,0.0
0.7,1,1,unbounded,26,0.7437499999999999,1059,1059,0,2.710477205043844,51.69418150486301,7.823160006223785,2422.7918312967217,2420.0813540916756,0.029785463791690597
0.7,1,1,one_day_reservation,26,0.7437499999999999,1059,777,282,0,12.724578099883807,0.6326503784241059,1751.6635381927435,1751.6635381927433,0.0
0.7,1,1,unbounded,27,0.7437499999999999,998,998,0,7.746773695978751,30.41743041828976,3.594527180489501,2098.536079828065,2090.789306132087,0.07293485535428555
0.7,1,1,one_day_reservation,27,0.7437499999999999,998,775,223,2.470674125935389,11.139469984921512,0.541791056108424,1650.4150662716206,1647.9443921456855,0.024013181678534785
0.7,1,1,unbounded,28,0.7437499999999999,1040,1040,0,37.90744559638419,42.89183057762246,4.413377574385927,2240.3068679832936,2202.3994223869086,0.20569181207860346
0.7,1,1,one_day_reservation,28,0.7437499999999999,1040,775,265,1.5454098614446394,17.54540986144464,0.6191423464091416,1670.6662497887055,1669.1208399272605,-0.0025086055898886008
0.7,1,1,unbounded,29,0.7437499999999999,1045,1045,0,4.517711114567385,41.09994447505462,5.317956719785598,2253.308468377733,2248.790757263165,0.049645177083158076
0.7,1,1,one_day_reservation,29,0.7437499999999999,1045,773,272,0,14.354463284309332,0.5541947719239281,1638.741176624568,1638.7411766245682,0.0
0.7,1,0.75,unbounded,0,0.56875,960,960,0,0,16.01393231474298,0.9050253862769891,1566.1452796375256,1566.145279637525,0.0
0.7,1,0.75,one_day_reservation,0,0.56875,960,854,106,0,10.12355096485436,0.3371365785033931,1399.9696790616686,1399.9696790616683,0.0
0.7,1,0.75,unbounded,1,0.56875,1002,1002,0,2.0888913584320505,12.281683704752965,0.6287143796739839,1587.9853556394262,1585.8964642809945,0.022954850092659896
0.7,1,0.75,one_day_reservation,1,0.56875,1002,886,116,0,9.88620766111988,0.28159339201670325,1433.2304486804876,1433.2304486804874,0.0
0.7,1,0.75,unbounded,2,0.56875,1016,1016,0,0,10.792657001059446,0.7554908794234865,1614.2552529834675,1614.2552529834675,0.0
0.7,1,0.75,one_day_reservation,2,0.56875,1016,902,114,0,6.214092341227245,0.22188312653178371,1441.329701438206,1441.3297014382063,0.0
0.7,1,0.75,unbounded,3,0.56875,1057,1057,0,12.083322974639895,18.193581696748318,1.3009740953950066,1719.7941396424199,1707.7108166677785,0.13278376895208677
0.7,1,0.75,one_day_reservation,3,0.56875,1057,933,124,0,13.662488137040235,0.34525944063644076,1528.2322466933779,1528.232246693377,0.0
0.7,1,0.75,unbounded,4,0.56875,974,974,0,0.2974771104854881,29.924210434166618,1.5763636683714706,1642.9470038656204,1642.6495267551347,0.0032689792361042646
0.7,1,0.75,one_day_reservation,4,0.56875,974,866,108,0.2974771104854881,16.13647533215481,0.4733912338933015,1471.1426010705627,1470.8451239600777,0.0032689792361042646
0.7,1,0.75,unbounded,5,0.56875,1010,1010,0,0,23.417195404452954,0.8366675774612168,1620.0894245136808,1620.0894245136808,0.0
0.7,1,0.75,one_day_reservation,5,0.56875,1010,912,98,0,12.305472850951162,0.24599621967219035,1442.925984488333,1442.925984488333,0.0
0.7,1,0.75,unbounded,6,0.56875,1060,1060,0,0,20.87152117464046,1.543278357120491,1775.3974548464373,1775.3974548464375,-0.03532005892494308
0.7,1,0.75,one_day_reservation,6,0.56875,1060,928,132,0,20.87152117464046,0.5042142969009847,1568.3602719380524,1568.3602719380517,0.0
0.7,1,0.75,unbounded,7,0.56875,1049,1049,0,0,14.828300421965885,0.9477366203421879,1744.8010599811016,1744.8010599811014,0.0
0.7,1,0.75,one_day_reservation,7,0.56875,1049,933,116,0,10.643187673348045,0.37559254001241904,1559.471057959398,1559.471057959398,0.0
0.7,1,0.75,unbounded,8,0.56875,983,983,0,0,13.839164020774184,0.5910927226548423,1568.5716026047908,1568.5716026047905,0.0
0.7,1,0.75,one_day_reservation,8,0.56875,983,902,81,0,9.02919499882724,0.23491347342778895,1426.7994913681666,1426.7994913681666,0.0
0.7,1,0.75,unbounded,9,0.56875,999,999,0,0,22.752080083979557,0.7652759399909338,1586.8664213111674,1586.8664213111679,0.0
0.7,1,0.75,one_day_reservation,9,0.56875,999,915,84,0,10.856099631749753,0.2949868653420322,1446.5646320830288,1446.564632083029,0.0
0.7,1,0.75,unbounded,10,0.56875,998,998,0,0,19.96627849628998,1.117276818994925,1684.2413223337949,1684.2413223337937,0.0
0.7,1,0.75,one_day_reservation,10,0.56875,998,882,116,0,8.0283600144517,0.3342237200081025,1475.6647639571272,1475.6647639571263,0.0
0.7,1,0.75,unbounded,11,0.56875,987,987,0,0,16.4737603955731,0.8099047763959677,1610.6985670106899,1610.6985670106906,-0.00806082826966114
0.7,1,0.75,one_day_reservation,11,0.56875,987,876,111,0,11.673444440015984,0.3498236142111528,1447.066139507299,1447.0661395072998,-0.00806082826966114
0.7,1,0.75,unbounded,12,0.56875,1030,1030,0,0,15.502583921352638,1.2454901058244776,1648.109032824155,1648.1090328241557,0.0
0.7,1,0.75,one_day_reservation,12,0.56875,1030,909,121,0,9.174945428703342,0.32280705719144515,1443.3841991012857,1443.3841991012864,0.0
0.7,1,0.75,unbounded,13,0.56875,968,968,0,0,10.379072972104336,0.8664371773951399,1586.0384582248278,1586.038458224829,0.0
0.7,1,0.75,one_day_reservation,13,0.56875,968,857,111,0,8.877560876041581,0.32521973330635207,1406.866626337868,1406.8666263378684,0.0
0.7,1,0.75,unbounded,14,0.56875,1013,1013,0,3.235408924332015,14.314201203782577,0.9641173246873598,1711.9747489312576,1708.739340006926,0.03555394422342874
0.7,1,0.75,one_day_reservation,14,0.56875,1013,898,115,0,8.583742292531923,0.36398471414031847,1524.6200453206968,1524.620045320698,0.0
0.7,1,0.75,unbounded,15,0.56875,985,985,0,0,17.299068911159406,0.7319157577071287,1619.7017280621956,1619.701728062196,0.0
0.7,1,0.75,one_day_reservation,15,0.56875,985,891,94,0,6.585262812377385,0.3109316094127509,1474.6186353932992,1474.6186353932999,0.0
0.7,1,0.75,unbounded,16,0.56875,1010,1010,0,0.8310600589093884,16.46394919044365,0.7867951911471149,1594.8626552402013,1594.0315951812909,0.009132528119883389
0.7,1,0.75,one_day_reservation,16,0.56875,1010,909,101,0,9.271996624348077,0.31882403104376256,1426.4996376494196,1426.4996376494191,0.0
0.7,1,0.75,unbounded,17,0.56875,1008,1008,0,0,10.429932581704364,0.8456123136966286,1685.0293887622,1685.0293887622001,0.0
0.7,1,0.75,one_day_reservation,17,0.56875,1008,891,117,0,8.877033980799759,0.2756415335652606,1476.4532768391366,1476.4532768391373,0.0
0.7,1,0.75,unbounded,18,0.56875,1007,1007,0,0,29.864851096816622,1.362282485900879,1693.9653899966797,1693.9653899966788,0.0
0.7,1,0.75,one_day_reservation,18,0.56875,1007,886,121,0,9.514110726784448,0.35775038195890757,1470.053861322156,1470.0538613221565,0.0
0.7,1,0.75,unbounded,19,0.56875,1035,1035,0,0.4924273501440499,14.038320571712216,1.1385914511245558,1759.3703157938214,1758.8778884436772,0.005411289562022526
0.7,1,0.75,one_day_reservation,19,0.56875,1035,905,130,0.4924273501440499,8.499232506480809,0.4563995351482299,1565.127238743639,1564.634811393495,0.005411289562022526
0.7,1,0.75,unbounded,20,0.56875,1001,1001,0,0,15.665056475789328,1.066817006251984,1699.257868250887,1699.2578682508858,-0.014373325352021777
0.7,1,0.75,one_day_reservation,20,0.56875,1001,893,108,0,9.90989652394482,0.3776723643555382,1492.807260433742,1492.807260433742,-0.014373325352021777
0.7,1,0.75,unbounded,21,0.56875,1002,1002,0,10.410696418870703,17.018460208591023,0.8895096573400296,1662.9233296018665,1652.5126331829956,0.11440325735022751
0.7,1,0.75,one_day_reservation,21,0.56875,1002,902,100,9.018460208591023,17.018460208591023,0.29896509090617424,1478.9579868630185,1469.9395266544268,0.09910395833616509
0.7,1,0.75,unbounded,22,0.56875,1042,1042,0,0,9.940946803922834,0.5946403639273696,1653.6920398366244,1653.6920398366237,0.0
0.7,1,0.75,one_day_reservation,22,0.56875,1042,926,116,0,8.625476117057318,0.234897226193629,1479.9486751995357,1479.948675199535,0.0
0.7,1,0.75,unbounded,23,0.56875,1000,1000,0,0,19.15640957501108,1.201145184514076,1661.9644481687012,1661.9644481687021,0.0
0.7,1,0.75,one_day_reservation,23,0.56875,1000,891,109,0,13.955057632701049,0.30071769574568913,1453.134532748647,1453.1345327486474,0.0
0.7,1,0.75,unbounded,24,0.56875,1042,1042,0,0,20.505957124345954,1.1297307402929173,1730.231513608987,1730.2315136089876,0.0
0.7,1,0.75,one_day_reservation,24,0.56875,1042,920,122,0,7.825367156152581,0.3779612257459696,1519.9765531557744,1519.9765531557746,0.0
0.7,1,0.75,unbounded,25,0.56875,1001,1001,0,0,15.60190057390298,1.0378303749379716,1671.4654693934745,1671.4654693934735,0.0
0.7,1,0.75,one_day_reservation,25,0.56875,1001,873,128,0,9.63539378471783,0.3776132548592021,1461.9666483875542,1461.9666483875533,0.0
0.7,1,0.75,unbounded,26,0.56875,1059,1059,0,0,24.313652536054576,1.7971373831583524,1857.119723561733,1857.119723561733,0.0
0.7,1,0.75,one_day_reservation,26,0.56875,1059,922,137,0,10.34114932574484,0.4401878269611881,1611.525688864469,1611.5256888644683,0.0
0.7,1,0.75,unbounded,27,0.56875,998,998,0,2.1581161564216185,14.82277681635868,0.7741222787849912,1605.3573369178227,1603.1992207614007,0.023715562158479322
0.7,1,0.75,one_day_reservation,27,0.56875,998,907,91,0.5389795322270619,9.100317239784644,0.26550178220970716,1449.1687409542185,1448.6297614219923,0.005922852002495185
0.7,1,0.75,unbounded,28,0.56875,1040,1040,0,13.41199157051145,21.15028030644015,0.9755688097983906,1712.209308561628,1698.7973169911163,0.07036112887949575
0.7,1,0.75,one_day_reservation,28,0.56875,1040,921,119,0,10.330997097773999,0.3476106478641681,1525.804399170834,1525.804399170834,-0.006214459226075658
0.7,1,0.75,unbounded,29,0.56875,1045,1045,0,0,24.962136541783778,1.3488220419960604,1722.237764058202,1722.2377640582029,0.0
0.7,1,0.75,one_day_reservation,29,0.56875,1045,906,139,0,12.294479101459498,0.3436159621725498,1482.5130102004046,1482.5130102004046,0.0
0.7,1,0.5,unbounded,0,0.39375,960,960,0,0,8.227239290855358,0.16915941514477092,1083.3599417878156,1083.359941787816,0.0
0.7,1,0.5,one_day_reservation,0,0.39375,960,953,7,0,7.212001297796295,0.1544651539463757,1077.5471470509747,1077.5471470509751,0.0
0.7,1,0.5,unbounded,1,0.39375,1002,1002,0,0,4.316766156033324,0.09027485327061428,1091.7978992058165,1091.7978992058165,0.0
0.7,1,0.5,one_day_reservation,1,0.39375,1002,994,8,0,4.316766156033324,0.0722812873106687,1082.3914468939442,1082.3914468939445,0.0
0.7,1,0.5,unbounded,2,0.39375,1016,1016,0,0,3.9136231393824836,0.07606884104542291,1116.2355727822746,1116.235572782275,0.0
0.7,1,0.5,one_day_reservation,2,0.39375,1016,1010,6,0,3.9136231393824836,0.06924354413057018,1109.6685738696451,1109.6685738696451,0.0
0.7,1,0.5,unbounded,3,0.39375,1057,1057,0,0.42583348724419956,9.09410253833941,0.1805179072660853,1177.2218145609618,1176.795981073718,0.00467948887081538
0.7,1,0.5,one_day_reservation,3,0.39375,1057,1040,17,0,9.09410253833941,0.12470774919812652,1158.5797141806356,1158.5797141806354,0.0
0.7,1,0.5,unbounded,4,0.39375,974,974,0,0,12.323801609451113,0.3170531195262836,1145.3002659562087,1145.3002659562087,0.0
0.7,1,0.5,one_day_reservation,4,0.39375,974,956,18,0,11.104250532406667,0.1775407882878794,1121.0517427257832,1121.0517427257832,0.0
0.7,1,0.5,unbounded,5,0.39375,1010,1010,0,0,11.411227174135803,0.16407228369662916,1117.8315576133894,1117.8315576133898,0.0
0.7,1,0.5,one_day_reservation,5,0.39375,1010,998,12,0,5.536981900634107,0.11090348127626035,1105.1558741596082,1105.1558741596084,0.0
0.7,1,0.5,unbounded,6,0.39375,1060,1060,0,0,12.165349432886433,0.24058319043225543,1232.927716036951,1232.9277160369513,-0.006259236935613747
0.7,1,0.5,one_day_reservation,6,0.39375,1060,1043,17,0,12.165349432886433,0.20258042311075422,1215.2914455711962,1215.291445571196,-0.006259236935613747
0.7,1,0.5,unbounded,7,0.39375,1049,1049,0,0,7.9530270048649445,0.17857300839586032,1207.9502099140818,1207.9502099140823,0.0
0.7,1,0.5,one_day_reservation,7,0.39375,1049,1037,12,0,7.9530270048649445,0.1621132582817611,1198.8148825813341,1198.8148825813346,0.0
0.7,1,0.5,unbounded,8,0.39375,983,983,0,0,6.559442680516121,0.08367392819641678,1077.2106521198918,1077.210652119892,0.0
0.7,1,0.5,one_day_reservation,8,0.39375,983,980,3,0,6.559442680516121,0.06706337572116591,1069.7811902847213,1069.7811902847213,0.0
0.7,1,0.5,unbounded,9,0.39375,999,999,0,0,13.628483938659322,0.1706626883105686,1099.1278528604512,1099.1278528604512,0.0
0.7,1,0.5,one_day_reservation,9,0.39375,999,989,10,0,6.014356367432935,0.11388594572255947,1083.5769414410565,1083.5769414410565,0.0
0.7,1,0.5,unbounded,10,0.39375,998,998,0,0,9.740575298834422,0.2433645562833588,1186.2311717796372,1186.231171779637,0.0
0.7,1,0.5,one_day_reservation,10,0.39375,998,991,7,0,8.978444342570157,0.19462770106109947,1169.8291761835378,1169.8291761835378,0.0
0.7,1,0.5,unbounded,11,0.39375,987,987,0,0,8.409068938650957,0.13675757338643169,1111.046930709868,1111.046930709868,0.0
0.7,1,0.5,one_day_reservation,11,0.39375,987,976,11,0,8.409068938650957,0.11599278558206312,1101.614792412738,1101.6147924127383,0.0
0.7,1,0.5,unbounded,12,0.39375,1030,1030,0,0,6.729436917083969,0.19298402988734664,1137.8798985027177,1137.8798985027177,0.0
0.7,1,0.5,one_day_reservation,12,0.39375,1030,1022,8,0,6.729436917083969,0.16819729738715383,1126.3237961241541,1126.3237961241541,0.0
0.7,1,0.5,unbounded,13,0.39375,968,968,0,0,6.150889826078254,0.11870251557813606,1100.81612520177,1100.8161252017703,0.0
0.7,1,0.5,one_day_reservation,13,0.39375,968,959,9,0,6.150889826078254,0.10268512829927681,1089.8761271096698,1089.8761271096698,0.0
0.7,1,0.5,unbounded,14,0.39375,1013,1013,0,0,7.580072834751453,0.1861142868709015,1190.919389540806,1190.919389540806,0.0
0.7,1,0.5,one_day_reservation,14,0.39375,1013,1006,7,0,5.4714276728947695,0.15672014347473198,1177.9021269645339,1177.902126964534,0.0
0.7,1,0.5,unbounded,15,0.39375,985,985,0,0,6.4042922882980235,0.08836427333532419,1115.4059343173212,1115.4059343173217,0.0
0.7,1,0.5,one_day_reservation,15,0.39375,985,979,6,0,3.5610399825988317,0.07029888817091716,1110.1029858358067,1110.102985835807,0.0
0.7,1,0.5,unbounded,16,0.39375,1010,1010,0,0,6.149237773945117,0.09325306953333351,1096.9598670175155,1096.959867017516,0.0
0.7,1,0.5,one_day_reservation,16,0.39375,1010,1004,6,0,6.149237773945117,0.09089268824653689,1092.3412526280724,1092.3412526280727,0.0
0.7,1,0.5,unbounded,17,0.39375,1008,1008,0,0,6.503937454172542,0.13562571853400054,1165.6043721445583,1165.604372144558,0.0
0.7,1,0.5,one_day_reservation,17,0.39375,1008,1004,4,0,6.503937454172542,0.11289962644724366,1157.946197710015,1157.946197710015,0.0
0.7,1,0.5,unbounded,18,0.39375,1007,1007,0,0,16.914143254632453,0.2524223786986981,1162.3726529601781,1162.3726529601784,0.0
0.7,1,0.5,one_day_reservation,18,0.39375,1007,989,18,0,9.92291240467268,0.14366745364701736,1139.527855353618,1139.527855353618,0.0
0.7,1,0.5,unbounded,19,0.39375,1035,1035,0,0,6.667324574198684,0.15036685427243007,1223.2215602383076,1223.2215602383078,0.0
0.7,1,0.5,one_day_reservation,19,0.39375,1035,1027,8,0,6.462311382479733,0.12703396988858406,1215.1822968927745,1215.1822968927747,0.0
0.7,1,0.5,unbounded,20,0.39375,1001,1001,0,0,7.2311513569834425,0.15828529580530665,1178.9569351623759,1178.9569351623757,0.0
0.7,1,0.5,one_day_reservation,20,0.39375,1001,996,5,0,7.2311513569834425,0.14568708631101282,1173.228414078047,1173.2284140780469,0.0
0.7,1,0.5,unbounded,21,0.39375,1002,1002,0,1.6071309459138003,8.678973472394013,0.1708870495592576,1149.1233142275878,1147.5161832816739,0.01766077962542638
0.7,1,0.5,one_day_reservation,21,0.39375,1002,995,7,0.6789734723940128,8.678973472394013,0.1509903651034754,1140.4706765740818,1139.7917031016877,0.007461246949384757
0.7,1,0.5,unbounded,22,0.39375,1042,1042,0,0,3.6669399204340536,0.06961100589189655,1136.8375834146416,1136.8375834146418,0.0
0.7,1,0.5,one_day_reservation,22,0.39375,1042,1037,5,0,3.6669399204340536,0.06527314805112185,1132.0814361171704,1132.0814361171706,0.0
0.7,1,0.5,unbounded,23,0.39375,1000,1000,0,0,12.520943681246507,0.24797254723760717,1156.9222424063025,1156.9222424063025,0.0
0.7,1,0.5,one_day_reservation,23,0.39375,1000,984,16,0,12.520943681246507,0.15958664273562487,1137.5941100862237,1137.5941100862237,0.0
0.7,1,0.5,unbounded,24,0.39375,1042,1042,0,0,6.894869230376305,0.14049248729025443,1194.2114020393483,1194.2114020393483,0.0
0.7,1,0.5,one_day_reservation,24,0.39375,1042,1035,7,0,6.894869230376305,0.11525532821651543,1185.879641912534,1185.879641912534,0.0
0.7,1,0.5,unbounded,25,0.39375,1001,1001,0,0,8.548826051478443,0.1791767553712028,1165.142754519152,1165.1427545191523,0.0
0.7,1,0.5,one_day_reservation,25,0.39375,1001,981,20,0,7.290707105094839,0.13425196965104846,1145.6710893087313,1145.6710893087316,0.0
0.7,1,0.5,unbounded,26,0.39375,1059,1059,0,0,11.034143428351769,0.3311531266400367,1291.447615826747,1291.4476158267469,0.0
0.7,1,0.5,one_day_reservation,26,0.39375,1059,1035,24,0,8.300237904128679,0.1978058248493135,1259.1000075589163,1259.1000075589163,0.0
0.7,1,0.5,unbounded,27,0.39375,998,998,0,0,5.999103770736088,0.09653291677140771,1112.1785940075788,1112.1785940075788,0.0
0.7,1,0.5,one_day_reservation,27,0.39375,998,995,3,0,4.850797386353399,0.0768799374066511,1108.8412143554983,1108.8412143554983,0.0
0.7,1,0.5,unbounded,28,0.39375,1040,1040,0,0,6.227905063851468,0.12087763981503585,1184.1117491399623,1184.1117491399623,0.0
0.7,1,0.5,one_day_reservation,28,0.39375,1040,1038,2,0,6.227905063851468,0.11989100865116357,1183.0650971611103,1183.0650971611103,0.0
0.7,1,0.5,unbounded,29,0.39375,1045,1045,0,0,10.338969925652577,0.24077250934826225,1191.1670597386724,1191.1670597386724,0.0
0.7,1,0.5,one_day_reservation,29,0.39375,1045,1027,18,0,10.338969925652577,0.17758417695185527,1171.1293176598008,1171.1293176598008,0.0
0.7,2,1,unbounded,0,1.4874999999999998,2019,2019,0,1266.115134697449,1266.115134697449,618.7224829352738,4179.5856276231725,2913.470492925724,4.226468826638084
0.7,2,1,one_day_reservation,0,1.4874999999999998,2019,981,1038,0,10.648164411023636,0.6747214232531441,1963.1437804124355,1963.1437804124355,0.0
0.7,2,1,unbounded,1,1.4874999999999998,1968,1968,0,1223.3698656032452,1227.5027970914373,645.5019068830463,4143.369865603247,2920.0,2.3642757626812303
0.7,2,1,one_day_reservation,1,1.4874999999999998,1968,955,1013,0,14.44502715832268,0.8702270204295004,2081.880215419262,2081.880215419263,-0.026803197439986416
0.7,2,1,unbounded,2,1.4874999999999998,2026,2026,0,1431.6599359852978,1431.6599359852978,765.8576888566218,4351.6599359852935,2920.0,2.9490360899930246
0.7,2,1,one_day_reservation,2,1.4874999999999998,2026,949,1077,0.643798699767478,14.437443297057058,0.8837307308742192,2112.1244409172773,2111.48064221751,-0.020100225065006576
0.7,2,1,unbounded,3,1.4874999999999998,2026,2026,0,1412.4480406757964,1412.4480406757964,772.3305914308761,4332.448040675795,2920.0,3.029393617975319
0.7,2,1,one_day_reservation,3,1.4874999999999998,2026,968,1058,0,15.12583383171566,0.8072343718991728,2109.2683925012198,2109.2683925012193,0.0
0.7,2,1,unbounded,4,1.4874999999999998,2033,2033,0,1552.0011611514096,1561.231144204127,708.5728467810062,4465.53946627,2913.5383051185895,5.324412834960914
0.7,2,1,one_day_reservation,4,1.4874999999999998,2033,949,1084,0,19.491596834316617,0.8359533020116546,2076.2861325104827,2076.2861325104823,0.0
0.7,2,1,unbounded,5,1.4874999999999998,1939,1939,0,1246.439297409807,1246.439297409807,628.7906497761164,4166.4392974098055,2920.0,3.425606407895612
0.7,2,1,one_day_reservation,5,1.4874999999999998,1939,960,979,0.49512137783515975,14.825925370875382,0.782686483271422,2026.0932667271034,2025.5981453492675,0.0054408942619248325
0.7,2,1,unbounded,6,1.4874999999999998,2000,2000,0,1362.6834692816471,1362.6834692816471,725.8945018284516,4276.184173718041,2913.5007044363965,3.1450603809369264
0.7,2,1,one_day_reservation,6,1.4874999999999998,2000,924,1076,0,26.019040884895347,1.1094024450123048,2021.2059621868464,2021.2059621868457,0.0
0.7,2,1,unbounded,7,1.4874999999999998,1966,1966,0,1362.176831836512,1373.6402789131628,725.3770483422996,4282.176831836512,2920.0,2.5286571795534076
0.7,2,1,one_day_reservation,7,1.4874999999999998,1966,952,1014,0,17.78980079901344,0.8156100218771816,2042.198369544467,2042.1983695444671,-0.023718346216250887
0.7,2,1,unbounded,8,1.4874999999999998,2053,2053,0,1377.4854458939606,1377.4854458939606,670.1478191808852,4297.485445893959,2920.0,3.3185292650158233
0.7,2,1,one_day_reservation,8,1.4874999999999998,2053,993,1060,2.7001616762378227,10.418530237765076,0.621558378539807,2041.4686275316753,2038.7684658554379,0.029672106332283767
0.7,2,1,unbounded,9,1.4874999999999998,1988,1988,0,1357.1671277584228,1357.1671277584228,691.6235499952244,4277.167127758424,2920.0,4.17482128328778
0.7,2,1,one_day_reservation,9,1.4874999999999998,1988,945,1043,0.958739281651857,16.582497993502383,0.8736722295312415,2039.1840102588556,2038.2252709772029,0.003806882797819613
0.7,2,1,unbounded,10,1.4874999999999998,2077,2077,0,1515.7814180834653,1529.6713136532533,849.841024807502,4433.970200235493,2918.1887821520254,3.0181603740952947
0.7,2,1,one_day_reservation,10,1.4874999999999998,2077,969,1108,0,11.53619924997961,0.7415665494582466,2044.2789504877296,2044.2789504877287,0.0
0.7,2,1,unbounded,11,1.4874999999999998,2092,2092,0,1537.1737760993653,1537.1737760993653,734.0944009713464,4453.785976283871,2916.612200184508,5.529507095847681
0.7,2,1,one_day_reservation,11,1.4874999999999998,2092,972,1120,0,14.957744299735367,0.816263328974379,2119.3649633161303,2119.36496331613,0.0
0.7,2,1,unbounded,12,1.4874999999999998,2009,2009,0,1470.2220452697932,1470.2220452697932,833.2223433871776,4387.2297042135215,2917.0076589437276,2.9717033521007084
0.7,2,1,one_day_reservation,12,1.4874999999999998,2009,927,1082,0,17.72713208150121,1.0507217775330833,2068.305690561732,2068.305690561731,0.0
0.7,2,1,unbounded,13,1.4874999999999998,2074,2074,0,1442.0373793783313,1442.0373793783313,744.1079959445295,4356.726576798204,2914.689197419877,4.24589636692233
0.7,2,1,one_day_reservation,13,1.4874999999999998,2074,972,1102,0.2632449637395453,12.952701953121636,0.7868551834388932,2106.715790707501,2106.4525457437617,0.0028928017993356627
0.7,2,1,unbounded,14,1.4874999999999998,2025,2025,0,1244.8989893708479,1244.8989893708479,643.4340830937881,4150.87897258831,2905.979983217464,2.4219307031441413
0.7,2,1,one_day_reservation,14,1.4874999999999998,2025,967,1058,2.5763354814036994,11.997636846135574,0.6935531184421012,1954.090898543198,1951.5145630617944,0.01371938300978783
0.7,2,1,unbounded,15,1.4874999999999998,1989,1989,0,1269.9592035028343,1269.9592035028343,647.03670719545,4186.186960145097,2916.2277566422636,3.051962000567474
0.7,2,1,one_day_reservation,15,1.4874999999999998,1989,952,1037,0,16.940512023558163,0.8160433181559493,2024.3144085304757,2024.314408530476,0.0
0.7,2,1,unbounded,16,1.4874999999999998,2065,2065,0,1478.6190389268197,1485.5132571475451,730.4943927815754,4398.619038926819,2920.0,3.6235996162376076
0.7,2,1,one_day_reservation,16,1.4874999999999998,2065,966,1099,0,21.640167167484123,0.7422657456786373,2010.8342765250652,2010.8342765250652,0.0
0.7,2,1,unbounded,17,1.4874999999999998,2096,2096,0,1518.5950875788676,1518.5950875788676,741.6786989997065,4437.895006213414,2919.299918634548,4.880773914364049
0.7,2,1,one_day_reservation,17,1.4874999999999998,2096,976,1120,0,11.647638203242902,0.7220357241896472,2022.1502466545028,2022.1502466545026,0.0
0.7,2,1,unbounded,18,1.4874999999999998,2088,2088,0,1517.5470132110936,1518.10348477181,767.6826220279472,4437.547013211092,2920.0,4.342985249050848
0.7,2,1,one_day_reservation,18,1.4874999999999998,2088,965,1123,0,16.669107510343963,0.776197170544925,2041.8318516830122,2041.8318516830132,0.0
0.7,2,1,unbounded,19,1.4874999999999998,2043,2043,0,1407.4069745548113,1409.7726487731743,758.0684623657733,4327.406974554812,2920.0,3.327009079291961
0.7,2,1,one_day_reservation,19,1.4874999999999998,2043,950,1093,0,16.40265421160212,0.8960140598154768,2115.2248176583134,2115.2248176583134,-0.01934318231745243
0.7,2,1,unbounded,20,1.4874999999999998,2056,2056,0,1521.8567405694043,1521.8567405694043,789.9613051668224,4424.05756874282,2902.2008281734124,3.9129465763475517
0.7,2,1,one_day_reservation,20,1.4874999999999998,2056,960,1096,0,12.918922684724421,0.8097871892298655,2026.47464548269,2026.474645482691,-0.003064393914627512
0.7,2,1,unbounded,21,1.4874999999999998,2056,2056,0,1505.3181655844917,1505.3181655844917,763.0612807856926,4425.31816558449,2920.0,3.757441920501046
0.7,2,1,one_day_reservation,21,1.4874999999999998,2056,945,1111,0,12.041519501048732,0.8892237673263819,2027.4113574984804,2027.4113574984813,0.0
0.7,2,1,unbounded,22,1.4874999999999998,2091,2091,0,1515.0156937777908,1515.0156937777908,733.224960614761,4427.493127301795,2912.477433524007,3.9472795006281207
0.7,2,1,one_day_reservation,22,1.4874999999999998,2091,964,1127,0,11.631116044165811,0.7404441505986153,2051.0238401656825,2051.023840165684,0.0
0.7,2,1,unbounded,23,1.4874999999999998,2048,2048,0,1281.3035885480413,1281.3035885480413,686.5710551463603,4201.303588548044,2920.0,3.48704671870943
0.7,2,1,one_day_reservation,23,1.4874999999999998,2048,966,1082,0.6515433485654292,11.622720153895571,0.6683802758691975,2031.0057134475517,2030.3541700989852,0.007159817017202519
0.7,2,1,unbounded,24,1.4874999999999998,2019,2019,0,1337.6643137969907,1337.6643137969907,715.5341240589674,4257.664313796989,2920.0,3.189859914159155
0.7,2,1,one_day_reservation,24,1.4874999999999998,2019,955,1064,0.5736609371772161,13.904163409959303,0.8300820338256916,2062.1592135752353,2061.5855526380565,0.0063039663426067705
0.7,2,1,unbounded,25,1.4874999999999998,2019,2019,0,1541.8423608395344,1546.8874689491747,823.6879198029503,4458.628890586319,2916.7865297467897,3.81330235302082
0.7,2,1,one_day_reservation,25,1.4874999999999998,2019,963,1056,0,18.27344700839744,0.9209666336784509,2131.9344945303933,2131.9344945303933,-0.01738840843019115
0.7,2,1,unbounded,26,1.4874999999999998,2115,2115,0,1716.9559161875607,1724.1225145924102,893.04281867825,4633.105122697185,2916.1492065096263,4.832279759178981
0.7,2,1,one_day_reservation,26,1.4874999999999998,2115,946,1169,0,14.701823776658994,0.9235973936382244,2046.1006429045433,2046.100642904543,0.0
0.7,2,1,unbounded,27,1.4874999999999998,1983,1983,0,1340.6056399347585,1340.6056399347585,673.0605653625449,4247.502546832686,2906.896906897925,3.3634092920465566
0.7,2,1,one_day_reservation,27,1.4874999999999998,1983,955,1028,0,10.979238419409533,0.8046130296061232,2053.229517444731,2053.22951744473,-0.0040079797214216464
0.7,2,1,unbounded,28,1.4874999999999998,2081,2081,0,1466.6465052346903,1471.1110729582765,764.097219857361,4385.846034125906,2919.199528891219,3.7770331751069004
0.7,2,1,one_day_reservation,28,1.4874999999999998,2081,955,1126,0,10.62592642337519,0.8535423226603871,2006.5666040465364,2006.5666040465355,-0.06638046029694471
0.7,2,1,unbounded,29,1.4874999999999998,2028,2028,0,1470.8983401046296,1472.572379480487,678.4169586413642,4383.189683458207,2912.291343353576,4.962628820910632
0.7,2,1,one_day_reservation,29,1.4874999999999998,2028,952,1076,0,12.711627040301249,0.8387987591550738,2060.624564148866,2060.6245641488663,-0.009083302459483848
0.7,2,0.75,unbounded,0,1.1375,2019,2019,0,289.53843574640297,289.53843574640297,132.4391200580336,3199.422994985665,2909.8845592392627,1.41321667177645
0.7,2,0.75,one_day_reservation,0,1.1375,2019,1297,722,0,9.633818445840365,0.43662206928845804,1968.8901171981079,1968.8901171981088,0.0
0.7,2,0.75,unbounded,1,1.1375,1968,1968,0,240.95251583798063,261.94018495694417,143.74084399968424,3160.762079910435,2919.809564072454,-0.08640075777619538
0.7,2,0.75,one_day_reservation,1,1.1375,1968,1283,685,0,9.851976928542708,0.6267255068917891,2111.789106680737,2111.7891066807383,-0.01162868797885924
0.7,2,0.75,unbounded,2,1.1375,2026,2026,0,410.47275575229514,440.3299257386528,244.21255411922684,3330.472755752296,2920.0,0.3633917981006358
0.7,2,0.75,one_day_reservation,2,1.1375,2026,1267,759,0.011777447248867645,12.714499711166539,0.5952872553482829,2072.4733510732767,2072.461573626028,-0.015782556706411873
0.7,2,0.75,unbounded,3,1.1375,2026,2026,0,386.2464874427292,386.2464874427292,244.00921413445045,3306.246487442727,2920.0,0.37678455805842215
0.7,2,0.75,one_day_reservation,3,1.1375,2026,1282,744,0,11.205735728068554,0.6310353560120276,2123.310965391349,2123.3109653913493,0.0
0.7,2,0.75,unbounded,4,1.1375,2033,2033,0,531.0930721658184,541.8246115053062,215.71958657156733,3434.5052073128763,2903.4121351470603,2.2658869495195666
0.7,2,0.75,one_day_reservation,4,1.1375,2033,1239,794,0,17.441550308936563,0.7631328829399237,2091.426204288304,2091.426204288304,0.0
0.7,2,0.75,unbounded,5,1.1375,1939,1939,0,257.93444647812123,269.7125160636377,132.58291424970443,3177.934446478117,2920.0,0.701319497904483
0.7,2,0.75,one_day_reservation,5,1.1375,1939,1251,688,0.8520072126132945,12.305472850951162,0.6364487665902377,2030.9884546453716,2030.1364474327588,0.009362716622124114
0.7,2,0.75,unbounded,6,1.1375,2000,2000,0,357.88936026404696,377.7242622295144,214.41489400621677,3267.2410949343125,2909.3517346702683,0.5585121939412392
0.7,2,0.75,one_day_reservation,6,1.1375,2000,1206,794,0,18.253120999219792,0.8953725206129074,2023.7516395234295,2023.7516395234288,0.0
0.7,2,0.75,unbounded,7,1.1375,1966,1966,0,351.25581644495475,384.07598562824995,207.93387488976256,3266.371305450767,2915.115489005813,0.08822667276028275
0.7,2,0.75,one_day_reservation,7,1.1375,1966,1246,720,0,16.33706834989882,0.6621081885862674,2060.211098434778,2060.211098434779,-0.005796231116015661
0.7,2,0.75,unbounded,8,1.1375,2053,2053,0,362.6115278954761,362.6115278954761,162.39424687263323,3282.6115278954726,2920.0,0.7135147087147259
0.7,2,0.75,one_day_reservation,8,1.1375,2053,1282,771,1.219743102461262,10.77985372078684,0.6002836425118738,2048.719488717906,2047.4997456154451,0.013403770356717163
0.7,2,0.75,unbounded,9,1.1375,1988,1988,0,355.8428833107389,358.54457556757575,187.24667790503162,3274.361232857689,2918.518349546947,1.3153835248061176
0.7,2,0.75,one_day_reservation,9,1.1375,1988,1247,741,0,12.055161972789403,0.7289776693080506,2063.9408202186737,2063.9408202186746,0.0
0.7,2,0.75,unbounded,10,1.1375,2077,2077,0,473.15037192105956,492.89677015392436,309.175526104028,3389.7919585350783,2916.6415866140187,0.39847403885327853
0.7,2,0.75,one_day_reservation,10,1.1375,2077,1268,809,0,12.788929376130795,0.6442261587840709,2047.8977536935695,2047.8977536935697,0.0
0.7,2,0.75,unbounded,11,1.1375,2092,2092,0,490.9528149834994,491.79942725554247,224.25518999494437,3397.593136881748,2906.6403218982496,2.299626447481023
0.7,2,0.75,one_day_reservation,11,1.1375,2092,1287,805,0.785242848233267,12.158467192761979,0.5653571044465094,2089.9974899485765,2089.212247100343,0.008629042288277659
0.7,2,0.75,unbounded,12,1.1375,2009,2009,0,439.93320179381027,462.82012201225757,298.92420752013624,3355.699708144382,2915.766506350574,0.3769629239141917
0.7,2,0.75,one_day_reservation,12,1.1375,2009,1239,770,0,13.829022788963648,0.8131643321922243,2093.1661014115984,2093.166101411597,0.0
0.7,2,0.75,unbounded,13,1.1375,2074,2074,0,427.28526279043035,428.35735765022446,232.55879757926263,3340.777637012785,2913.4923742223564,1.400721762257538
0.7,2,0.75,one_day_reservation,13,1.1375,2074,1291,783,0,13.948699028029978,0.5479698532767199,2083.2990147463493,2083.2990147463493,0.0
0.7,2,0.75,unbounded,14,1.1375,2025,2025,0,285.7065015182478,308.2548588416446,168.1062995124768,3173.563162272699,2887.85666075445,-0.03521531815381222
0.7,2,0.75,one_day_reservation,14,1.1375,2025,1265,760,0.2820372551769079,8.378949470781237,0.5247434982096614,1956.460617818815,1956.1785805636378,-0.0014427575986219923
0.7,2,0.75,unbounded,15,1.1375,1989,1989,0,273.3982626483808,273.3982626483808,144.11374848262597,3188.5690801300766,2915.1708174816977,0.446742511055823
0.7,2,0.75,one_day_reservation,15,1.1375,1989,1226,763,0,14.914152587977025,0.6971847356416433,2003.3389329242061,2003.3389329242061,0.0
0.7,2,0.75,unbounded,16,1.1375,2065,2065,0,457.0307107506746,469.8230440769949,226.78004200330122,3363.094641213398,2906.0639304627207,0.8727898264936078
0.7,2,0.75,one_day_reservation,16,1.1375,2065,1260,805,0,17.208113568632204,0.6383228569754791,2021.7848681399528,2021.7848681399532,-5.826603283269234e-05
0.7,2,0.75,unbounded,17,1.1375,2096,2096,0,478.8355884820447,480.3246329102436,225.19206369897523,3396.310527457954,2917.474938975911,1.8527800304973294
0.7,2,0.75,one_day_reservation,17,1.1375,2096,1293,803,0,8.933978125055773,0.5555122039692969,2024.9196858029059,2024.9196858029075,0.0
0.7,2,0.75,unbounded,18,1.1375,2088,2088,0,476.7379425171566,479.0293859822837,244.37363569541512,3396.7379425171594,2920.0,1.4339963296448528
0.7,2,0.75,one_day_reservation,18,1.1375,2088,1263,825,0,11.770235536958744,0.7197770851084812,2078.033558962822,2078.0335589628216,0.0
0.7,2,0.75,unbounded,19,1.1375,2043,2043,0,386.21253391486135,406.8593849619367,233.73654904473383,3304.52922402879,2918.3166901139284,0.674688893571408
0.7,2,0.75,one_day_reservation,19,1.1375,2043,1269,774,0,11.914438999088791,0.6169724618026247,2105.4836654236483,2105.4836654236483,-0.0017640140019230459
0.7,2,0.75,unbounded,20,1.1375,2056,2056,0,489.10087150100037,515.6870264480243,275.41474347280985,3382.3399694331256,2893.2390979321253,1.0773794729466066
0.7,2,0.75,one_day_reservation,20,1.1375,2056,1251,805,0,9.742420287607285,0.6711682171803882,2040.2667095823363,2040.2667095823356,0.0
0.7,2,0.75,unbounded,21,1.1375,2056,2056,0,464.8101467228164,479.04561689564827,242.9600922428902,3384.810146722818,2920.0,0.9826559865931342
0.7,2,0.75,one_day_reservation,21,1.1375,2056,1245,811,0,14.112832388104685,0.7456413885059296,2096.118898002254,2096.1188980022544,0.0
0.7,2,0.75,unbounded,22,1.1375,2091,2091,0,473.1823972266055,474.3344680302463,223.8008733299797,3375.163156195668,2901.9807589690645,1.1199623595630972
0.7,2,0.75,one_day_reservation,22,1.1375,2091,1279,812,0,12.861346399221112,0.5732107876644111,2078.9791552377224,2078.9791552377233,0.0
0.7,2,0.75,unbounded,23,1.1375,2048,2048,0,299.9916202599689,302.19776714639283,185.9000681938759,3219.991620259967,2920.0,0.7764761936205273
0.7,2,0.75,one_day_reservation,23,1.1375,2048,1271,777,0.4645662799869861,9.579137089950432,0.5195549186211685,2012.6425453370612,2012.1779790570738,0.005105123955900946
0.7,2,0.75,unbounded,24,1.1375,2019,2019,0,333.9608446550789,358.36276445465796,200.74646242449228,3253.9608446550774,2920.0,0.5673549420212618
0.7,2,0.75,one_day_reservation,24,1.1375,2019,1271,748,0.581872967963033,10.284522414635092,0.5816194746284997,2034.5416184745472,2033.9597455065837,0.006394208439154209
0.7,2,0.75,unbounded,25,1.1375,2019,2019,0,498.9095983687667,510.47509266955774,293.3282541659099,3414.4994956788587,2915.589897310092,0.9675112151269025
0.7,2,0.75,one_day_reservation,25,1.1375,2019,1288,731,0,14.130960878631164,0.633582777313811,2132.0271772913543,2132.027177291355,-0.01937396375270993
0.7,2,0.75,unbounded,26,1.1375,2115,2115,0,623.6173158835842,630.9922646872213,341.66034771437637,3538.729220765805,2915.1119048822197,1.7623269678257367
0.7,2,0.75,one_day_reservation,26,1.1375,2115,1259,856,0,11.64032927544773,0.7431524461119483,2099.904476754149,2099.9044767541486,0.0
0.7,2,0.75,unbounded,27,1.1375,1983,1983,0,336.5773418211067,336.5773418211067,172.3502690366008,3236.750021994549,2900.1726801734435,0.7085779389953311
0.7,2,0.75,one_day_reservation,27,1.1375,1983,1254,729,0,8.892434536410626,0.6441140294876252,2078.5513903103247,2078.5513903103247,0.0
0.7,2,0.75,unbounded,28,1.1375,2081,2081,0,444.26337175130357,458.47208619145465,252.86212007429722,3349.1185758273155,2904.8552040760105,0.9874325633756241
0.7,2,0.75,one_day_reservation,28,1.1375,2081,1269,812,0,8.763397291316267,0.592170006916019,1997.472835231319,1997.4728352313189,-0.04985954416315453
0.7,2,0.75,unbounded,29,1.1375,2028,2028,0,431.33296442792596,434.26297191788666,173.1834451719626,3341.8028045951305,2910.469840167205,1.8912101261980796
0.7,2,0.75,one_day_reservation,29,1.1375,2028,1255,773,0,9.839385603551253,0.65494510646695,2082.747366124258,2082.747366124257,0.0
0.7,2,0.5,unbounded,0,0.7875,2019,2019,0,4.191255550571416,21.616259374096735,2.1996799948225303,2219.26036234816,2215.0691067975886,0.04605775330298259
0.7,2,0.5,one_day_reservation,0,0.7875,2019,1794,225,0,8.006367538968117,0.4587836371243461,1957.2662770718334,1957.2662770718332,0.0
0.7,2,0.5,unbounded,1,0.7875,1968,1968,0,0,16.234259430240098,1.262551741036136,2178.1542942176234,2178.154294217622,-0.06619283873935151
0.7,2,0.5,one_day_reservation,1,0.7875,1968,1787,181,0,8.180135470199492,0.4163412600963774,1995.324118668244,1995.3241186682449,0.0
0.7,2,0.5,unbounded,2,0.7875,2026,2026,0,0.671484208707497,21.05294031773997,2.837930893113049,2309.285575519293,2308.6140913105846,-0.0857101563415057
0.7,2,0.5,one_day_reservation,2,0.7875,2026,1764,262,0.671484208707497,10.219735697546124,0.5855235860815582,2026.8228804609334,2026.151396252225,-0.07729615529249824
0.7,2,0.5,unbounded,3,0.7875,2026,2026,0,2.217340798577254,21.945579993675008,1.8073907110651746,2280.0449342096604,2277.8275934110834,-0.014315298276872127
0.7,2,0.5,one_day_reservation,3,0.7875,2026,1811,215,0,8.162229278964134,0.44858668627621673,2041.9454884687223,2041.9454884687227,-0.036697354526376166
0.7,2,0.5,unbounded,4,0.7875,2033,2033,0,8.213839595689961,22.687176530681207,3.521151382352328,2403.4709483557585,2395.2571087600695,0.010814504616974684
0.7,2,0.5,one_day_reservation,4,0.7875,2033,1735,298,0,11.26834945121567,0.7434682056872383,2069.3198233554645,2069.3198233554654,0.0
0.7,2,0.5,unbounded,5,0.7875,1939,1939,0,0.28987876559287074,13.21930508955672,1.7554161451135906,2189.4295955464363,2189.139716780844,0.0031854809405809973
0.7,2,0.5,one_day_reservation,5,0.7875,1939,1719,220,0,10.696720890300991,0.52046917809573,1950.6931732761357,1950.6931732761357,0.0
0.7,2,0.5,unbounded,6,0.7875,2000,2000,0,3.037733756568816,29.879166120793805,3.180234659436271,2258.298016150588,2255.260282394018,0.03338168963262435
0.7,2,0.5,one_day_reservation,6,0.7875,2000,1696,304,0,15.147577872771969,0.7286342932037095,1944.0004100506887,1944.000410050689,0.0
0.7,2,0.5,unbounded,7,0.7875,1966,1966,0,0,18.14914819190126,1.6173766233972575,2250.565779065021,2250.565779065022,-0.0235301460026571
0.7,2,0.5,one_day_reservation,7,0.7875,1966,1731,235,0,10.50469820200728,0.5264684804985823,1984.8874741862694,1984.8874741862683,-0.0235301460026571
0.7,2,0.5,unbounded,8,0.7875,2053,2053,0,5.485391570393116,19.934477584072482,1.9487789263626225,2267.7376098969926,2262.252218326599,0.02837171384396256
0.7,2,0.5,one_day_reservation,8,0.7875,2053,1813,240,1.6397065819425283,6.461088978769176,0.4934072565500544,2011.8413792342135,2010.2016726522697,0.009107509396570037
0.7,2,0.5,unbounded,9,0.7875,1988,1988,0,2.6003098680342305,13.295473114547196,2.014323606083413,2271.5553379569483,2268.9550280889125,0.01640968898295727
0.7,2,0.5,one_day_reservation,9,0.7875,1988,1770,218,2.0321001344624054,10.270559775914545,0.5646413558225108,2024.1376483270144,2022.105548192552,0.010165625976673478
0.7,2,0.5,unbounded,10,0.7875,2077,2077,0,0,47.32987910889099,4.511922479845979,2345.613716834666,2345.613716834665,0.0
0.7,2,0.5,one_day_reservation,10,0.7875,2077,1796,281,0,11.065435382447731,0.6711782673747698,2020.878719914492,2020.8787199144924,0.0
0.7,2,0.5,unbounded,11,0.7875,2092,2092,0,2.189586848205943,17.449575025362776,2.6837734649571843,2341.400297479625,2339.210710631419,0.024061393936329046
0.7,2,0.5,one_day_reservation,11,0.7875,2092,1810,282,2.189586848205943,11.618986638835153,0.5299766093731383,2015.7781790095587,2013.5885921613533,0.024061393936329046
0.7,2,0.5,unbounded,12,0.7875,2009,2009,0,1.070114769608507,26.197067168207667,3.696834100611879,2324.169712075247,2323.099597305637,0.011759502962730846
0.7,2,0.5,one_day_reservation,12,0.7875,2009,1736,273,1.070114769608507,13.56015396326088,0.619450406870831,2021.608364419305,2020.5382496496973,0.011759502962730846
0.7,2,0.5,unbounded,13,0.7875,2074,2074,0,0,21.729400965408,2.4439081614532014,2324.828697227366,2324.828697227365,0.0
0.7,2,0.5,one_day_reservation,13,0.7875,2074,1798,276,0,12.25116197948218,0.5633989084318819,2032.50430066636,2032.5043006663607,0.0
0.7,2,0.5,unbounded,14,0.7875,2025,2025,0,0,20.606481218551494,2.0105004470424817,2196.2473519570813,2196.247351957082,-0.10840892100683763
0.7,2,0.5,one_day_reservation,14,0.7875,2025,1788,237,0,8.797461765212518,0.47976663606075404,1939.63088716199,1939.6308871619901,0.0
0.7,2,0.5,unbounded,15,0.7875,1989,1989,0,14.999046369633728,15.048222885996871,1.8554096288529092,2190.951200115061,2175.952153745428,0.07800189863179059
0.7,2,0.5,one_day_reservation,15,0.7875,1989,1747,242,0,9.80999407803317,0.5107939426400021,1923.190130178496,1923.1901301784949,-0.00433722555739233
0.7,2,0.5,unbounded,16,0.7875,2065,2065,0,0,28.26447389967445,4.04121068415402,2327.5702434999675,2327.5702434999703,-0.11398850539471528
0.7,2,0.5,one_day_reservation,16,0.7875,2065,1772,293,0,14.049177419053137,0.5805047398827081,2004.292652041033,2004.2926520410335,-0.016303787932775003
0.7,2,0.5,unbounded,17,0.7875,2096,2096,0,0,25.550974908732442,2.7889550200232587,2354.726048702497,2354.726048702496,0.0
0.7,2,0.5,one_day_reservation,17,0.7875,2096,1808,288,0,11.801307030570012,0.5431705374176917,2007.7462585563756,2007.7462585563753,0.0
0.7,2,0.5,unbounded,18,0.7875,2088,2088,0,11.174389584810598,20.480723151995655,2.730684888876404,2355.9288718232183,2344.754482238409,0.12279548994297361
0.7,2,0.5,one_day_reservation,18,0.7875,2088,1793,295,0,10.575190557475324,0.6242514124071139,2036.53858191237,2036.5385819123705,0.0
0.7,2,0.5,unbounded,19,0.7875,2043,2043,0,0,24.316187415673987,2.182215855700486,2281.651473502768,2281.651473502767,0.0
0.7,2,0.5,one_day_reservation,19,0.7875,2043,1797,246,0,10.480927598335693,0.47219225061564996,1996.2911628781676,1996.2911628781678,0.0
0.7,2,0.5,unbounded,20,0.7875,2056,2056,0,3.2087544193128466,26.08714822972921,3.74697581582367,2340.622370123434,2337.413615704122,0.03526103757486645
0.7,2,0.5,one_day_reservation,20,0.7875,2056,1775,281,0,9.142609789063268,0.5485235322890776,2012.2214802868912,2012.2214802868912,0.0
0.7,2,0.5,unbounded,21,0.7875,2056,2056,0,0,21.9343640299776,2.4212603827402406,2344.3021278611386,2344.302127861138,0.0
0.7,2,0.5,one_day_reservation,21,0.7875,2056,1768,288,0,10.072161581414015,0.5783213811940363,2027.2115466237235,2027.2115466237226,0.0
0.7,2,0.5,unbounded,22,0.7875,2091,2091,0,4.4861576100654155,24.96711346119001,2.378291727370436,2322.8331850895443,2318.3470274794777,-0.043964281241323934
0.7,2,0.5,one_day_reservation,22,0.7875,2091,1789,302,0,10.867904858013532,0.5288344939066272,1996.0149156451776,1996.0149156451796,-0.0012840672630437058
0.7,2,0.5,unbounded,23,0.7875,2048,2048,0,0.0949142732232815,20.228407764058634,2.1267513134189557,2238.6796519718982,2238.5847376986753,0.001043013991464632
0.7,2,0.5,one_day_reservation,23,0.7875,2048,1789,259,0,13.69952969999726,0.49161752151671667,1971.280262633556,1971.280262633556,0.0
0.7,2,0.5,unbounded,24,0.7875,2019,2019,0,3.5996566726126265,22.426355986570417,2.7907441651840847,2250.2573755131657,2246.6577188405536,0.020964811716092806
0.7,2,0.5,one_day_reservation,24,0.7875,2019,1775,244,0,9.22171948964268,0.5092769119647149,1978.7098009597992,1978.7098009598,0.0
0.7,2,0.5,unbounded,25,0.7875,2019,2019,0,0,19.53716163697485,2.592519206130338,2370.3701007713953,2370.3701007713944,-0.014163720444673124
0.7,2,0.5,one_day_reservation,25,0.7875,2019,1750,269,0,11.53864434229261,0.6828944689556956,2089.354859540993,2089.354859540993,-0.014163720444673124
0.7,2,0.5,unbounded,26,0.7875,2115,2115,0,0,19.823508322126102,3.34104301260204,2444.353318834418,2444.3533188344204,0.0
0.7,2,0.5,one_day_reservation,26,0.7875,2115,1784,331,0,9.319576870070534,0.668194453794055,2058.9226939525474,2058.9226939525483,0.0
0.7,2,0.5,unbounded,27,0.7875,1983,1983,0,4.002360860931697,16.46424051169216,1.6500511200853814,2225.9974971564206,2221.9951362954876,0.043981987482765904
0.7,2,0.5,one_day_reservation,27,0.7875,1983,1775,208,0,8.226380808701592,0.5112507931847512,1999.1875313866558,1999.1875313866556,0.0
0.7,2,0.5,unbounded,28,0.7875,2081,2081,0,0,24.53799540425574,2.9276481257008826,2312.3911175287194,2312.3911175287217,-0.009148767690204881
0.7,2,0.5,one_day_reservation,28,0.7875,2081,1804,277,0,9.63921111368569,0.5714481016930214,2001.312258190536,2001.3122581905359,-0.009148767690204881
0.7,2,0.5,unbounded,29,0.7875,2028,2028,0,0,22.88326758186139,2.3705303332583454,2300.4159257320557,2300.415925732056,-0.042239742629771274
0.7,2,0.5,one_day_reservation,29,0.7875,2028,1784,244,0,12.642974577476387,0.5078227805765659,2019.8299126809793,2019.8299126809789,0.0
0.7,4,1,unbounded,0,2.9749999999999996,3991,3991,0,5441.827484941753,5441.827484941753,2737.2754462724183,8361.82748494176,2920.0,15.470833282967295
0.7,4,1,one_day_reservation,0,2.9749999999999996,3991,1011,2980,0,14.333659479666068,0.6852221831625229,2016.2495573899214,2016.2495573899207,0.0
0.7,4,1,unbounded,1,2.9749999999999996,4125,4125,0,5698.518259186561,5698.518259186561,2877.023401149181,8618.518259186567,2920.0,15.702158117646961
0.7,4,1,one_day_reservation,1,2.9749999999999996,4125,1006,3119,3.4416091420171853,17.14529148707063,0.7607376464127205,2069.777932732572,2066.336323590554,0.03781988068150753
0.7,4,1,unbounded,2,2.9749999999999996,4060,4060,0,5710.443712239772,5710.443712239772,2916.3156469193436,8630.44371223977,2920.0,15.495800375638082
0.7,4,1,one_day_reservation,2,2.9749999999999996,4060,968,3092,0,13.837616598452144,0.9883037385373087,2131.67498120923,2131.6749812092303,0.0
0.7,4,1,unbounded,3,2.9749999999999996,4096,4096,0,5999.997226194472,5999.997226194472,2953.242109793739,8919.997226194471,2920.0,16.948151932039554
0.7,4,1,one_day_reservation,3,2.9749999999999996,4096,978,3118,6.553963525857956,25.143985380469367,1.0817218947862024,2217.3853695435578,2210.8314060176995,0.07202157720723028
0.7,4,1,unbounded,4,2.9749999999999996,3959,3959,0,5518.870281628213,5518.870281628213,2806.4118990884017,8438.870281628215,2920.0,14.79652271042765
0.7,4,1,one_day_reservation,4,2.9749999999999996,3959,968,2991,0,14.013055722974173,0.9625976057418376,2153.8788511202274,2153.878851120228,0.0
0.7,4,1,unbounded,5,2.9749999999999996,3987,3987,0,5659.061902612948,5659.061902612948,2871.5965358243025,8579.06190261295,2920.0,15.06408417189028
0.7,4,1,one_day_reservation,5,2.9749999999999996,3987,986,3001,1.9437435962821024,16.88107722910485,0.8600848268453868,2090.0847670424346,2088.1410234461537,0.021359819739363763
0.7,4,1,unbounded,6,2.9749999999999996,4051,4051,0,5594.817164969522,5595.884637726459,2813.3814030103003,8514.817164969525,2920.0,15.781791625896064
0.7,4,1,one_day_reservation,6,2.9749999999999996,4051,975,3076,0,14.536675244256362,0.9944102834649792,2171.0443291664064,2171.044329166405,-0.11531993363054334
0.7,4,1,unbounded,7,2.9749999999999996,4059,4059,0,5843.328147518201,5843.328147518201,3009.551784380135,8763.328147518203,2920.0,15.689513815336795
0.7,4,1,one_day_reservation,7,2.9749999999999996,4059,977,3082,5.3730208758387725,13.228470211653427,0.9697514651772068,2123.077803773078,2117.7047828972377,0.037469028023795176
0.7,4,1,unbounded,8,2.9749999999999996,4150,4150,0,5731.568798701623,5731.568798701623,2864.8910112461117,8651.56879870163,2920.0,15.114818748370332
0.7,4,1,one_day_reservation,8,2.9749999999999996,4150,999,3151,0,13.945794497429091,0.758520824819316,2073.0346674857,2073.0346674857005,0.0
0.7,4,1,unbounded,9,2.9749999999999996,4017,4017,0,5661.597493732539,5661.597493732539,2852.5527683802375,8581.597493732537,2920.0,15.185037252320148
0.7,4,1,one_day_reservation,9,2.9749999999999996,4017,996,3021,1.9198864084868408,10.00487362278351,0.7403786766445462,2064.378042189771,2062.458155781285,0.021097652840514732
0.7,4,1,unbounded,10,2.9749999999999996,4103,4103,0,5909.526830303508,5909.526830303508,2992.532623917232,8829.526830303512,2920.0,14.604598532543426
0.7,4,1,one_day_reservation,10,2.9749999999999996,4103,988,3115,0,12.83637089132679,0.851867756468032,2044.5608003133889,2044.5608003133882,0.0
0.7,4,1,unbounded,11,2.9749999999999996,4133,4133,0,5968.801266051637,5968.801266051637,2965.753954746903,8888.801266051642,2920.0,16.348617458640636
0.7,4,1,one_day_reservation,11,2.9749999999999996,4133,995,3138,6.0703968842267955,10.84831781426077,0.8197055079778458,2086.023694291192,2079.953297406966,0.06670765806842632
0.7,4,1,unbounded,12,2.9749999999999996,4056,4056,0,5580.02990407623,5580.02990407623,2866.040573018681,8500.029904076231,2920.0,14.4894696426238
0.7,4,1,one_day_reservation,12,2.9749999999999996,4056,1015,3041,3.6441794381723867,8.908110042617249,0.6482300874038722,2080.831767902104,2077.187588463932,-0.009577313456717026
0.7,4,1,unbounded,13,2.9749999999999996,4090,4090,0,5896.913904006819,5896.913904006819,2921.0276084686448,8816.913904006811,2920.0,16.539756395779527
0.7,4,1,one_day_reservation,13,2.9749999999999996,4090,975,3115,1.707266869499108,14.365080602421529,0.9454839835556611,2088.0783380196012,2086.3710711501026,0.018761174390100086
0.7,4,1,unbounded,14,2.9749999999999996,4062,4062,0,5793.974624673497,5793.974624673497,2914.3519567571675,8713.974624673503,2920.0,16.0533751488237
0.7,4,1,one_day_reservation,14,2.9749999999999996,4062,963,3099,0,11.643815307194505,0.9790817385664662,2133.3939800008266,2133.3939800008256,0.0
0.7,4,1,unbounded,15,2.9749999999999996,3981,3981,0,5448.053727094086,5448.053727094086,2800.111685637021,8368.053727094086,2920.0,14.601764667517052
0.7,4,1,one_day_reservation,15,2.9749999999999996,3981,986,2995,10.51781496283413,12.915398423461099,0.8785446230424419,2083.9864781461915,2073.468663183358,0.09171691369032632
0.7,4,1,unbounded,16,2.9749999999999996,4097,4097,0,5787.540412043264,5787.540412043264,2934.6923760335976,8707.540412043261,2920.0,15.017797807783738
0.7,4,1,one_day_reservation,16,2.9749999999999996,4097,988,3109,0,15.317311633488522,0.8956008512004556,2077.5952032246596,2077.5952032246582,0.0
0.7,4,1,unbounded,17,2.9749999999999996,4118,4118,0,5890.22939696636,5890.22939696636,2893.9849935625602,8810.22939696635,2920.0,16.597198472205402
0.7,4,1,one_day_reservation,17,2.9749999999999996,4118,988,3130,0.9421571014877319,9.996819519555409,0.8455936592838474,2178.0237349921686,2177.081577890681,0.010353374741623428
0.7,4,1,unbounded,18,2.9749999999999996,4085,4085,0,5891.8000647456265,5891.8000647456265,2964.073394882903,8811.800064745628,2920.0,15.773009145376509
0.7,4,1,one_day_reservation,18,2.9749999999999996,4085,968,3117,0,17.638782119829344,0.9838550145054227,2152.9170479108357,2152.917047910836,-0.0287117916849358
0.7,4,1,unbounded,19,2.9749999999999996,3940,3940,0,5511.134447253962,5511.134447253962,2838.128754273945,8431.134447253964,2920.0,14.286081332763438
0.7,4,1,one_day_reservation,19,2.9749999999999996,3940,1011,2929,3.9724284140896557,14.933537421417888,0.7051713485058748,2178.8194474139946,2174.8470189999052,0.04067786406110935
0.7,4,1,unbounded,20,2.9749999999999996,3966,3966,0,5537.929816816988,5537.929816816988,2736.4457558111485,8457.89283540568,2919.963018588698,15.54513077221239
0.7,4,1,one_day_reservation,20,2.9749999999999996,3966,972,2994,0,17.311020848507177,1.039822154080216,2045.1634580316056,2045.1634580316063,-0.0037532488535405827
0.7,4,1,unbounded,21,2.9749999999999996,4085,4085,0,5727.133382491546,5727.133382491546,2885.8462280040508,8647.133382491542,2920.0,14.901067659434325
0.7,4,1,one_day_reservation,21,2.9749999999999996,4085,1008,3077,5.299761726012761,9.459240480023919,0.6821670365558299,2048.66524104634,2043.3654793203273,-0.010735110665546346
0.7,4,1,unbounded,22,2.9749999999999996,4070,4070,0,5921.869656469503,5921.869656469503,3014.3633343166684,8841.869656469502,2920.0,15.09218792259278
0.7,4,1,one_day_reservation,22,2.9749999999999996,4070,1000,3070,0,10.400101808124266,0.760067745223567,2139.677787918572,2139.67778791857,0.0
0.7,4,1,unbounded,23,2.9749999999999996,4041,4041,0,5580.757543600645,5580.757543600645,2777.7269620921857,8500.757543600643,2920.0,14.644035817047502
0.7,4,1,one_day_reservation,23,2.9749999999999996,4041,1004,3037,0,10.564895689982865,0.7077703225755899,2057.3338940393096,2057.3338940393096,0.0
0.7,4,1,unbounded,24,2.9749999999999996,4160,4160,0,5833.194171523674,5833.194171523674,2945.907663861604,8753.194171523672,2920.0,14.477583473057745
0.7,4,1,one_day_reservation,24,2.9749999999999996,4160,970,3190,0,13.87781463253664,0.9923222954431883,2123.9730259222074,2123.973025922208,0.0
0.7,4,1,unbounded,25,2.9749999999999996,4012,4012,0,5511.211321731714,5511.211321731714,2836.7816818489546,8431.211321731711,2920.0,15.08929690723726
0.7,4,1,one_day_reservation,25,2.9749999999999996,4012,1002,3010,0,13.441083516925147,0.7521990126213817,2070.589499067403,2070.5894990674014,0.0
0.7,4,1,unbounded,26,2.9749999999999996,4145,4145,0,5969.207684857318,5969.207684857318,3108.4494393651958,8889.207684857316,2920.0,14.697474113924137
0.7,4,1,one_day_reservation,26,2.9749999999999996,4145,978,3167,0,19.51713575665708,1.0331836959118694,2099.3436758773614,2099.343675877362,0.0
0.7,4,1,unbounded,27,2.9749999999999996,4077,4077,0,5687.441405086765,5687.441405086765,2782.4957223954284,8607.441405086765,2920.0,15.134254285680672
0.7,4,1,one_day_reservation,27,2.9749999999999996,4077,984,3093,0,16.208191924908242,0.8736929055474456,2088.204200699933,2088.204200699933,-0.058031944173893235
0.7,4,1,unbounded,28,2.9749999999999996,4101,4101,0,5842.55461158548,5842.55461158548,3022.9035164109246,8758.767741214519,2916.213129629041,14.394440028914117
0.7,4,1,one_day_reservation,28,2.9749999999999996,4101,993,3108,0,12.819597611764717,0.8173619505105546,2118.93394035344,2118.9339403534395,0.0
0.7,4,1,unbounded,29,2.9749999999999996,4078,4078,0,5851.186491519583,5851.186491519583,3009.1848288458227,8771.186491519587,2920.0,16.03168146423498
0.7,4,1,one_day_reservation,29,2.9749999999999996,4078,973,3105,9.726465339288762,12.32784582223237,0.9360109577082883,2149.2970664347695,2139.5706010954814,0.1068842344976787
0.7,4,0.75,unbounded,0,2.275,3991,3991,0,3478.928255037213,3478.928255037213,1748.205296403359,6398.928255037218,2920.0,9.996926134569154
0.7,4,0.75,one_day_reservation,0,2.275,3991,1360,2631,0,13.51270751815246,0.6134409880822931,2063.5647930541168,2063.564793054116,0.0
0.7,4,0.75,unbounded,1,2.275,4125,4125,0,3674.235960928278,3674.235960928278,1856.4636662460814,6594.235960928279,2920.0,10.155067533355727
0.7,4,0.75,one_day_reservation,1,2.275,4125,1384,2741,0.725341457651691,11.313450933244141,0.5105179168005421,2122.2319560907395,2121.5066146330873,0.007970785248919681
0.7,4,0.75,unbounded,2,2.275,4060,4060,0,3683.259990566769,3683.259990566769,1887.0842386368097,6603.259990566774,2920.0,9.991274021379093
0.7,4,0.75,one_day_reservation,2,2.275,4060,1314,2746,4.001877110568145,13.226922369256023,0.9198665711534454,2237.4642038491356,2233.4623267385696,0.043976671544704894
0.7,4,0.75,unbounded,3,2.275,4096,4096,0,3878.184824256164,3878.184824256164,1901.8989970280836,6798.184824256165,2920.0,11.022135878494717
0.7,4,0.75,one_day_reservation,3,2.275,4096,1324,2772,3.348999006611317,20.16538713419369,0.8948472056646919,2249.9603657911834,2246.6113667845716,0.021126645589064835
0.7,4,0.75,unbounded,4,2.275,3959,3959,0,3551.2292551020582,3551.2292551020582,1815.1534429127432,6471.229255102061,2920.0,9.437183639591444
0.7,4,0.75,one_day_reservation,4,2.275,3959,1338,2621,0,12.058879514227051,0.7853973593934114,2188.1444257342055,2188.144425734206,0.0
0.7,4,0.75,unbounded,5,2.275,3987,3987,0,3632.293286580088,3632.293286580088,1848.0984742737023,6552.293286580091,2920.0,9.595898524497063
0.7,4,0.75,one_day_reservation,5,2.275,3987,1345,2642,1.7261378200127666,10.78467376623048,0.676062679859846,2160.1812325637125,2158.4550947436987,0.018968547472667765
0.7,4,0.75,unbounded,6,2.275,4051,4051,0,3590.3572247394163,3593.157829307119,1803.2281759837504,6510.357224739417,2920.0,10.167095077363243
0.7,4,0.75,one_day_reservation,6,2.275,4051,1329,2722,0,11.882893974008837,0.8237164376643334,2217.07766342667,2217.0776634266704,-0.07676262126840971
0.7,4,0.75,unbounded,7,2.275,4059,4059,0,3794.892865153215,3794.892865153215,1965.6645699681794,6714.892865153213,2920.0,10.114619020041413
0.7,4,0.75,one_day_reservation,7,2.275,4059,1326,2733,4.361453038188921,10.075565982887202,0.8415535308211554,2214.665947155939,2210.3044941177495,0.04318816110136926
0.7,4,0.75,unbounded,8,2.275,4150,4150,0,3692.630824340169,3692.630824340169,1845.236196586797,6612.630824340168,2920.0,9.654575561925247
0.7,4,0.75,one_day_reservation,8,2.275,4150,1348,2802,0,10.915123326196003,0.6761863594405836,2160.2190249183213,2160.219024918321,0.0
0.7,4,0.75,unbounded,9,2.275,4017,4017,0,3632.0858458246757,3632.0858458246757,1831.169556193046,6552.085845824679,2920.0,9.708595679326958
0.7,4,0.75,one_day_reservation,9,2.275,4017,1353,2664,0.5893240141822247,12.840233932422422,0.655496413288366,2135.131655385857,2134.5423313716756,0.006476088067936535
0.7,4,0.75,unbounded,10,2.275,4103,4103,0,3836.823279483823,3836.823279483823,1946.2025844935904,6756.823279483825,2920.0,9.290918569020679
0.7,4,0.75,one_day_reservation,10,2.275,4103,1334,2769,0,9.988639044102072,0.7442036964978269,2141.1900320219293,2141.1900320219293,0.0
0.7,4,0.75,unbounded,11,2.275,4133,4133,0,3868.5296322897175,3868.5296322897175,1915.9561801257364,6788.529632289713,2920.0,10.668784964501022
0.7,4,0.75,one_day_reservation,11,2.275,4133,1358,2775,2.793163525343143,9.479978066488481,0.6649815453302936,2158.741490757781,2155.9483272324383,0.030694104674100473
0.7,4,0.75,unbounded,12,2.275,4056,4056,0,3582.426906705639,3582.426906705639,1852.6624372976999,6502.426906705634,2920.0,9.162436625682458
0.7,4,0.75,one_day_reservation,12,2.275,4056,1371,2685,2.4184063473269077,9.469730784685083,0.5979202417552646,2154.6357952463927,2152.217388899067,0.026575893926669317
0.7,4,0.75,unbounded,13,2.275,4090,4090,0,3828.0025047655577,3828.0025047655577,1892.7250745964782,6748.002504765551,2920.0,10.737565411907026
0.7,4,0.75,one_day_reservation,13,2.275,4090,1323,2767,1.0277387626295535,13.58724998859319,0.8376120498621209,2148.8296914480047,2147.801952685375,0.01129383255636872
0.7,4,0.75,unbounded,14,2.275,4062,4062,0,3754.6920424404498,3754.6920424404498,1893.0992439584554,6674.496700973553,2919.8046585331076,10.386437469016158
0.7,4,0.75,one_day_reservation,14,2.275,4062,1330,2732,0,10.55238169270531,0.7985317090647351,2205.7372430126193,2205.7372430126193,0.0
0.7,4,0.75,unbounded,15,2.275,3981,3981,0,3477.2506458346975,3477.2506458346975,1795.712640042315,6397.250645834698,2920.0,9.271324933366657
0.7,4,0.75,one_day_reservation,15,2.275,3981,1334,2647,8.903873273415211,10.659312464472642,0.7602526290640189,2159.3935262024897,2150.4896529290736,0.07785769525662639
0.7,4,0.75,unbounded,16,2.275,4097,4097,0,3736.5572631600426,3736.638180679974,1898.6778673910824,6656.557263160044,2920.0,9.577910339406431
0.7,4,0.75,one_day_reservation,16,2.275,4097,1326,2771,0,10.884899819618347,0.7855070606985761,2159.986026554849,2159.986026554848,0.0
0.7,4,0.75,unbounded,17,2.275,4118,4118,0,3815.487072674104,3815.487072674104,1863.0742962789889,6735.487072674112,2920.0,10.91702020209856
0.7,4,0.75,one_day_reservation,17,2.275,4118,1342,2776,1.1415738907571953,9.73142295738165,0.7562712347787414,2261.1252637362063,2259.98368984545,0.01254476803029885
0.7,4,0.75,unbounded,18,2.275,4085,4085,0,3826.9576006923257,3826.9576006923257,1923.067254842092,6746.957600692326,2920.0,10.221760997442823
0.7,4,0.75,one_day_reservation,18,2.275,4085,1324,2761,0,12.913525896904098,0.8315254672092417,2241.0663911580336,2241.0663911580336,-0.010511788308940404
0.7,4,0.75,unbounded,19,2.275,3940,3940,0,3530.908404921318,3530.908404921318,1826.1307080325894,6450.908404921318,2920.0,9.07376713707512
0.7,4,0.75,one_day_reservation,19,2.275,3940,1345,2595,1.8581451709492836,16.594164049831765,0.7582648087429565,2212.568665844102,2210.7105206731517,0.02041917770273938
0.7,4,0.75,unbounded,20,2.275,3966,3966,0,3552.6496915334947,3552.6496915334947,1757.1855716727134,6466.9655963225305,2914.315904789034,9.914612730918869
0.7,4,0.75,one_day_reservation,20,2.275,3966,1316,2650,0,14.961781983734568,0.9464658136831579,2132.1095769809144,2132.109576980915,-0.012536365054787774
0.7,4,0.75,unbounded,21,2.275,4085,4085,0,3689.9762155054136,3689.9762155054136,1860.4711345242908,6609.976215505417,2920.0,9.527914521786828
0.7,4,0.75,one_day_reservation,21,2.275,4085,1366,2719,4.423995215925942,8.432583379705296,0.6410603783797517,2147.0829842251837,2142.658989009259,0.0010260141431346398
0.7,4,0.75,unbounded,22,2.275,4070,4070,0,3830.2592663329588,3831.5926426076303,1951.2028204344367,6750.259266332953,2920.0,9.681012943690847
0.7,4,0.75,one_day_reservation,22,2.275,4070,1349,2721,0,12.005434477951834,0.652364564238876,2199.4584882893114,2199.458488289312,0.0
0.7,4,0.75,unbounded,23,2.275,4041,4041,0,3572.663398820018,3573.020907887678,1777.85738576962,6492.66339882002,2920.0,9.283705817345231
0.7,4,0.75,one_day_reservation,23,2.275,4041,1338,2703,0,11.543407189767684,0.72057010008194,2146.4054925156347,2146.405492515635,-0.026256445622500443
0.7,4,0.75,unbounded,24,2.275,4160,4160,0,3780.7324594570255,3780.7324594570255,1913.709069481727,6700.732459457028,2920.0,9.181714333337059
0.7,4,0.75,one_day_reservation,24,2.275,4160,1341,2819,0,10.425197653168052,0.7213534627209574,2180.7312863830903,2180.7312863830894,0.0
0.7,4,0.75,unbounded,25,2.275,4012,4012,0,3520.7889182778476,3521.639508197038,1825.0515291570948,6440.788918277846,2920.0,9.63675689356551
0.7,4,0.75,one_day_reservation,25,2.275,4012,1370,2642,0,13.178867793361142,0.6339787755955909,2179.6552527624817,2179.655252762482,0.0
0.7,4,0.75,unbounded,26,2.275,4145,4145,0,3876.594950242893,3876.594950242893,2029.1091423347818,6796.594950242896,2920.0,9.425281581536252
0.7,4,0.75,one_day_reservation,26,2.275,4145,1342,2803,0,15.104661759990897,0.7879567192901624,2203.022901595486,2203.022901595486,0.0
0.7,4,0.75,unbounded,27,2.275,4077,4077,0,3657.4598653716776,3657.4598653716776,1778.9035493411745,6577.459865371677,2920.0,9.709660945238808
0.7,4,0.75,one_day_reservation,27,2.275,4077,1348,2729,0,10.568321642568446,0.667851214515378,2125.470680968301,2125.4706809683003,-0.03823358492803037
0.7,4,0.75,unbounded,28,2.275,4101,4101,0,3777.595646468897,3777.595646468897,1967.977669227061,6692.755493690683,2915.1598472217806,9.09080509793101
0.7,4,0.75,one_day_reservation,28,2.275,4101,1338,2763,0,10.933641321871725,0.7724054978992716,2212.229248413166,2212.229248413167,0.0
0.7,4,0.75,unbounded,29,2.275,4078,4078,0,3781.4648395075455,3781.4648395075455,1954.66680172835,6701.464839507549,2920.0,10.286793259004144
0.7,4,0.75,one_day_reservation,29,2.275,4078,1311,2767,5.840356785817649,12.414315692731474,0.9073504887254189,2198.3455246702615,2192.5051678844434,0.06417974489909505
0.7,4,0.5,unbounded,0,1.575,3991,3991,0,1517.887796448548,1521.84591589117,760.9939178501742,4436.029025132677,2918.141228684127,4.523018986170977
0.7,4,0.5,one_day_reservation,0,1.575,3991,2221,1770,0,14.414897485248058,0.7857597291581085,2384.8182444190365,2384.8182444190356,0.0
0.7,4,0.5,unbounded,1,1.575,4125,4125,0,1649.9536626699928,1649.9536626699928,835.9039313429802,4569.95366266999,2920.0,4.6079769490645255
0.7,4,0.5,one_day_reservation,1,1.575,4125,2239,1886,0.991908581914954,11.436932481998095,0.7762502760522954,2392.8991897534493,2391.907281171535,0.010900094306757736
0.7,4,0.5,unbounded,2,1.575,4060,4060,0,1656.0762688937725,1656.0762688937725,857.8528303542786,4576.076268893769,2920.0,4.486747667120116
0.7,4,0.5,one_day_reservation,2,1.575,4060,2118,1942,0.8654082982478108,10.55660681157751,1.133507700018782,2492.6998603514467,2491.8344520532,0.009509981299426493
0.7,4,0.5,unbounded,3,1.575,4096,4096,0,1756.3724223178597,1756.3724223178597,850.5558842624265,4676.372422317863,2920.0,5.09611982494995
0.7,4,0.5,one_day_reservation,3,1.575,4096,2144,1952,0.15711153018341584,11.692847414010913,1.0245031963562035,2475.839735002644,2475.6826234724595,-0.008875096105730278
0.7,4,0.5,unbounded,4,1.575,3959,3959,0,1586.3568288538538,1586.3568288538538,826.6597982767753,4503.588228575899,2917.231399722046,4.077844568755256
0.7,4,0.5,one_day_reservation,4,1.575,3959,2146,1813,0,10.70285879412502,1.0242128867451419,2468.9591309429456,2468.959130942945,-0.006779520147375413
0.7,4,0.5,unbounded,5,1.575,3987,3987,0,1605.52467054723,1608.2322855787786,824.6004127231013,4525.524670547224,2920.0,4.127712877103892
0.7,4,0.5,one_day_reservation,5,1.575,3987,2188,1799,1.3187307006330808,9.465494312300205,0.8522918516168663,2437.969122126685,2436.650391426051,0.014491546160803085
0.7,4,0.5,unbounded,6,1.575,4051,4051,0,1587.7677917667254,1594.8562336347109,794.9454562146158,4505.897284509312,2918.129492742585,4.552398528830406
0.7,4,0.5,one_day_reservation,6,1.575,4051,2149,1902,0,10.054225580955457,0.9902716114619549,2430.361349604412,2430.3613496044104,-0.06815029484352957
0.7,4,0.5,unbounded,7,1.575,4059,4059,0,1746.457582788224,1746.457582788224,921.7773555562221,4666.457582788219,2920.0,4.539724224746026
0.7,4,0.5,one_day_reservation,7,1.575,4059,2146,1913,4.409523642176492,9.725938411931374,1.0173149421990897,2486.7018920061873,2482.2923683640097,0.048213815543158574
0.7,4,0.5,unbounded,8,1.575,4150,4150,0,1653.6928499787114,1653.6928499787114,825.5813819274789,4573.692849978712,2920.0,4.194332375480181
0.7,4,0.5,one_day_reservation,8,1.575,4150,2209,1941,0,10.151699472903864,0.8299490028145065,2382.3347400426615,2382.334740042662,0.0
0.7,4,0.5,unbounded,9,1.575,4017,4017,0,1602.5741979168151,1602.5741979168151,809.7863440058538,4522.574197916804,2920.0,4.232154106333792
0.7,4,0.5,one_day_reservation,9,1.575,4017,2167,1850,1.2333692838653256,14.477428663972752,0.9552391752603174,2416.2525042246743,2415.0191349408087,0.013553508613904678
0.7,4,0.5,unbounded,10,1.575,4103,4103,0,1765.4486814310403,1765.4486814310403,901.1978568703645,4684.11972866414,2918.6710472330988,3.97723860549795
0.7,4,0.5,one_day_reservation,10,1.575,4103,2161,1942,0,9.038162985191388,0.9855847891798966,2447.5387135677206,2447.538713567722,0.0
0.7,4,0.5,unbounded,11,1.575,4133,4133,0,1768.257998527791,1768.257998527791,866.1584055045665,4688.2579985277935,2920.0,4.988952470361405
0.7,4,0.5,one_day_reservation,11,1.575,4133,2174,1959,2.390606393100514,13.857041827013756,0.9286555014904886,2438.5347214466137,2436.1441150535134,0.02627039992418147
0.7,4,0.5,unbounded,12,1.575,4056,4056,0,1588.4497759990757,1588.4497759990757,842.891176281869,4504.823909335043,2916.374133335967,3.8354036087411068
0.7,4,0.5,one_day_reservation,12,1.575,4056,2220,1836,2.4912602219431648,12.486497074362752,0.8312908569536933,2438.559195757527,2436.067935535585,0.0260833222620869
0.7,4,0.5,unbounded,13,1.575,4090,4090,0,1759.0911055242839,1761.44279534046,864.4225407243086,4679.091105524283,2920.0,4.935374428034407
0.7,4,0.5,one_day_reservation,13,1.575,4090,2120,1970,0,15.011291782990543,1.1900532875717902,2468.5574564141543,2468.557456414153,0.0
0.7,4,0.5,unbounded,14,1.575,4062,4062,0,1719.278504236854,1719.483876700134,875.7107993985005,4635.018777273615,2915.7402730367594,4.719499789208579
0.7,4,0.5,one_day_reservation,14,1.575,4062,2170,1892,0,13.101821566204531,0.9920487495199005,2484.656418136201,2484.656418136201,0.0
0.7,4,0.5,unbounded,15,1.575,3981,3981,0,1509.3898663229625,1509.3898663229625,794.251770103581,4426.447564575303,2917.0576982523407,3.9408851992162517
0.7,4,0.5,one_day_reservation,15,1.575,3981,2132,1849,5.184389170458518,11.770163776516718,1.0367080506455373,2445.5641347252213,2440.379745554764,0.026050310864472563
0.7,4,0.5,unbounded,16,1.575,4097,4097,0,1685.5741142768202,1688.2947259567745,862.6633587485661,4605.5741142768165,2920.0,4.138022871029097
0.7,4,0.5,one_day_reservation,16,1.575,4097,2157,1940,0,9.104692064720005,0.9685268123242203,2407.3893992456237,2407.3893992456256,0.0
0.7,4,0.5,unbounded,17,1.575,4118,4118,0,1740.7447483818596,1741.5571957207694,832.1635989954207,4660.744748381864,2920.0,5.236841931991775
0.7,4,0.5,one_day_reservation,17,1.575,4118,2172,1946,0,12.25021950282483,0.9788485881804511,2461.2292655361643,2461.2292655361653,0.0
0.7,4,0.5,unbounded,18,1.575,4085,4085,0,1762.115136639016,1762.115136639016,882.0611148012808,4682.115136639016,2920.0,4.670512849509033
0.7,4,0.5,one_day_reservation,18,1.575,4085,2140,1945,0,9.658952589635433,1.0300110430675053,2519.9374424856546,2519.9374424856537,-0.00565063214154818
0.7,4,0.5,unbounded,19,1.575,3940,3940,0,1550.6823625886716,1550.6823625886716,814.1326617912332,4470.682362588672,2920.0,3.86145294138679
0.7,4,0.5,one_day_reservation,19,1.575,3940,2147,1793,1.4302983313670037,15.74006744693007,1.0359087057888932,2458.5354108559836,2457.105112524616,0.015717564080956085
0.7,4,0.5,unbounded,20,1.575,3966,3966,0,1567.369566250006,1567.369566250006,777.9386706094095,4476.038357239374,2908.66879098937,4.284094689625345
0.7,4,0.5,one_day_reservation,20,1.575,3966,2137,1829,0,14.634848778701485,1.0248967895493803,2401.831022810023,2401.8310228100213,-0.06312072024185914
0.7,4,0.5,unbounded,21,1.575,4085,4085,0,1652.8190485192847,1652.8190485192847,835.0960410445307,4572.819048519283,2920.0,4.154761384139392
0.7,4,0.5,one_day_reservation,21,1.575,4085,2189,1896,5.784293183216063,10.633674446477968,0.923858404441835,2405.9412069582927,2400.156913775078,0.04177015925519183
0.7,4,0.5,unbounded,22,1.575,4070,4070,0,1738.6488761964124,1742.2044603795266,888.0423065522049,4658.648876196414,2920.0,4.269837964788916
0.7,4,0.5,one_day_reservation,22,1.575,4070,2170,1900,0,10.032416083749723,0.9212061570114494,2475.9842817853264,2475.9842817853255,0.0
0.7,4,0.5,unbounded,23,1.575,4041,4041,0,1564.5692540393857,1567.4742600844922,777.9878094470527,4484.569254039385,2920.0,3.9233758176429285
0.7,4,0.5,one_day_reservation,23,1.575,4041,2168,1873,0,12.970483832018942,0.9467891521116228,2428.6303535353195,2428.6303535353186,-0.03217554737950721
0.7,4,0.5,unbounded,24,1.575,4160,4160,0,1728.2707473903774,1728.2707473903774,881.5104751018503,4648.2707473903765,2920.0,3.8858451936163854
0.7,4,0.5,one_day_reservation,24,1.575,4160,2171,1989,1.3724796494784695,20.228591606503723,0.9782641602161292,2440.8946484122216,2439.5221687627427,0.015082193950312852
0.7,4,0.5,unbounded,25,1.575,4012,4012,0,1530.3665148239813,1536.2669081034417,813.3213764652352,4450.3665148239825,2920.0,4.184216879893756
0.7,4,0.5,one_day_reservation,25,1.575,4012,2165,1847,0,14.019413243802795,0.9406790165238238,2395.4658776288757,2395.4658776288748,0.0
0.7,4,0.5,unbounded,26,1.575,4145,4145,0,1783.9822156284692,1783.9822156284692,949.7688453043666,4703.982215628467,2920.0,4.153089049148423
0.7,4,0.5,one_day_reservation,26,1.575,4145,2135,2010,0,15.261027417508249,1.0603028163127937,2469.8730341521828,2469.8730341521828,-0.03206981974774534
0.7,4,0.5,unbounded,27,1.575,4077,4077,0,1627.557184362848,1627.557184362848,775.3895868394363,4547.478325656582,2919.921141293732,4.285067604796863
0.7,4,0.5,one_day_reservation,27,1.575,4077,2175,1902,0,13.598691690785234,0.9118080512393744,2395.2687375221376,2395.2687375221385,-0.08062858593255492
0.7,4,0.5,unbounded,28,1.575,4101,4101,0,1712.636681352316,1712.636681352316,913.0518220431965,4626.743246166843,2914.1065648145204,3.7871701669479396
0.7,4,0.5,one_day_reservation,28,1.575,4101,2137,1964,0,19.179772697030167,1.0646465203552944,2455.3130352571593,2455.313035257157,0.0
0.7,4,0.5,unbounded,29,1.575,4078,4078,0,1711.7431874955116,1711.7431874955116,900.1487746108802,4631.743187495513,2920.0,4.541905053773284
0.7,4,0.5,one_day_reservation,29,1.575,4078,2130,1948,4.847584735371157,13.650772416908705,1.1137372827792116,2446.689679806422,2441.8420950710515,0.05327016192715557
0.9,1,1,unbounded,0,0.95625,1320,1320,0,6.087360859693387,66.50840243435448,16.723605788793645,2771.017258863463,2764.929898003773,0.06689407538124602
0.9,1,1,one_day_reservation,0,0.95625,1320,892,428,0,10.919742042492281,0.4865693039090107,1869.2502954089955,1869.250295408995,0.0
0.9,1,1,unbounded,1,0.95625,1267,1267,0,59.33515229894503,103.90472178121956,20.441980135793262,2711.8927639656486,2652.5576116667007,0.6239263297811528
0.9,1,1,one_day_reservation,1,0.95625,1267,852,415,0,11.698303466112783,0.5829117785683002,1815.6941897864413,1815.694189786442,-0.024044396139938137
0.9,1,1,unbounded,2,0.95625,1303,1303,0,7.272682087407748,89.40458071774646,22.305693283447113,2739.994364184389,2732.7216820969825,-0.27713890199876773
0.9,1,1,one_day_reservation,2,0.95625,1303,891,412,0,9.813369034101633,0.5330226231423986,1834.4779267191798,1834.477926719179,-0.008213318791470204
0.9,1,1,unbounded,3,0.95625,1330,1330,0,19.413734429837614,70.33934260528248,24.355546210311683,2755.8450775704023,2736.4313431405653,0.18985332496558097
0.9,1,1,one_day_reservation,3,0.95625,1330,893,437,0,10.816198666517298,0.5368153113742619,1876.9306891218332,1876.9306891218341,0.0
0.9,1,1,unbounded,4,0.95625,1302,1302,0,0.5910612168954898,82.2971553291248,24.023739144842974,2754.486391767738,2753.8953305508426,-0.3126236791865666
0.9,1,1,one_day_reservation,4,0.95625,1302,849,453,0,16.207882199664553,0.7960283049339658,1887.0711156862349,1887.071115686235,0.0
0.9,1,1,unbounded,5,0.95625,1334,1334,0,32.12074644390649,113.7174205350887,35.511549322120814,2885.7228461925433,2853.602099748637,-0.7430035849224282
0.9,1,1,one_day_reservation,5,0.95625,1334,872,462,0,13.414505283695593,0.6898427130927904,1865.4313483597532,1865.4313483597525,0.0
0.9,1,1,unbounded,6,0.95625,1377,1377,0,129.23557590800687,183.903001223346,102.39640313423932,3009.2574974668864,2880.021921558879,-0.18815073811300467
0.9,1,1,one_day_reservation,6,0.95625,1377,861,516,0.727220878892691,27.359665025093534,1.1073837857569655,1992.9699489850718,1992.2427281061798,-0.029395983916074897
0.9,1,1,unbounded,7,0.95625,1321,1321,0,57.164285626194086,82.63596348638825,25.40606711459266,2830.885803594501,2773.7215179683094,0.3306634834934961
0.9,1,1,one_day_reservation,7,0.95625,1321,875,446,0,17.78980079901344,0.6576049711477189,1838.8531584864302,1838.8531584864306,0.0
0.9,1,1,unbounded,8,0.95625,1354,1354,0,105.52940635443873,150.522702717268,51.69577653873511,2971.099837057516,2865.5704307030774,0.41616338660545854
0.9,1,1,one_day_reservation,8,0.95625,1354,864,490,0,14.554415975959191,0.8112306445398137,1915.673611429236,1915.6736114292357,0.0
0.9,1,1,unbounded,9,0.95625,1289,1289,0,2.265617161921279,84.61477372934232,23.204595487069444,2706.1023266304683,2703.8367094685455,-0.14689445965069808
0.9,1,1,one_day_reservation,9,0.95625,1289,835,454,0,12.959499269525324,0.7837297641225275,1728.2875100340616,1728.287510034061,0.0
0.9,1,1,unbounded,10,0.95625,1341,1341,0,57.14283058729244,127.4462194426892,63.145374206037836,2973.8845286731103,2916.741698085816,0.1808887714577252
0.9,1,1,one_day_reservation,10,0.95625,1341,855,486,2.4725016688050445,20.890505470634306,0.8502689098980017,1948.0120693220883,1945.5395676532835,0.027170348008846643
0.9,1,1,unbounded,11,0.95625,1338,1338,0,0,51.8177947336375,14.18481256200846,2780.199214487687,2780.1992144876867,-0.2989848942052381
0.9,1,1,one_day_reservation,11,0.95625,1338,876,462,0,8.943306916494592,0.5258363735150325,1834.3519894442682,1834.351989444268,0.0
0.9,1,1,unbounded,12,0.95625,1267,1267,0,4.673176737217421,97.93037246990826,26.728672547659368,2782.722570899073,2778.0493941618556,-0.1357914459617097
0.9,1,1,one_day_reservation,12,0.95625,1267,844,423,0,13.456784651265941,0.7737341537139912,1865.9876951978285,1865.9876951978274,-0.06446413762888932
0.9,1,1,unbounded,13,0.95625,1313,1313,0,10.887481454564782,66.59951038180455,16.787446844285288,2743.4202394985873,2732.532758044021,-0.044707440880952604
0.9,1,1,one_day_reservation,13,0.95625,1313,882,431,0,9.446657562126305,0.6638140055261685,1856.6711902482782,1856.6711902482775,0.0
0.9,1,1,unbounded,14,0.95625,1370,1370,0,5.353189624143788,74.37390605650356,26.37085632856275,2790.733502641067,2785.3803130169213,-0.461153947852193
0.9,1,1,one_day_reservation,14,0.95625,1370,886,484,0,13.875625364879799,0.5456405064673711,1792.8464141044717,1792.8464141044713,0.0
0.9,1,1,unbounded,15,0.95625,1352,1352,0,34.38688249487122,104.4953959824757,38.407653783853775,2910.6779851206325,2876.291102625762,0.04782427147118969
0.9,1,1,one_day_reservation,15,0.95625,1352,874,478,0,8.307638732029993,0.5769948377407046,1849.4265922500804,1849.4265922500808,0.0
0.9,1,1,unbounded,16,0.95625,1296,1296,0,0,57.85498372375082,16.638900467578456,2647.5694220592677,2647.569422059267,-0.14964703825587153
0.9,1,1,one_day_reservation,16,0.95625,1296,866,430,0,18.107857129683584,0.6003845870274197,1735.4263168720304,1735.4263168720302,0.0
0.9,1,1,unbounded,17,0.95625,1347,1347,0,16.38743603018072,110.48271716629708,36.511725454520196,2844.7064788170123,2828.3190427868335,-0.32355234388326165
0.9,1,1,one_day_reservation,17,0.95625,1347,889,458,0.8482955703905599,13.456511913545956,0.5788041874300627,1876.9832399513941,1876.134944381004,0.009321929344951208
0.9,1,1,unbounded,18,0.95625,1323,1323,0,4.239400755571207,151.73732332788597,47.94764136621989,2741.3511009524564,2737.1117001968864,-0.25309295581328
0.9,1,1,one_day_reservation,18,0.95625,1323,871,452,0,19.89512485838047,0.5740415286393907,1780.1080753273172,1780.1080753273177,-0.07407678771479352
0.9,1,1,unbounded,19,0.95625,1302,1302,0,1.7102107557411745,56.577642183710324,15.322985425932254,2762.1209480396956,2760.4107372839503,-0.0435962597674485
0.9,1,1,one_day_reservation,19,0.95625,1302,858,444,0,11.72200985287174,0.6114355307893611,1817.4198497156412,1817.4198497156417,-0.02088419786821996
0.9,1,1,unbounded,20,0.95625,1270,1270,0,38.10758691157909,71.1898984456403,16.706040901764236,2700.106117693868,2661.9985307822913,0.41876469133603395
0.9,1,1,one_day_reservation,20,0.95625,1270,829,441,0,11.340272295776124,0.5977733509695765,1732.0193782324013,1732.0193782324013,0.0
0.9,1,1,unbounded,21,0.95625,1276,1276,0,25.843147647122983,65.54180685403091,15.417299232490533,2727.179508904177,2701.336361257056,-0.07016670642890149
0.9,1,1,one_day_reservation,21,0.95625,1276,864,412,0,13.075301189824764,0.5377008887325805,1760.0303909090712,1760.030390909072,0.0
0.9,1,1,unbounded,22,0.95625,1393,1393,0,84.0273501813419,90.38766889555205,41.73687525874898,2964.113440637971,2880.086090456629,0.6997320087352873
0.9,1,1,one_day_reservation,22,0.95625,1393,893,500,0,10.012722437333672,0.5119770866807246,1839.5250761532377,1839.525076153238,0.0
0.9,1,1,unbounded,23,0.95625,1238,1238,0,31.703560630770454,59.038979186385745,13.708483342200578,2671.5229649259386,2639.8194042951673,-0.08218961856008868
0.9,1,1,one_day_reservation,23,0.95625,1238,831,407,2.9763104757748504,11.622720153895571,0.7135723345027964,1812.7266585473349,1809.7503480715616,0.03270670852499836
0.9,1,1,unbounded,24,0.95625,1387,1387,0,58.28533871113106,87.62297902592007,34.69379854307238,2909.1282753598434,2850.8429366487107,0.04237124490731425
0.9,1,1,one_day_reservation,24,0.95625,1387,893,494,0,10.236660551730054,0.5660298944788255,1797.316820191728,1797.3168201917285,0.0
0.9,1,1,unbounded,25,0.95625,1290,1290,0,56.861429804604114,128.34574778160498,50.03880394686511,2956.1307027191683,2899.2692729145633,0.32780641476466005
0.9,1,1,one_day_reservation,25,0.95625,1290,838,452,0,18.27344700839744,0.8499789750198079,1932.7606440581887,1932.7606440581876,-0.02642579445435835
0.9,1,1,unbounded,26,0.95625,1365,1365,0,76.45903373195894,125.60138731122191,61.49256718835683,2983.6710463229565,2907.212012590998,-0.2806472081317487
0.9,1,1,one_day_reservation,26,0.95625,1365,878,487,0,14.701823776658994,0.6945699923706689,1860.6227675497487,1860.6227675497487,0.0
0.9,1,1,unbounded,27,0.95625,1301,1301,0,0,96.8613964439802,39.12873407285376,2860.8960115973337,2860.8960115973355,-0.8366425854983666
0.9,1,1,one_day_reservation,27,0.95625,1301,871,430,0,13.272381042560916,0.7001314029083829,1901.2614568829053,1901.2614568829053,-0.08354687745580462
0.9,1,1,unbounded,28,0.95625,1310,1310,0,56.389882257414044,84.7452626611143,37.95279095899258,2871.4386355929296,2815.048753335515,0.03400535929027782
0.9,1,1,one_day_reservation,28,0.95625,1310,864,446,0,14.385763296978514,0.6740684006192428,1898.819910773671,1898.8199107736705,0.0
0.9,1,1,unbounded,29,0.95625,1380,1380,0,75.55863609965165,104.52048368559913,27.771780446190178,2919.41540003946,2843.856763939809,0.4725881326036518
0.9,1,1,one_day_reservation,29,0.95625,1380,891,489,8.597516804369732,16.368750380607345,0.7564313767806213,1858.8094885515848,1850.211971747215,0.09447820664142563
0.9,1,0.75,unbounded,0,0.7312500000000001,1320,1320,0,0.2873161769382193,18.693916149199406,1.9909185416947586,2122.5241710152127,2122.2368548382747,0.0031573206256947177
0.9,1,0.75,one_day_reservation,0,0.7312500000000001,1320,1085,235,0.2873161769382193,8.655794145584501,0.35824821415699626,1746.8414466481654,1746.5541304712265,0.0031573206256947177
0.9,1,0.75,unbounded,1,0.7312500000000001,1267,1267,0,0,24.747618299883527,2.2271306437775324,2065.599160830559,2065.599160830559,0.0
0.9,1,0.75,one_day_reservation,1,0.7312500000000001,1267,1033,234,0,10.876998921078474,0.4072488769462133,1698.0151211677135,1698.0151211677135,0.0
0.9,1,0.75,unbounded,2,0.7312500000000001,1303,1303,0,0,29.828660115844848,2.6730698323841833,2101.3359084674616,2101.335908467462,-0.10373067596143955
0.9,1,0.75,one_day_reservation,2,0.7312500000000001,1303,1093,210,0,6.93630693854756,0.3952341043972003,1756.0957799378812,1756.095779937882,-0.015166712509322942
0.9,1,0.75,unbounded,3,0.7312500000000001,1330,1330,0,0,19.145275409733358,1.8907944694789824,2097.535427350208,2097.535427350207,0.0
0.9,1,0.75,one_day_reservation,3,0.7312500000000001,1330,1094,236,0,9.198661055321729,0.40736849452587637,1768.4992800464818,1768.4992800464818,0.0
0.9,1,0.75,unbounded,4,0.7312500000000001,1302,1302,0,0,30.043630249880522,2.6960580761742423,2112.014970432148,2112.014970432149,0.0
0.9,1,0.75,one_day_reservation,4,0.7312500000000001,1302,1047,255,0,13.159027567614558,0.5605074196744256,1752.5691193102234,1752.5691193102236,0.0
0.9,1,0.75,unbounded,5,0.7312500000000001,1334,1334,0,8.369779019202753,20.42469013208033,2.9180640901447514,2206.10593353416,2197.7361545149565,0.09197559361761266
0.9,1,0.75,one_day_reservation,5,0.7312500000000001,1334,1073,261,0,16.39690957959153,0.5151007757953819,1751.7228352274826,1751.722835227482,0.0
0.9,1,0.75,unbounded,6,0.7312500000000001,1377,1377,0,0,30.553183221345684,4.293799050269936,2305.1229657471217,2305.122965747124,-0.0850783380340755
0.9,1,0.75,one_day_reservation,6,0.7312500000000001,1377,1077,300,0,20.904289755979832,0.6546216623461785,1848.8781576756878,1848.8781576756874,-0.006062544631226713
0.9,1,0.75,unbounded,7,0.7312500000000001,1321,1321,0,0.9004063449486779,23.333838265939082,2.626127962094403,2156.647848155007,2155.7474418100587,0.00989457521921624
0.9,1,0.75,one_day_reservation,7,0.7312500000000001,1321,1065,256,0,13.690131925172874,0.5439238055919251,1721.3253419351593,1721.3253419351608,0.0
0.9,1,0.75,unbounded,8,0.7312500000000001,1354,1354,0,0,26.648252046219746,3.8037403577107023,2271.784708867894,2271.784708867895,0.0
0.9,1,0.75,one_day_reservation,8,0.7312500000000001,1354,1078,276,0,9.336136652689476,0.487226560713824,1792.1372180156218,1792.1372180156218,0.0
0.9,1,0.75,unbounded,9,0.7312500000000001,1289,1289,0,0,19.344824075625425,2.509560549432856,2070.605073340593,2070.6050733405937,-0.06952925138782791
0.9,1,0.75,one_day_reservation,9,0.7312500000000001,1289,1034,255,0,9.390125575171673,0.5548725212704934,1647.8565937604533,1647.8565937604528,0.0
0.9,1,0.75,unbounded,10,0.7312500000000001,1341,1341,0,4.614058959019147,31.472751730327275,4.61669326607457,2272.15276734155,2267.5387083825312,0.050703944604606005
0.9,1,0.75,one_day_reservation,10,0.7312500000000001,1341,1067,274,0,13.667879102975732,0.5495542466741766,1817.9629877056395,1817.9629877056395,0.0
0.9,1,0.75,unbounded,11,0.7312500000000001,1338,1338,0,0,24.422493693018552,2.114503062893862,2129.294642372474,2129.294642372474,0.0
0.9,1,0.75,one_day_reservation,11,0.7312500000000001,1338,1077,261,0,9.378590242584302,0.3536166363681744,1715.0556878730672,1715.0556878730663,0.0
0.9,1,0.75,unbounded,12,0.7312500000000001,1267,1267,0,0,30.462834343098827,2.931884982957047,2130.249483729341,2130.249483729342,-0.09163127478763809
0.9,1,0.75,one_day_reservation,12,0.7312500000000001,1267,1038,229,0,11.186705051020414,0.4887131276132862,1752.8116720891203,1752.81167208912,-0.0639626264794319
0.9,1,0.75,unbounded,13,0.7312500000000001,1313,1313,0,4.070293958342193,23.55050895776014,1.7812526000071531,2097.0150433229264,2092.9447493645853,0.044728505036727394
0.9,1,0.75,one_day_reservation,13,0.7312500000000001,1313,1086,227,0,5.767204214102959,0.3666470137313554,1740.2466738245187,1740.2466738245187,0.0
0.9,1,0.75,unbounded,14,0.7312500000000001,1370,1370,0,0.014892218107839028,22.24590925069579,2.7325101278708694,2137.6225018858668,2137.6076096677593,-0.21223014603861706
0.9,1,0.75,one_day_reservation,14,0.7312500000000001,1370,1091,279,0,8.40671902365985,0.3750173428912636,1696.802573715993,1696.8025737159935,0.0
0.9,1,0.75,unbounded,15,0.7312500000000001,1352,1352,0,0,23.398938504182382,2.6533312947390653,2218.880494286994,2218.880494286995,0.0
0.9,1,0.75,one_day_reservation,15,0.7312500000000001,1352,1088,264,0,10.513289466192298,0.45770796846345857,1772.6742764778435,1772.6742764778437,0.0
0.9,1,0.75,unbounded,16,0.7312500000000001,1296,1296,0,0,22.063587040439693,2.6686191105311017,2019.3757341801881,2019.375734180188,-0.032107113406954844
0.9,1,0.75,one_day_reservation,16,0.7312500000000001,1296,1064,232,0,13.007373482294454,0.41555294792412734,1634.022382025477,1634.0223820254769,0.0
0.9,1,0.75,unbounded,17,0.7312500000000001,1347,1347,0,4.587158559231341,23.074423532410137,2.9125320633438943,2168.701957113299,2164.114798554069,-0.08916852067377498
0.9,1,0.75,one_day_reservation,17,0.7312500000000001,1347,1084,263,0.3422657819566801,8.871353885630366,0.38842101133455487,1736.5519739368317,1736.209708154876,-0.00020543863726303762
0.9,1,0.75,unbounded,18,0.7312500000000001,1323,1323,0,0,33.279749982573236,3.0191966113786153,2101.248017810141,2101.2480178101405,-0.07270554187485638
0.9,1,0.75,one_day_reservation,18,0.7312500000000001,1323,1065,258,0,14.674525536351382,0.430769737640409,1679.684766295162,1679.6847662951623,-0.046558315515970575
0.9,1,0.75,unbounded,19,0.7312500000000001,1302,1302,0,0,23.017642103627026,2.5960501873751136,2111.31018969181,2111.3101896918106,-0.024814316438837827
0.9,1,0.75,one_day_reservation,19,0.7312500000000001,1302,1069,233,0,8.682016825880009,0.4122328122811065,1743.205176949929,1743.205176949929,-0.024814316438837827
0.9,1,0.75,unbounded,20,0.7312500000000001,1270,1270,0,0,22.794115233342765,2.3935138804510663,2075.6096858715478,2075.6096858715478,0.0
0.9,1,0.75,one_day_reservation,20,0.7312500000000001,1270,1017,253,0,10.060814984054591,0.47502797008243064,1666.5921656623934,1666.592165662394,0.0
0.9,1,0.75,unbounded,21,0.7312500000000001,1276,1276,0,6.330211013100083,25.386946339844897,2.707118546950531,2085.941898823387,2079.6116878102857,0.0695627583857152
0.9,1,0.75,one_day_reservation,21,0.7312500000000001,1276,1048,228,0,12.238616571886379,0.3793457510121507,1652.5157678562139,1652.5157678562139,0.0
0.9,1,0.75,unbounded,22,0.7312500000000001,1393,1393,0,0,19.343153040965923,2.7854237498604064,2267.392014819029,2267.392014819029,0.0
0.9,1,0.75,one_day_reservation,22,0.7312500000000001,1393,1104,289,0,8.079451513684411,0.31159115263964526,1768.3033296246065,1768.303329624606,0.0
0.9,1,0.75,unbounded,23,0.7312500000000001,1238,1238,0,13.171742056856594,19.591649614229595,2.167156531963024,2048.9410473690923,2035.7693053122352,0.0930832587549541
0.9,1,0.75,one_day_reservation,23,0.7312500000000001,1238,1023,215,4.3033601794697205,11.208748413803555,0.5525098202827889,1696.5807909827197,1692.2774308032501,0.04728967230186506
0.9,1,0.75,unbounded,24,0.7312500000000001,1387,1387,0,12.96124064300487,49.62337758335304,4.082543283607279,2232.6354088342746,2219.6741681912695,0.14243121585719637
0.9,1,0.75,one_day_reservation,24,0.7312500000000001,1387,1100,287,0,8.110593629095987,0.42943292815519835,1740.250622095035,1740.2506220950345,0.0
0.9,1,0.75,unbounded,25,0.7312500000000001,1290,1290,0,4.1182980580541155,19.721805013716597,3.2924535117524543,2262.3454634849163,2258.227165426862,-0.011831505829451246
0.9,1,0.75,one_day_reservation,25,0.7312500000000001,1290,1035,255,0,13.687244097993414,0.6117215800702144,1813.5731192799315,1813.5731192799306,-0.05708752844543054
0.9,1,0.75,unbounded,26,0.7312500000000001,1365,1365,0,0,31.4041076907983,4.360410176661909,2287.029733740566,2287.029733740568,-0.0640396679450934
0.9,1,0.75,one_day_reservation,26,0.7312500000000001,1365,1090,275,0,11.535159024474812,0.5428635115546347,1811.2328226475988,1811.232822647599,0.0
0.9,1,0.75,unbounded,27,0.7312500000000001,1301,1301,0,0,27.554264024851392,2.700911594104174,2184.276413421123,2184.2764134211216,-0.06508006810514701
0.9,1,0.75,one_day_reservation,27,0.7312500000000001,1301,1062,239,0,11.32641860671453,0.5121268322803488,1768.6268889373368,1768.626888937337,-0.04068213611383149
0.9,1,0.75,unbounded,28,0.7312500000000001,1310,1310,0,0,26.36303243920274,3.4216093798871787,2193.3102989545837,2193.310298954583,-0.09552921042393192
0.9,1,0.75,one_day_reservation,28,0.7312500000000001,1310,1060,250,0,8.793312368043136,0.4693600463510105,1781.2878239360061,1781.2878239360064,0.0
0.9,1,0.75,unbounded,29,0.7312500000000001,1380,1380,0,13.437561102206683,26.152397347642193,3.283200533754874,2227.6055397379882,2214.1679786357804,-0.02681413724333618
0.9,1,0.75,one_day_reservation,29,0.7312500000000001,1380,1097,283,0,11.938760856927438,0.574568874202703,1768.8144616413945,1768.8144616413956,-0.03871308511195113
0.9,1,0.5,unbounded,0,0.50625,1320,1320,0,0,5.0284719922845245,0.1423779071882191,1474.0310831669592,1474.0310831669588,0.0
0.9,1,0.5,one_day_reservation,0,0.50625,1320,1296,24,0,5.0284719922845245,0.12025616435536965,1447.4762340537943,1447.4762340537934,0.0
0.9,1,0.5,unbounded,1,0.50625,1267,1267,0,0,9.609656595155826,0.25755056885750244,1419.3055576954719,1419.3055576954725,0.0
0.9,1,0.5,one_day_reservation,1,0.50625,1267,1244,23,0,5.648575249969266,0.14422452488330095,1384.3010249018273,1384.3010249018273,0.0
0.9,1,0.5,unbounded,2,0.50625,1303,1303,0,0,10.696786889214305,0.25918912067264754,1462.6774527505343,1462.6774527505338,0.0
0.9,1,0.5,one_day_reservation,2,0.50625,1303,1284,19,0,6.898487876156855,0.1579514410812151,1438.3061803449084,1438.306180344908,0.0
0.9,1,0.5,unbounded,3,0.50625,1330,1330,0,0,7.4301836064888995,0.2236297055008867,1439.2257771300108,1439.2257771300112,0.0
0.9,1,0.5,one_day_reservation,3,0.50625,1330,1307,23,0,6.252081677778651,0.170194370793203,1417.596723771196,1417.5967237711961,0.0
0.9,1,0.5,unbounded,4,0.50625,1302,1302,0,0,10.103276365352915,0.3540268707529394,1469.543549096558,1469.5435490965585,0.0
0.9,1,0.5,one_day_reservation,4,0.50625,1302,1258,44,0,8.772685045076372,0.24798330090346468,1433.5262528475287,1433.5262528475287,0.0
0.9,1,0.5,unbounded,5,0.50625,1334,1334,0,0,9.736916499541586,0.4905329368221676,1526.4890208757756,1526.4890208757754,0.0
0.9,1,0.5,one_day_reservation,5,0.50625,1334,1284,50,0,9.736916499541586,0.2775545394662931,1471.9110179083118,1471.911017908312,0.0
0.9,1,0.5,unbounded,6,0.50625,1377,1377,0,0,12.199075331688892,0.4426221477437706,1600.988434027363,1600.9884340273627,0.0
0.9,1,0.5,one_day_reservation,6,0.50625,1377,1322,55,0,12.199075331688892,0.2966862347989712,1550.9890673030218,1550.9890673030213,0.0
0.9,1,0.5,unbounded,7,0.50625,1321,1321,0,0,12.370542302669492,0.45021754978762313,1482.4098927155121,1482.409892715512,0.0
0.9,1,0.5,one_day_reservation,7,0.50625,1321,1286,35,0,12.370542302669492,0.27556159798190877,1432.9666918330083,1432.966691833008,0.0
0.9,1,0.5,unbounded,8,0.50625,1354,1354,0,0,11.544929477132968,0.4274183305748541,1572.4695806782727,1572.469580678273,0.0
0.9,1,0.5,one_day_reservation,8,0.50625,1354,1313,41,0,7.799947691888734,0.26234351135986916,1517.8457191406594,1517.8457191406599,0.0
0.9,1,0.5,unbounded,9,0.50625,1289,1289,0,0,8.691298584765043,0.36512231460276334,1435.1078200507213,1435.1078200507213,0.0
0.9,1,0.5,one_day_reservation,9,0.50625,1289,1254,35,0,7.842289920847506,0.2213521451210153,1388.6251756010279,1388.625175601028,0.0
0.9,1,0.5,unbounded,10,0.50625,1341,1341,0,0,12.226776621185863,0.5828174722005802,1570.4210060099947,1570.4210060099945,0.0
0.9,1,0.5,one_day_reservation,10,0.50625,1341,1300,41,0,10.792375781227737,0.2965337266500091,1515.2857841231898,1515.2857841231894,0.0
0.9,1,0.5,unbounded,11,0.50625,1338,1338,0,0,10.930635251041835,0.2990734601223922,1478.3900702572594,1478.390070257259,0.0
0.9,1,0.5,one_day_reservation,11,0.50625,1338,1305,33,0,10.930635251041835,0.2241983030000317,1451.3644458855726,1451.3644458855724,0.0
0.9,1,0.5,unbounded,12,0.50625,1267,1267,0,0,8.415896791767821,0.29266566457027315,1477.776396559614,1477.7763965596132,-0.014501520589200066
0.9,1,0.5,one_day_reservation,12,0.50625,1267,1233,34,0,7.660805657631052,0.1902964292935519,1436.7802313962575,1436.7802313962568,-0.014501520589200066
0.9,1,0.5,unbounded,13,0.50625,1313,1313,0,0,6.189724424162073,0.14365454526592292,1450.6098471472676,1450.6098471472678,0.0
0.9,1,0.5,one_day_reservation,13,0.50625,1313,1291,22,0,3.097312607431764,0.0977773319231962,1431.5338843560553,1431.5338843560555,0.0
0.9,1,0.5,unbounded,14,0.50625,1370,1370,0,0,7.580072834751453,0.305531692753552,1484.5115011306696,1484.5115011306702,0.0
0.9,1,0.5,one_day_reservation,14,0.50625,1370,1335,35,0,5.744395619483509,0.20168447151347993,1442.3456027432571,1442.3456027432574,0.0
0.9,1,0.5,unbounded,15,0.50625,1352,1352,0,0,8.378090689021363,0.3359821005181896,1527.0830034533576,1527.0830034533572,0.0
0.9,1,0.5,one_day_reservation,15,0.50625,1352,1321,31,0,8.378090689021363,0.22668898165023857,1484.8384474853897,1484.8384474853892,0.0
0.9,1,0.5,unbounded,16,0.50625,1296,1296,0,0,7.470450557101959,0.3085979514103914,1391.1820463011097,1391.18204630111,0.0
0.9,1,0.5,one_day_reservation,16,0.50625,1296,1257,39,0,7.470450557101959,0.20584127157181312,1349.7946509053374,1349.7946509053372,0.0
0.9,1,0.5,unbounded,17,0.50625,1347,1347,0,0,11.440084541316232,0.32916005826053507,1492.6974354095828,1492.6974354095819,-0.002229601816546907
0.9,1,0.5,one_day_reservation,17,0.50625,1347,1306,41,0,4.972884388317368,0.2054243814322131,1447.852474171981,1447.8524741719805,-0.002229601816546907
0.9,1,0.5,unbounded,18,0.50625,1323,1323,0,0,9.786991725852616,0.3692468136023776,1461.1449346678203,1461.14493466782,-0.019166331945874943
0.9,1,0.5,one_day_reservation,18,0.50625,1323,1282,41,0,9.786991725852616,0.22983814575901873,1410.545660540561,1410.5456605405604,-0.019166331945874943
0.9,1,0.5,unbounded,19,0.50625,1302,1302,0,0,8.34322537170588,0.2632991002674485,1460.49943134393,1460.4994313439297,0.0
0.9,1,0.5,one_day_reservation,19,0.50625,1302,1279,23,0,4.710078055673991,0.1295990547096104,1427.208440209464,1427.2084402094633,0.0
0.9,1,0.5,unbounded,20,0.50625,1270,1270,0,0,10.58877429648782,0.40117637756383895,1451.113254049226,1451.1132540492265,0.0
0.9,1,0.5,one_day_reservation,20,0.50625,1270,1223,47,0,8.671205719424517,0.2826927356265079,1401.4932385222123,1401.4932385222128,0.0
0.9,1,0.5,unbounded,21,0.50625,1276,1276,0,0,9.952765706515482,0.413480847428031,1444.7042887425937,1444.7042887425932,0.0
0.9,1,0.5,one_day_reservation,21,0.50625,1276,1244,32,0,7.683442914855977,0.2815686150093954,1399.5386906003407,1399.5386906003405,0.0
0.9,1,0.5,unbounded,22,0.50625,1393,1393,0,0,7.684527804087219,0.3482886175515054,1570.6705890000876,1570.6705890000883,0.0
0.9,1,0.5,one_day_reservation,22,0.50625,1393,1350,43,0,6.344025479991828,0.21861445210273256,1516.7990168421488,1516.799016842149,0.0
0.9,1,0.5,unbounded,23,0.50625,1238,1238,0,4.022238394791879,9.580971473111653,0.29688966745529416,1426.3591298122471,1422.3368914174555,0.04420042192078988
0.9,1,0.5,one_day_reservation,23,0.50625,1238,1216,22,4.022238394791879,9.580971473111653,0.24711188056949437,1398.3805766874732,1394.3583382926815,0.04420042192078988
0.9,1,0.5,unbounded,24,0.50625,1387,1387,0,2.6634748053916173,12.830011447812815,0.6172481921260932,1556.1425423087076,1553.4790675033164,0.02926895390540239
0.9,1,0.5,one_day_reservation,24,0.50625,1387,1331,56,2.6634748053916173,10.904708505996911,0.33729950027089756,1500.497413594705,1497.8339387893132,0.02926895390540239
0.9,1,0.5,unbounded,25,0.50625,1290,1290,0,0,9.337545612577376,0.42453994515821986,1568.5602242506643,1568.5602242506639,-0.0087543229929244
0.9,1,0.5,one_day_reservation,25,0.50625,1290,1245,45,0,9.337545612577376,0.3317246204584789,1521.3021072047352,1521.3021072047345,-0.0087543229929244
0.9,1,0.5,unbounded,26,0.50625,1365,1365,0,0,13.525957262581429,0.5213803833312342,1590.3884211581794,1590.388421158179,0.0
0.9,1,0.5,one_day_reservation,26,0.50625,1365,1324,41,0,10.06757602585973,0.31276942939037283,1530.1994220905542,1530.1994220905542,0.0
0.9,1,0.5,unbounded,27,0.50625,1301,1301,0,0,8.361932358580432,0.3502041039732416,1507.656815244907,1507.6568152449079,0.0
0.9,1,0.5,one_day_reservation,27,0.50625,1301,1270,31,0,8.201246040577768,0.24136445754687197,1469.9564574405656,1469.956457440566,0.0
0.9,1,0.5,unbounded,28,0.50625,1310,1310,0,0,7.628541840634874,0.38201416047078746,1515.1819623162376,1515.1819623162378,-0.008880454471289538
0.9,1,0.5,one_day_reservation,28,0.50625,1310,1281,29,0,7.628541840634874,0.28364703298183813,1482.801923422495,1482.8019234224953,0.0
0.9,1,0.5,unbounded,29,0.50625,1380,1380,0,3.6250407348044558,12.284502479085205,0.5052523258834783,1535.795679436511,1532.1706387017068,-0.020851558367414456
0.9,1,0.5,one_day_reservation,29,0.50625,1380,1333,47,3.0496865330701404,10.107406035717236,0.30535618124553005,1484.240239955927,1481.1905534228567,0.010354730740141802
0.9,2,1,unbounded,0,1.9125,2577,2577,0,2500.464028022861,2500.464028022861,1293.1195106097596,5418.170513168006,2917.7064851451464,6.791912479646938
0.9,2,1,one_day_reservation,0,1.9125,2577,985,1592,5.884612098445892,11.132542578962727,0.7404131135652455,2057.908705299262,2052.024093200815,0.06466606701588892
0.9,2,1,unbounded,1,1.9125,2616,2616,0,2546.6172006419415,2548.0729883195613,1269.6655353629305,5466.617200641941,2920.0,8.021777249012745
0.9,2,1,one_day_reservation,1,1.9125,2616,980,1636,0,13.859919943808869,0.8175558575388681,2087.2370945588655,2087.2370945588664,-0.016255288492476056
0.9,2,1,unbounded,2,1.9125,2599,2599,0,2371.194099294431,2371.194099294431,1267.9320289356333,5291.194099294431,2920.0,5.637566127480561
0.9,2,1,one_day_reservation,2,1.9125,2599,1011,1588,0,8.48500109770243,0.5945635502394357,2024.0227352984298,2024.0227352984302,0.0
0.9,2,1,unbounded,3,1.9125,2635,2635,0,2670.4275073494623,2671.600712674654,1281.4828439999064,5590.427507349464,2920.0,8.743905662893214
0.9,2,1,one_day_reservation,3,1.9125,2635,973,1662,0,11.829316277702972,0.8758591616110915,2104.5532514215456,2104.5532514215442,0.0
0.9,2,1,unbounded,4,1.9125,2610,2610,0,2681.8838389238663,2681.8838389238663,1309.791809483487,5601.141531794907,2919.257692871034,8.248044900363592
0.9,2,1,one_day_reservation,4,1.9125,2610,981,1629,0,19.491596834316617,0.8834003634682386,2089.8205822055747,2089.8205822055756,0.0
0.9,2,1,unbounded,5,1.9125,2513,2513,0,2510.6030614380006,2523.107404516598,1245.0862636072873,5430.603061437998,2920.0,7.260026755686672
0.9,2,1,one_day_reservation,5,1.9125,2513,980,1533,0,13.695911512420075,0.8305918306628823,2107.6105525830562,2107.6105525830553,0.0
0.9,2,1,unbounded,6,1.9125,2617,2617,0,2716.3619650430496,2716.3619650430496,1435.7944739921911,5632.853853714221,2916.4918886711703,6.267643162839444
0.9,2,1,one_day_reservation,6,1.9125,2617,980,1637,0,16.405066991830058,0.8688659692621042,2062.4762977133696,2062.476297713369,0.0
0.9,2,1,unbounded,7,1.9125,2627,2627,0,2773.5701452543667,2773.5701452543667,1439.5478845002465,5693.5701452543635,2920.0,6.673117782951377
0.9,2,1,one_day_reservation,7,1.9125,2627,978,1649,0,13.703715995780431,0.8130899608145485,2069.114011773179,2069.1140117731784,0.0
0.9,2,1,unbounded,8,1.9125,2629,2629,0,2402.807921830675,2402.807921830675,1200.9905220682328,5322.807921830678,2920.0,6.171341521180786
0.9,2,1,one_day_reservation,8,1.9125,2629,1002,1627,0,9.917289089064376,0.6566905282121889,1940.4678200105657,1940.4678200105673,0.0
0.9,2,1,unbounded,9,1.9125,2565,2565,0,2481.669952272818,2481.669952272818,1249.094960029329,5401.669952272819,2920.0,6.821886708720156
0.9,2,1,one_day_reservation,9,1.9125,2565,1004,1561,0,12.365098621394665,0.6731116403273738,2096.579821147017,2096.579821147017,0.0
0.9,2,1,unbounded,10,1.9125,2712,2712,0,3015.1098963588065,3015.1098963588065,1460.7662313566104,5935.109896358804,2920.0,9.3022685756826
0.9,2,1,one_day_reservation,10,1.9125,2712,968,1744,0,12.83637089132679,0.8740955330155331,2077.1004393787653,2077.100439378766,-0.04208476441428177
0.9,2,1,unbounded,11,1.9125,2644,2644,0,2818.3803268934266,2818.3803268934266,1399.3324322635206,5738.3803268934225,2920.0,7.579687658133825
0.9,2,1,one_day_reservation,11,1.9125,2644,986,1658,10.030809312153409,11.107220233301266,0.782808299775972,2153.993692759537,2143.962883447386,0.11022867375992756
0.9,2,1,unbounded,12,1.9125,2578,2578,0,2651.6896577223206,2651.6896577223206,1320.4339597765256,5569.259808044758,2917.570150322439,7.209371668362669
0.9,2,1,one_day_reservation,12,1.9125,2578,960,1618,0.4083222891137357,14.436169221180517,0.9886285129194357,2081.2942524464574,2080.885930157344,0.0044870581221289636
0.9,2,1,unbounded,13,1.9125,2564,2564,0,2470.5723947433216,2470.5723947433216,1257.3767704813497,5385.515239821662,2914.9428450783435,6.143554376461824
0.9,2,1,one_day_reservation,13,1.9125,2564,972,1592,0,19.17964133463348,0.8896767411425712,2049.665929002765,2049.665929002765,0.0
0.9,2,1,unbounded,14,1.9125,2538,2538,0,2531.4116536838046,2531.4116536838046,1290.9416370465367,5450.079180334133,2918.667526650334,6.706115285683569
0.9,2,1,one_day_reservation,14,1.9125,2538,996,1542,0,16.593561251210936,0.7130434218747789,2069.9354918089057,2069.9354918089066,-0.00028783538822221876
0.9,2,1,unbounded,15,1.9125,2700,2700,0,2761.0911547048217,2761.0911547048217,1392.089123280717,5681.091154704822,2920.0,7.351325602836199
0.9,2,1,one_day_reservation,15,1.9125,2700,996,1704,0,13.338580552054324,0.7309791930575739,2045.7548361088934,2045.7548361088934,0.0
0.9,2,1,unbounded,16,1.9125,2663,2663,0,2879.86347096415,2879.86347096415,1422.9209048177108,5799.863470964142,2920.0,7.903907607510833
0.9,2,1,one_day_reservation,16,1.9125,2663,971,1692,0.9510439217687949,13.87018641361724,0.9656548756252745,2154.7555979427643,2153.804554020994,0.010451032107349394
0.9,2,1,unbounded,17,1.9125,2714,2714,0,2841.7385124862076,2841.7385124862076,1444.8248558186676,5761.73851248621,2920.0,7.432961437817119
0.9,2,1,one_day_reservation,17,1.9125,2714,992,1722,0,17.62033606250244,0.7917356140956381,2046.9639261179316,2046.9639261179314,0.0
0.9,2,1,unbounded,18,1.9125,2574,2574,0,2638.3520355329383,2638.4752992781905,1363.1177054981429,5558.352035532937,2920.0,6.882874869777737
0.9,2,1,one_day_reservation,18,1.9125,2574,964,1610,0,13.986852526814122,0.9476314010324982,2154.2713014114806,2154.271301411481,-0.008309383124843596
0.9,2,1,unbounded,19,1.9125,2623,2623,0,2613.7870096478478,2614.4993946795644,1327.2655049560772,5533.787009647846,2920.0,7.518174268048662
0.9,2,1,one_day_reservation,19,1.9125,2623,993,1630,0,12.70894274831359,0.750951391020196,2065.8023104645767,2065.8023104645767,0.0
0.9,2,1,unbounded,20,1.9125,2552,2552,0,2397.500490737547,2397.500490737547,1257.3095812692325,5310.468425141293,2912.9679344037386,5.326693070716939
0.9,2,1,one_day_reservation,20,1.9125,2552,981,1571,0.419043249021426,14.527370015838592,0.8103557177131498,2101.2683970788366,2100.8493538298158,0.004604870868367319
0.9,2,1,unbounded,21,1.9125,2639,2639,0,2504.112728608442,2504.112728608442,1278.32665854475,5424.112728608445,2920.0,6.649913883587465
0.9,2,1,one_day_reservation,21,1.9125,2639,983,1656,1.3885614387153389,13.509456110503411,0.7952582834707433,2032.118295541499,2030.729734102783,0.015258916908959768
0.9,2,1,unbounded,22,1.9125,2641,2641,0,2693.3637566736497,2693.3637566736497,1297.5111556965687,5609.178626359556,2915.814869685912,9.052010846279526
0.9,2,1,one_day_reservation,22,1.9125,2641,978,1663,0,14.605576288899229,0.8816987468626823,2055.813617879946,2055.8136178799455,-0.01979342797599774
0.9,2,1,unbounded,23,1.9125,2606,2606,0,2663.8679686369846,2663.8679686369846,1264.3352134241989,5583.8679686369815,2920.0,8.269615734740707
0.9,2,1,one_day_reservation,23,1.9125,2606,975,1631,0,12.167748150157099,0.9134622053290209,2126.568003730815,2126.568003730814,-0.021481905195315364
0.9,2,1,unbounded,24,1.9125,2653,2653,0,2738.133305461847,2738.133305461847,1380.9752540856966,5658.133305461849,2920.0,8.125199308699091
0.9,2,1,one_day_reservation,24,1.9125,2653,950,1703,0,13.722798550311062,1.0241377786517778,2092.6554719011388,2092.655471901137,-0.033863858112145054
0.9,2,1,unbounded,25,1.9125,2666,2666,0,2684.9044984323205,2684.9044984323205,1425.9657539728912,5604.734614216971,2919.8301157846463,7.022101275831674
0.9,2,1,one_day_reservation,25,1.9125,2666,962,1704,0.07721915231437748,13.122797184213958,0.9837057900343451,2132.3528570781255,2132.275637925812,-0.05403801651377461
0.9,2,1,unbounded,26,1.9125,2616,2616,0,2848.6961813662997,2848.6961813662997,1471.8831718138497,5768.6961813662965,2920.0,7.987565650037186
0.9,2,1,one_day_reservation,26,1.9125,2616,958,1658,0,14.422220442614204,1.0160347622011279,2187.2143900307087,2187.21439003071,0.0
0.9,2,1,unbounded,27,1.9125,2585,2585,0,2686.605724300178,2686.605724300178,1264.3041198225856,5606.605724300181,2920.0,8.640418650893707
0.9,2,1,one_day_reservation,27,1.9125,2585,974,1611,0,18.561840152193742,0.9696514890267219,2117.575894151545,2117.575894151545,0.0
0.9,2,1,unbounded,28,1.9125,2619,2619,0,2688.603346417139,2688.603346417139,1328.8936437536013,5607.802875308356,2919.199528891219,7.373098328526192
0.9,2,1,one_day_reservation,28,1.9125,2619,981,1638,0,13.142487107083753,0.8402853861281416,2105.2681069287914,2105.268106928792,0.0
0.9,2,1,unbounded,29,1.9125,2640,2640,0,2608.9368997706138,2612.082676318174,1324.8667750983573,5528.936899770615,2920.0,6.156506348599018
0.9,2,1,one_day_reservation,29,1.9125,2640,966,1674,0,12.892015989193066,0.9685950889179292,2192.7434668695546,2192.743466869555,-0.018904766325512724
0.9,2,0.75,unbounded,0,1.4625000000000001,2577,2577,0,1234.3397428027772,1237.5691728410395,648.850943747165,4150.750796112039,2916.411053309262,3.3487776993601996
0.9,2,0.75,one_day_reservation,0,1.4625000000000001,2577,1301,1276,2.413459073834419,13.030975929952799,0.724287900652247,2105.4118652163834,2102.9984061425494,0.026521528283894716
0.9,2,0.75,unbounded,1,1.4625000000000001,2616,2616,0,1260.9534122075904,1263.8294291392065,625.1514444636398,4180.953412207591,2920.0,4.292211939010465
0.9,2,0.75,one_day_reservation,1,1.4625000000000001,2616,1322,1294,0,15.004433042377244,0.6559310857752944,2115.669905821347,2115.669905821346,-0.00849200506899044
0.9,2,0.75,unbounded,2,1.4625000000000001,2599,2599,0,1126.3488451702726,1127.8458189679018,626.1343571647159,4046.3488451702715,2920.0,2.4354301100310516
0.9,2,0.75,one_day_reservation,2,1.4625000000000001,2599,1344,1255,0,7.324627542448054,0.5057873260011903,2076.7843493632504,2076.784349363251,-0.036590025278680105
0.9,2,0.75,unbounded,3,1.4625000000000001,2635,2635,0,1343.4367077208458,1346.3166117147396,630.7707459346958,4263.436707720847,2920.0,4.757658391891168
0.9,2,0.75,one_day_reservation,3,1.4625000000000001,2635,1309,1326,0,12.40244685735761,0.7010351569047685,2133.729285421084,2133.7292854210837,-0.0011824662784177197
0.9,2,0.75,unbounded,4,1.4625000000000001,2610,2610,0,1385.3571421018494,1385.3571421018494,677.5389491005132,4289.960959489567,2904.603817387716,4.377428983007242
0.9,2,0.75,one_day_reservation,4,1.4625000000000001,2610,1290,1320,0,16.196538766325347,0.8557035080101181,2112.9139434776575,2112.9139434776566,-0.002749918267239556
0.9,2,0.75,unbounded,5,1.4625000000000001,2513,2513,0,1230.5640688248868,1244.838956057672,605.6227598354201,4150.564068824888,2920.0,3.6945845770582983
0.9,2,0.75,one_day_reservation,5,1.4625000000000001,2513,1315,1198,0,13.084679150486004,0.6611145806641362,2144.625072727241,2144.6250727272413,0.0
0.9,2,0.75,unbounded,6,1.4625000000000001,2617,2617,0,1394.7475135576565,1394.7475135576565,755.7936333199309,4306.342636404005,2911.595122846349,2.951462674051834
0.9,2,0.75,one_day_reservation,6,1.4625000000000001,2617,1311,1306,0,15.269362845002053,0.761513791356089,2113.2039613822008,2113.203961382201,0.0
0.9,2,0.75,unbounded,7,1.4625000000000001,2627,2627,0,1428.2576662683161,1431.266369034993,753.3472086492961,4348.25766626832,2920.0,3.198119734562312
0.9,2,0.75,one_day_reservation,7,1.4625000000000001,2627,1301,1326,0,12.44741059077949,0.8019727027110755,2168.552137057377,2168.5521370573783,0.0
0.9,2,0.75,unbounded,8,1.4625000000000001,2629,2629,0,1155.3230029545985,1161.6895862471222,574.0545688888459,4075.323002954599,2920.0,2.871997836504326
0.9,2,0.75,one_day_reservation,8,1.4625000000000001,2629,1344,1285,0,8.369307163881867,0.5773777094031305,2039.1326355038577,2039.1326355038575,0.0
0.9,2,0.75,unbounded,9,1.4625000000000001,2565,2565,0,1211.5197176294062,1216.1804569675328,611.1940550547523,4131.519717629409,2920.0,3.3519170338760955
0.9,2,0.75,one_day_reservation,9,1.4625000000000001,2565,1345,1220,0,10.428319062555548,0.6070823411443265,2175.815932654116,2175.8159326541154,0.0
0.9,2,0.75,unbounded,10,1.4625000000000001,2712,2712,0,1624.2143214881155,1624.2143214881155,776.7144212779384,4544.214321488116,2920.0,5.277005518012642
0.9,2,0.75,one_day_reservation,10,1.4625000000000001,2712,1294,1418,0,11.696564277352827,0.804582086857351,2119.997098369172,2119.9970983691724,-0.027722221988705324
0.9,2,0.75,unbounded,11,1.4625000000000001,2644,2644,0,1463.2535146502623,1463.2535146502623,725.3853819010409,4383.25351465026,2920.0,3.867573063607114
0.9,2,0.75,one_day_reservation,11,1.4625000000000001,2644,1328,1316,9.954958932922509,13.46750650429378,0.6842848242504244,2187.898913094702,2177.943954161779,0.10939515310903855
0.9,2,0.75,unbounded,12,1.4625000000000001,2578,2578,0,1355.27810648775,1360.021764163109,677.2460319314378,4266.37041762272,2911.092311134973,3.616174224358389
0.9,2,0.75,one_day_reservation,12,1.4625000000000001,2578,1300,1278,0.42357163211727666,10.58170889906334,0.7598363711709571,2142.565146953673,2142.141575321555,0.004654633319970073
0.9,2,0.75,unbounded,13,1.4625000000000001,2564,2564,0,1203.1106808651462,1205.0802693376145,622.3100781312306,4117.317814673905,2914.207133808757,2.7325102729844564
0.9,2,0.75,one_day_reservation,13,1.4625000000000001,2564,1304,1260,0,15.390867359740021,0.73251287836726,2077.033943200876,2077.0339432008764,0.0
0.9,2,0.75,unbounded,14,1.4625000000000001,2538,2538,0,1261.9940570829165,1266.2775556763472,650.0516022830527,4176.625815441958,2914.6317583590403,3.2703946360434974
0.9,2,0.75,one_day_reservation,14,1.4625000000000001,2538,1322,1216,0,11.685654882605188,0.667577920574125,2140.821806548656,2140.821806548657,0.0
0.9,2,0.75,unbounded,15,1.4625000000000001,2700,2700,0,1430.8433686530582,1430.8433686530582,720.6985710080115,4350.843368653056,2920.0,3.791340888533151
0.9,2,0.75,one_day_reservation,15,1.4625000000000001,2700,1316,1384,0,12.089845617837522,0.7478893963970974,2112.460987486453,2112.4609874864527,0.0
0.9,2,0.75,unbounded,16,1.4625000000000001,2663,2663,0,1516.840226605118,1520.4781852486408,743.5009083790341,4436.840226605117,2920.0,4.170972134331823
0.9,2,0.75,one_day_reservation,16,1.4625000000000001,2663,1304,1359,0,11.336252547420617,0.7616006951076774,2193.149686595511,2193.1496865955105,0.0
0.9,2,0.75,unbounded,17,1.4625000000000001,2714,2714,0,1487.2322977682961,1487.2322977682961,762.7656368375212,4405.971723986334,2918.7394262180364,3.7744291617140493
0.9,2,0.75,one_day_reservation,17,1.4625000000000001,2714,1322,1392,0,13.443949986461718,0.7560120077918329,2142.247688670739,2142.24768867074,0.0
0.9,2,0.75,unbounded,18,1.4625000000000001,2574,2574,0,1329.2084244657115,1335.1733453145323,696.5429826406204,4249.2084244657135,2920.0,3.342582728903423
0.9,2,0.75,one_day_reservation,18,1.4625000000000001,2574,1294,1280,0,14.494191267921206,0.8512526414251779,2168.1621153235324,2168.162115323531,-0.0009408152243512429
0.9,2,0.75,unbounded,19,1.4625000000000001,2623,2623,0,1311.5088005622254,1313.8072735715334,668.1682792030728,4231.508800562225,2920.0,3.882869508532302
0.9,2,0.75,one_day_reservation,19,1.4625000000000001,2623,1322,1301,0,11.226807171499484,0.6569464051668152,2129.7989847892745,2129.798984789275,0.0
0.9,2,0.75,unbounded,20,1.4625000000000001,2552,2552,0,1151.8390573503523,1151.8390573503523,622.9887398111065,4060.5650081531567,2908.725950802804,2.199606237110044
0.9,2,0.75,one_day_reservation,20,1.4625000000000001,2552,1311,1241,3.7350932130925116,9.742420287607285,0.6337673366973019,2130.905369994444,2127.1702767813517,0.04104498036365398
0.9,2,0.75,unbounded,21,1.4625000000000001,2639,2639,0,1229.0304893979576,1229.0304893979576,634.9629121700154,4149.030489397954,2920.0,3.2130353527760525
0.9,2,0.75,one_day_reservation,21,1.4625000000000001,2639,1315,1324,0,9.576054112575388,0.637433553795516,2080.3317394428836,2080.331739442883,0.0
0.9,2,0.75,unbounded,22,1.4625000000000001,2641,2641,0,1370.7718372878462,1370.8241809948795,654.2165777421567,4278.261715151958,2907.489877864109,4.969714794131117
0.9,2,0.75,one_day_reservation,22,1.4625000000000001,2641,1310,1331,0,10.901159104158609,0.7011144377360736,2104.7417748832404,2104.7417748832395,-0.0017293954999953265
0.9,2,0.75,unbounded,23,1.4625000000000001,2606,2606,0,1350.1706548031564,1350.1706548031564,624.262291976323,4270.170654803159,2920.0,4.403061706619886
0.9,2,0.75,one_day_reservation,23,1.4625000000000001,2606,1303,1303,0,12.181845166470751,0.7771726970389035,2147.4899257298284,2147.4899257298284,-0.009209121897899276
0.9,2,0.75,unbounded,24,1.4625000000000001,2653,2653,0,1399.4645585567343,1399.4645585567343,707.0615519534432,4319.464558556735,2920.0,4.350147391615827
0.9,2,0.75,one_day_reservation,24,1.4625000000000001,2653,1309,1344,0,9.474325760852825,0.7730082321990871,2118.031488364704,2118.031488364703,-0.006286724912101249
0.9,2,0.75,unbounded,25,1.4625000000000001,2666,2666,0,1373.8771830662906,1378.975384440125,756.3429678103705,4291.749769904777,2917.8725868384845,3.484080214716047
0.9,2,0.75,one_day_reservation,25,1.4625000000000001,2666,1316,1350,0,10.278804633205603,0.7455369559818344,2169.9466059290767,2169.9466059290785,-0.028505852881658918
0.9,2,0.75,unbounded,26,1.4625000000000001,2616,2616,0,1489.3872311142607,1490.5149200333753,782.88120586624,4407.69890078991,2918.3116696756492,4.191904500873896
0.9,2,0.75,one_day_reservation,26,1.4625000000000001,2616,1283,1333,0,12.898352654741718,0.8575708740596565,2238.8845552016123,2238.884555201611,0.0
0.9,2,0.75,unbounded,27,1.4625000000000001,2585,2585,0,1361.2085435409776,1361.2085435409776,621.6808210111534,4279.611036582501,2918.402493041525,4.648582111609913
0.9,2,0.75,one_day_reservation,27,1.4625000000000001,2585,1303,1282,1.6348409858037076,13.242137416449971,0.8065824337156311,2159.303539571168,2157.6686985853644,0.0179652855582825
0.9,2,0.75,unbounded,28,1.4625000000000001,2619,2619,0,1367.287652263554,1368.135444981626,674.1501972847308,4284.847944019672,2917.5602917561177,3.7140217229542403
0.9,2,0.75,one_day_reservation,28,1.4625000000000001,2619,1324,1295,0,9.848262164802172,0.6802295675464886,2134.4001287157053,2134.4001287157034,0.0
0.9,2,0.75,unbounded,29,1.4625000000000001,2640,2640,0,1304.7311508792836,1309.0904832899537,667.5832563431536,4224.731150879282,2920.0,2.846314148713418
0.9,2,0.75,one_day_reservation,29,1.4625000000000001,2640,1325,1315,0,9.821590246340875,0.7201453783270668,2206.3145390694126,2206.314539069411,0.0
0.9,2,0.5,unbounded,0,1.0125,2577,2577,0,0,60.6724765271356,25.627721940242417,2883.331079056071,2883.3310790560704,0.0
0.9,2,0.5,one_day_reservation,0,1.0125,2577,1996,581,0,8.93494792640697,0.7499452229505487,2249.4020096867057,2249.402009686706,0.0
0.9,2,0.5,unbounded,1,1.0125,2616,2616,0,59.89234266631655,94.79468630459107,30.505163369455616,2895.28962377324,2835.397281106924,0.5626466290081943
0.9,2,0.5,one_day_reservation,1,1.0125,2616,2013,603,0,12.67331851886781,0.7267192741173385,2246.566068648567,2246.566068648568,-0.023961674414002775
0.9,2,0.5,unbounded,2,1.0125,2599,2599,0,0,61.892027283070405,18.399099391852943,2801.5035910461097,2801.5035910461097,-0.06252883651336559
0.9,2,0.5,one_day_reservation,2,1.0125,2599,2048,551,0,9.865634066284699,0.5538387459805196,2188.7274942294275,2188.7274942294275,-0.004194403938886103
0.9,2,0.5,unbounded,3,1.0125,2635,2635,0,105.51120879496442,122.39816209161813,35.49872808970333,2936.44590809223,2830.9346992972633,0.7714111208891127
0.9,2,0.5,one_day_reservation,3,1.0125,2635,2024,611,0,12.949436394307135,0.6984219042431219,2242.671345205343,2242.6713452053436,0.0
0.9,2,0.5,unbounded,4,1.0125,2610,2610,0,103.7940670203225,151.21659907771763,59.875578482604624,2978.780387184233,2874.9863201639087,0.5068130656508855
0.9,2,0.5,one_day_reservation,4,1.0125,2610,1965,645,0,11.446586114650703,0.8417265040269255,2190.244392493508,2190.2443924935083,0.0
0.9,2,0.5,unbounded,5,1.0125,2513,2513,0,11.751958257123313,53.57184390426909,17.115525732019613,2870.525076211775,2858.7731179546513,0.1291423984299265
0.9,2,0.5,one_day_reservation,5,1.0125,2513,1978,535,0,9.771545134065342,0.6378580360536671,2233.0257550428814,2233.0257550428823,0.0
0.9,2,0.5,unbounded,6,1.0125,2617,2617,0,73.13306207226333,148.41485416911786,75.79596074361834,2979.8314190937913,2906.6983570215275,-0.3647178147357725
0.9,2,0.5,one_day_reservation,6,1.0125,2617,1976,641,0.8123288608763986,11.311272711105502,0.8344308318684579,2221.714997578253,2220.9026687173773,0.006535852163076145
0.9,2,0.5,unbounded,7,1.0125,2627,2627,0,88.49975634712327,138.36566132484427,72.65618888574149,3002.9451872822624,2914.445430935141,-0.2768783138267444
0.9,2,0.5,one_day_reservation,7,1.0125,2627,1994,633,0,10.381945894129956,0.7895585825641815,2281.064595475629,2281.0645954756296,0.0
0.9,2,0.5,unbounded,8,1.0125,2629,2629,0,3.946134800667908,74.00421740117817,22.429897838000414,2827.8380840785235,2823.891949277853,-0.42734584817212845
0.9,2,0.5,one_day_reservation,8,1.0125,2629,2052,577,0.4057236294937212,8.218697898925214,0.6072820713328732,2174.340089462238,2173.9343658327434,-0.042872232110460214
0.9,2,0.5,unbounded,9,1.0125,2565,2565,0,15.905350372351908,110.9056119145008,42.86468314512326,2861.369482985994,2845.4641326136434,-0.11805264096795122
0.9,2,0.5,one_day_reservation,9,1.0125,2565,2018,547,0,11.477281632969436,0.7150410753599747,2271.1326831746924,2271.1326831746937,0.0
0.9,2,0.5,unbounded,10,1.0125,2712,2712,0,239.24946706871597,242.6528139902645,98.57704916314682,3153.318746617418,2914.0692795487043,1.251742460342647
0.9,2,0.5,one_day_reservation,10,1.0125,2712,1993,719,2.067955681356773,10.613475510877407,0.8685117136944127,2267.41971750621,2265.351761824854,0.010174161920285375
0.9,2,0.5,unbounded,11,1.0125,2644,2644,0,115.887199352087,128.99519456623915,59.07640701476205,3028.126702407102,2912.2395030550133,0.15545846908042624
0.9,2,0.5,one_day_reservation,11,1.0125,2644,1982,662,7.126919831750371,9.866859397191696,0.7806374950663559,2290.7056103623145,2283.578690530566,0.057557294086405995
0.9,2,0.5,unbounded,12,1.0125,2578,2578,0,72.65404945123746,91.14309382296435,47.654371051754815,2963.4810272006825,2890.826977749449,0.022976780354121
0.9,2,0.5,one_day_reservation,12,1.0125,2578,1947,631,0.32459571880172966,9.185358359378238,0.8036395450009914,2235.3270992366756,2235.002503517874,0.003566985920898128
0.9,2,0.5,unbounded,13,1.0125,2564,2564,0,4.518846253375944,85.00105779436012,29.61953313924799,2849.120389526142,2844.6015432727663,-0.40338965446804903
0.9,2,0.5,one_day_reservation,13,1.0125,2564,1978,586,0,11.479876957923945,0.6780378336344621,2181.803761284004,2181.803761284004,0.0
0.9,2,0.5,unbounded,14,1.0125,2538,2538,0,18.320926685594227,89.25282079879044,33.639024337255755,2903.1724505497746,2884.851523864183,-0.16532601359655058
0.9,2,0.5,one_day_reservation,14,1.0125,2538,1979,559,0,10.647191176416296,0.7352142670768259,2252.784018944043,2252.7840189440444,0.0
0.9,2,0.5,unbounded,15,1.0125,2700,2700,0,114.58121107262639,129.16308552070296,61.14158394109121,3020.5955826012932,2906.0143715286686,0.23135617423011218
0.9,2,0.5,one_day_reservation,15,1.0125,2700,2036,664,7.258289687681103,11.37253694057943,0.6928173600745369,2259.280096060148,2252.0218063724656,0.07976142513935278
0.9,2,0.5,unbounded,16,1.0125,2663,2663,0,169.52916375069344,189.15843805266493,77.83196023804412,3073.816982246092,2904.287818495396,0.43803666115284806
0.9,2,0.5,one_day_reservation,16,1.0125,2663,1952,711,0,10.473349607993988,0.8962904553501762,2294.6229939279333,2294.6229939279333,0.0
0.9,2,0.5,unbounded,17,1.0125,2714,2714,0,133.71198467443068,156.24993870399726,81.69231948042236,3050.204935486455,2916.4929508120244,0.11589688561097085
0.9,2,0.5,one_day_reservation,17,1.0125,2714,2050,664,0.855927879996738,10.582782921241659,0.7651990527341963,2270.4851595882637,2269.6292317082675,0.009405800879085033
0.9,2,0.5,unbounded,18,1.0125,2574,2574,0,27.86059900062986,76.18039423539979,37.53676043449436,2940.0648133984805,2912.204214397852,-0.19770941197091546
0.9,2,0.5,one_day_reservation,18,1.0125,2574,1965,609,0,11.737296510654488,0.8520188249517154,2286.241654954723,2286.241654954724,-0.10003072439725978
0.9,2,0.5,unbounded,19,1.0125,2623,2623,0,51.55158023399203,70.98885097749505,23.152188372062763,2929.2305914766043,2877.679011242611,0.3548316742986647
0.9,2,0.5,one_day_reservation,19,1.0125,2623,1979,644,0,11.56265308272345,0.7289559756118648,2235.176973549025,2235.176973549025,0.0
0.9,2,0.5,unbounded,20,1.0125,2552,2552,0,18.134835648162305,47.97786067836746,18.514058648846746,2810.661591165031,2792.5267555168657,-0.18326003862289858
0.9,2,0.5,one_day_reservation,20,1.0125,2552,1989,563,3.6835222299270125,9.637167536726704,0.6142500098565572,2208.6255436298156,2204.942021399889,0.0404782662629342
0.9,2,0.5,unbounded,21,1.0125,2639,2639,0,12.269670279625288,63.303266086160136,19.707136801288225,2873.948250187475,2861.678579907846,0.0826283048881074
0.9,2,0.5,one_day_reservation,21,1.0125,2639,2012,627,0,6.394340358852853,0.6292014671535137,2191.713252192286,2191.7132521922854,0.0
0.9,2,0.5,unbounded,22,1.0125,2641,2641,0,92.46966435231796,98.36033914778861,28.22420209393686,2947.3448039443506,2854.8751395920326,0.8874187419827284
0.9,2,0.5,one_day_reservation,22,1.0125,2641,1999,642,0,8.034839490381806,0.6849485474731917,2229.241314310569,2229.24131431057,-0.012511138921573437
0.9,2,0.5,unbounded,23,1.0125,2606,2606,0,105.11344191480708,114.15746330623807,27.229497330155166,2956.4733409693304,2851.3598990545242,0.5365076784990804
0.9,2,0.5,one_day_reservation,23,1.0125,2606,1998,608,0,16.878883571343593,0.8173282003419524,2297.0230613109134,2297.0230613109134,-0.013341916519871029
0.9,2,0.5,unbounded,24,1.0125,2653,2653,0,62.74137468795412,73.81071849247697,33.41085672142395,2980.7958116516215,2918.054436963667,0.5964752881186454
0.9,2,0.5,one_day_reservation,24,1.0125,2653,2003,650,0,17.257826448677825,0.8722696612106269,2277.9511027643575,2277.951102764358,0.0
0.9,2,0.5,unbounded,25,1.0125,2666,2666,0,62.84986770026171,139.6654366392306,86.7201816478495,2978.764925592585,2915.915057892323,-0.053940846399557374
0.9,2,0.5,one_day_reservation,25,1.0125,2666,2004,662,0,8.776145966463464,0.7970173246080848,2280.4488254134662,2280.448825413467,-0.030711898611083838
0.9,2,0.5,unbounded,26,1.0125,2616,2616,0,130.49384042975618,137.02229474054337,94.29479948616242,3046.701620213522,2916.2077797837665,0.39624335171062075
0.9,2,0.5,one_day_reservation,26,1.0125,2616,1964,652,0,9.108948226067113,0.7944384212803927,2277.3035337947113,2277.30353379471,0.0
0.9,2,0.5,unbounded,27,1.0125,2585,2585,0,131.22290552364058,146.53130238446977,56.13932130557534,2952.6163488648253,2821.3934433411846,0.6567455723261045
0.9,2,0.5,one_day_reservation,27,1.0125,2585,1988,597,2.7438018010481002,9.097557671145893,0.7778554241761813,2276.181635265014,2273.4378334639655,0.030151668143385716
0.9,2,0.5,unbounded,28,1.0125,2619,2619,0,96.81572989934475,127.22184338780639,67.153627518072,2961.8930127309804,2865.077282831637,0.054945117382248825
0.9,2,0.5,one_day_reservation,28,1.0125,2619,2013,606,0,9.888763879748748,0.7168874088325653,2273.874034623574,2273.8740346235736,-0.01427562389550339
0.9,2,0.5,unbounded,29,1.0125,2640,2640,0,28.796969143012333,74.69925202050467,34.44344202981023,2920.525401987955,2891.7284328449405,-0.46387805117216807
0.9,2,0.5,one_day_reservation,29,1.0125,2640,2030,610,0,9.577974057528778,0.6813896229196293,2280.6159278097575,2280.6159278097584,-0.010487104660110552
0.9,4,1,unbounded,0,3.825,5249,5249,0,8210.785688324508,8210.785688324508,4104.904461347201,11130.785688324504,2920.0,23.43465603741647
0.9,4,1,one_day_reservation,0,3.825,5249,986,4263,0,10.880109504644189,0.9230265850414793,2104.827508138939,2104.827508138938,-0.0712292973209288
0.9,4,1,unbounded,1,3.825,5294,5294,0,8293.447960670685,8293.447960670685,4164.462682690732,11213.447960670685,2920.0,23.4958548319765
0.9,4,1,one_day_reservation,1,3.825,5294,972,4322,7.4910256620034925,16.349252171416225,0.968535916158899,2107.65170854541,2100.1606828834065,0.0823189633187197
0.9,4,1,unbounded,2,3.825,5146,5146,0,8114.293414279003,8114.293414279003,3933.791284736929,11034.293414279007,2920.0,24.179498558168433
0.9,4,1,one_day_reservation,2,3.825,5146,974,4172,0,14.028882043328629,0.9562233859823294,2113.63814075657,2113.6381407565705,-0.00175379670928734
0.9,4,1,unbounded,3,3.825,5238,5238,0,8128.439655722956,8128.439655722956,4102.094764930174,11048.439655722954,2920.0,20.571077803447494
0.9,4,1,one_day_reservation,3,3.825,5238,997,4241,0,14.366021383591008,0.7767825586384298,2077.072164048622,2077.072164048621,0.0
0.9,4,1,unbounded,4,3.825,5240,5240,0,8189.957944551681,8189.957944551681,4135.525996692681,11109.957944551694,2920.0,21.894985829409553
0.9,4,1,one_day_reservation,4,3.825,5240,984,4256,0,19.491596834316617,0.9211699845090793,2082.704735506628,2082.7047355066293,0.0
0.9,4,1,unbounded,5,3.825,5328,5328,0,8542.706424511192,8542.706424511192,4293.023597106642,11462.706424511198,2920.0,23.956179577335067
0.9,4,1,one_day_reservation,5,3.825,5328,1003,4325,0,10.703451590159968,0.719007361889442,2049.5753070863275,2049.5753070863266,-0.011347322964107148
0.9,4,1,unbounded,6,3.825,5199,5199,0,8003.07319582863,8003.07319582863,4082.61863407607,10923.073195828625,2920.0,20.295375872018948
0.9,4,1,one_day_reservation,6,3.825,5199,979,4220,0,11.02823015558402,0.8941325131894199,2108.262241432213,2108.262241432213,0.0
0.9,4,1,unbounded,7,3.825,5288,5288,0,8289.144541329913,8289.144541329913,4249.497726364699,11209.144541329917,2920.0,22.170937937817754
0.9,4,1,one_day_reservation,7,3.825,5288,996,4292,0,14.15519081190229,0.7992153196736835,2101.372946126719,2101.372946126718,0.0
0.9,4,1,unbounded,8,3.825,5216,5216,0,8157.536826244701,8157.536826244701,4093.176185176755,11077.536826244712,2920.0,22.1508210817817
0.9,4,1,one_day_reservation,8,3.825,5216,989,4227,1.3887548756565966,13.605078521802007,0.89022762888458,2103.5711212254587,2102.182366349802,0.01526104258963293
0.9,4,1,unbounded,9,3.825,5260,5260,0,8523.84354897435,8523.84354897435,4268.8105608806845,11443.843548974346,2920.0,23.284865538467233
0.9,4,1,one_day_reservation,9,3.825,5260,944,4316,0,18.055525486938002,1.1676950455616788,2128.382907263065,2128.3829072630656,0.0
0.9,4,1,unbounded,10,3.825,5370,5370,0,8749.403165473143,8749.403165473143,4423.0652044787985,11669.403165473152,2920.0,24.126917280769405
0.9,4,1,one_day_reservation,10,3.825,5370,982,4388,0,11.965054847269982,0.8906830805185255,2128.5455457339403,2128.545545733941,-0.052964999627289205
0.9,4,1,unbounded,11,3.825,5256,5256,0,8312.345326639443,8312.345326639443,4200.331799267598,11232.345326639443,2920.0,22.622424190385303
0.9,4,1,one_day_reservation,11,3.825,5256,973,4283,0,14.957744299735367,0.9583482558610543,2087.248362409685,2087.248362409686,0.0
0.9,4,1,unbounded,12,3.825,5256,5256,0,8419.441882344447,8419.441882344447,4292.9217019915295,11339.441882344454,2920.0,22.88404750834473
0.9,4,1,one_day_reservation,12,3.825,5256,975,4281,0,13.064235525123856,0.888768120658566,2071.538354037408,2071.538354037409,0.0
0.9,4,1,unbounded,13,3.825,5299,5299,0,8212.476846370057,8212.476846370057,4092.126745356831,11132.476846370044,2920.0,22.369397678745173
0.9,4,1,one_day_reservation,13,3.825,5299,960,4339,0.13910374620586907,14.151902248087534,1.031862521695486,2139.68523754378,2139.546133797574,0.0015286125956688909
0.9,4,1,unbounded,14,3.825,5301,5301,0,8196.012959867312,8196.012959867312,4031.956814163537,11116.012959867321,2920.0,24.262570792385546
0.9,4,1,one_day_reservation,14,3.825,5301,993,4308,0.8633519087333745,14.730741272468759,0.7968974396890055,2087.9485232260477,2087.0851713173133,0.009487383612454665
0.9,4,1,unbounded,15,3.825,5296,5296,0,8369.766366140298,8369.766366140298,4228.087570645392,11289.766366140297,2920.0,22.864558812859297
0.9,4,1,one_day_reservation,15,3.825,5296,988,4308,0,13.983020613580802,0.8516053247155227,2087.4461700380375,2087.446170038038,0.0
0.9,4,1,unbounded,16,3.825,5293,5293,0,8377.298654897506,8377.298654897506,4206.334142248387,11297.298654897511,2920.0,22.62907310383911
0.9,4,1,one_day_reservation,16,3.825,5293,973,4320,0,15.879409756577967,0.9977997918060533,2129.729073984719,2129.7290739847203,0.0
0.9,4,1,unbounded,17,3.825,5275,5275,0,8480.622220672709,8480.622220672709,4365.658993528617,11400.622220672692,2920.0,22.49929909403617
0.9,4,1,one_day_reservation,17,3.825,5275,982,4293,2.0266054934726583,15.289942583594321,0.89453162544161,2126.1248272562048,2124.0982217627325,0.02227039003816108
0.9,4,1,unbounded,18,3.825,5201,5201,0,8179.9469620649215,8179.9469620649215,4098.391884126503,11099.946962064923,2920.0,22.197010747862894
0.9,4,1,one_day_reservation,18,3.825,5201,965,4236,0,12.364306688616828,1.0441844319789386,2194.776339851219,2194.776339851221,-0.05891538632843323
0.9,4,1,unbounded,19,3.825,5227,5227,0,8096.853735093001,8096.853735093001,4116.084105887615,11016.853735093004,2920.0,21.72118524144942
0.9,4,1,one_day_reservation,19,3.825,5227,977,4250,0,13.036531961764176,0.939748361311757,2124.4641012226157,2124.464101222617,0.0
0.9,4,1,unbounded,20,3.825,5187,5187,0,8065.777837213822,8065.777837213822,4088.6119106712213,10985.777837213824,2920.0,22.379453877842156
0.9,4,1,one_day_reservation,20,3.825,5187,998,4189,0,10.542333881463339,0.7669709565831625,2071.9642581762614,2071.9642581762614,0.0
0.9,4,1,unbounded,21,3.825,5243,5243,0,7964.413597480962,7964.413597480962,4057.7627731499388,10884.413597480961,2920.0,22.32352420218758
0.9,4,1,one_day_reservation,21,3.825,5243,987,4256,2.177717748406385,14.827392364682048,0.8505012131639922,2089.3573549816983,2087.179637233292,0.023930964268202036
0.9,4,1,unbounded,22,3.825,5395,5395,0,8689.706955816513,8689.706955816513,4403.562605336567,11609.706955816508,2920.0,23.192987339888102
0.9,4,1,one_day_reservation,22,3.825,5395,1007,4388,0,10.741077846023753,0.6894430520797763,2058.389208945157,2058.3892089451556,0.0
0.9,4,1,unbounded,23,3.825,5388,5388,0,8334.238739238579,8334.238739238579,4267.181105956995,11254.238739238583,2920.0,21.245482115739314
0.9,4,1,one_day_reservation,23,3.825,5388,1000,4388,4.343722904852237,14.373315548258496,0.7729373960874408,2090.7777260939247,2086.434003189072,0.04773321873463997
0.9,4,1,unbounded,24,3.825,5246,5246,0,8473.734541378239,8473.734541378239,4180.388466200688,11393.734541378257,2920.0,23.539583339965958
0.9,4,1,one_day_reservation,24,3.825,5246,986,4260,0,13.771352781804499,0.8688899818825258,2095.1084247465765,2095.108424746575,0.0
0.9,4,1,unbounded,25,3.825,5187,5187,0,8355.581838049937,8355.581838049937,4288.601789127605,11275.581838049933,2920.0,22.390362367271447
0.9,4,1,one_day_reservation,25,3.825,5187,978,4209,0,16.285716655492706,0.9222096284453483,2065.590129848877,2065.5901298488775,0.0
0.9,4,1,unbounded,26,3.825,5410,5410,0,8326.288745776728,8326.288745776728,4131.230264881786,11246.288745776723,2920.0,24.038637596613345
0.9,4,1,one_day_reservation,26,3.825,5410,1004,4406,0,14.193919190030883,0.6977513611502258,2013.6758573169732,2013.6758573169725,0.0
0.9,4,1,unbounded,27,3.825,5243,5243,0,8207.933271485785,8207.933271485785,4020.485872807467,11127.93327148579,2920.0,23.63714309075865
0.9,4,1,one_day_reservation,27,3.825,5243,990,4253,0.69637420869077,11.92264152997653,0.8145172418461069,2116.7582441568547,2116.061869948164,0.007652463831766704
0.9,4,1,unbounded,28,3.825,5247,5247,0,8361.331452878969,8361.331452878969,4229.897928272899,11277.544582508013,2916.213129629041,23.104222603836096
0.9,4,1,one_day_reservation,28,3.825,5247,969,4278,0,14.228261231857662,1.0031739285231018,2130.310155368871,2130.3101553688707,0.0
0.9,4,1,unbounded,29,3.825,5258,5258,0,8353.174763259854,8353.174763259854,4275.2866213891,11273.174763259869,2920.0,22.40484260264464
0.9,4,1,one_day_reservation,29,3.825,5258,987,4271,1.5014568424339139,15.059740375258276,0.8671761993171042,2159.0068535584546,2157.505396716021,0.01649952574103202
0.9,4,0.75,unbounded,0,2.9250000000000003,5249,5249,0,5615.336128516158,5615.336128516158,2806.08923202184,8535.336128516154,2920.0,16.11262867129034
0.9,4,0.75,one_day_reservation,0,2.9250000000000003,5249,1338,3911,1.3060955156445218,11.743498529614602,0.761673969810486,2168.5939472784203,2167.287851762775,0.014352697974115624
0.9,4,0.75,unbounded,1,2.9250000000000003,5294,5294,0,5665.586467886359,5665.586467886359,2843.7389800821215,8585.586467886356,2920.0,16.11920716356257
0.9,4,0.75,one_day_reservation,1,2.9250000000000003,5294,1334,3960,7.107030018846121,11.010982057749068,0.7960038276554015,2150.3511249508147,2143.2440949319684,0.078099230976331
0.9,4,0.75,unbounded,2,2.9250000000000003,5146,5146,0,5520.853694343279,5520.853694343279,2666.235224097519,8440.853694343281,2920.0,16.55493393005066
0.9,4,0.75,one_day_reservation,2,2.9250000000000003,5146,1327,3819,0,12.451780095613472,0.804461838618683,2196.880577879661,2196.880577879661,0.0
0.9,4,0.75,unbounded,3,2.9250000000000003,5238,5238,0,5523.551021727003,5523.551021727003,2785.129852894905,8443.551021727006,2920.0,13.905940482772646
0.9,4,0.75,one_day_reservation,3,2.9250000000000003,5238,1358,3880,0,11.030085414621944,0.6365244976039185,2128.3190664946815,2128.319066494681,0.0
0.9,4,0.75,unbounded,4,2.9250000000000003,5240,5240,0,5585.3767527892005,5585.3767527892005,2824.726095699894,8505.376752789203,2920.0,14.84173432136244
0.9,4,0.75,one_day_reservation,4,2.9250000000000003,5240,1327,3913,0,16.196538766325347,0.811592259942298,2121.3976373295327,2121.3976373295322,0.0
0.9,4,0.75,unbounded,5,2.9250000000000003,5328,5328,0,5850.878316706029,5850.878316706029,2938.770291308322,8770.878316706034,2920.0,16.45293301792026
0.9,4,0.75,one_day_reservation,5,2.9250000000000003,5328,1362,3966,0,7.379048041247744,0.6118316175421394,2186.0061091062794,2186.00610910628,-0.010921485493407166
0.9,4,0.75,unbounded,6,2.9250000000000003,5199,5199,0,5440.554176498631,5440.554176498631,2783.7696878432034,8360.554176498632,2920.0,13.619679850365992
0.9,4,0.75,one_day_reservation,6,2.9250000000000003,5199,1341,3858,1.4937156840593921,12.708072102691062,0.7661022346797478,2185.2642734791016,2183.7705577950437,0.016414458066586726
0.9,4,0.75,unbounded,7,2.9250000000000003,5288,5288,0,5641.57648241075,5641.57648241075,2897.7568606941545,8561.576482410754,2920.0,15.056664018182795
0.9,4,0.75,one_day_reservation,7,2.9250000000000003,5288,1349,3939,0,11.585613876459782,0.6763171537221788,2184.781843267853,2184.7818432678523,0.0
0.9,4,0.75,unbounded,8,2.9250000000000003,5216,5216,0,5552.404305120044,5552.404305120044,2783.9093483636084,8472.404305120046,2920.0,15.038856791639464
0.9,4,0.75,one_day_reservation,8,2.9250000000000003,5216,1341,3875,2.0183470568293007,10.839194141029104,0.7563859479929802,2157.694746400066,2155.676399343237,0.022179637987135174
0.9,4,0.75,unbounded,9,2.9250000000000003,5260,5260,0,5833.124057445688,5833.124057445688,2924.8212909444483,8753.124057445688,2920.0,15.863973983314281
0.9,4,0.75,one_day_reservation,9,2.9250000000000003,5260,1298,3962,0,12.274850053412003,1.0111145670696449,2218.7584359741713,2218.7584359741727,0.0
0.9,4,0.75,unbounded,10,2.9250000000000003,5370,5370,0,6011.332491908352,6011.332491908352,3043.6182844931045,8931.332491908353,2920.0,16.53407058452688
0.9,4,0.75,one_day_reservation,10,2.9250000000000003,5370,1319,4051,0,12.107976688699196,0.8670793534297224,2225.5952829839143,2225.595282983911,-0.019884332662398387
0.9,4,0.75,unbounded,11,2.9250000000000003,5256,5256,0,5666.916799072999,5666.916799072999,2864.115449398692,8586.916799072997,2920.0,15.422115340765082
0.9,4,0.75,one_day_reservation,11,2.9250000000000003,5256,1323,3933,0,12.158467192761979,0.8190506760876503,2148.2462606143276,2148.246260614328,0.0
0.9,4,0.75,unbounded,12,2.9250000000000003,5256,5256,0,5759.411134568383,5759.411134568383,2946.166975508868,8679.411134568387,2920.0,15.587141493922031
0.9,4,0.75,one_day_reservation,12,2.9250000000000003,5256,1339,3917,0,9.211753007122596,0.7378612180061337,2164.2252828467404,2164.2252828467413,0.0
0.9,4,0.75,unbounded,13,2.9250000000000003,5299,5299,0,5590.0633594316705,5590.0633594316705,2783.084631703395,8510.063359431675,2920.0,15.216599522921939
0.9,4,0.75,one_day_reservation,13,2.9250000000000003,5299,1323,3976,0.20788877912985448,14.538934982127422,0.8503521245635858,2215.800171101527,2215.5922823223964,0.0022844920783500495
0.9,4,0.75,unbounded,14,2.9250000000000003,5301,5301,0,5597.069843220663,5597.069843220663,2744.375407595857,8516.439532556618,2919.3696893359574,16.715663138356536
0.9,4,0.75,one_day_reservation,14,2.9250000000000003,5301,1353,3948,0.2576190842127346,12.921069143501139,0.6748676295905471,2155.4789097921016,2155.221290707889,0.002830978947392688
0.9,4,0.75,unbounded,15,2.9250000000000003,5296,5296,0,5702.826138779032,5702.826138779032,2881.70622409047,8622.82613877903,2920.0,15.576643882042395
0.9,4,0.75,one_day_reservation,15,2.9250000000000003,5296,1345,3951,0,11.886547382269981,0.7551094600387651,2177.3634878314215,2177.363487831421,0.0
0.9,4,0.75,unbounded,16,2.9250000000000003,5293,5293,0,5722.219742043993,5722.219742043993,2871.1476311431793,8642.219742043992,2920.0,15.436227339529058
0.9,4,0.75,one_day_reservation,16,2.9250000000000003,5293,1328,3965,0,13.968921358203051,0.8479624518246356,2192.553635460362,2192.5536354603623,0.0
0.9,4,0.75,unbounded,17,2.9250000000000003,5275,5275,0,5797.403379173616,5797.403379173616,2994.4824086435683,8717.403379173615,2920.0,15.312447075793568
0.9,4,0.75,one_day_reservation,17,2.9250000000000003,5275,1324,3951,0,10.981614816682871,0.8416623960183757,2225.2705417180646,2225.270541718064,0.0
0.9,4,0.75,unbounded,18,2.9250000000000003,5201,5201,0,5572.933846485737,5572.933846485737,2791.552678281542,8492.933846485743,2920.0,15.075659529212576
0.9,4,0.75,one_day_reservation,18,2.9250000000000003,5201,1325,3876,0,11.371054941996505,0.8098542807079221,2231.9430656716,2231.9430656715986,-0.028856560904174496
0.9,4,0.75,unbounded,19,2.9250000000000003,5227,5227,0,5505.973748695493,5505.973748695493,2804.8501380710136,8425.973748695495,2920.0,14.688865951408344
0.9,4,0.75,one_day_reservation,19,2.9250000000000003,5227,1336,3891,0,13.48840148376204,0.7957651416157554,2210.041470655805,2210.0414706558045,0.0
0.9,4,0.75,unbounded,20,2.9250000000000003,5187,5187,0,5501.367664055924,5501.367664055924,2792.539286778736,8421.367664055928,2920.0,15.33016684548393
0.9,4,0.75,one_day_reservation,20,2.9250000000000003,5187,1350,3837,0.42723292920581635,9.87394157783432,0.6964993253578817,2144.02890926678,2143.6016763375737,0.00469486735391007
0.9,4,0.75,unbounded,21,2.9250000000000003,5243,5243,0,5400.785298834073,5400.785298834073,2760.370639375384,8320.785298834064,2920.0,15.156712878997915
0.9,4,0.75,one_day_reservation,21,2.9250000000000003,5243,1349,3894,0,10.361295516643448,0.6946187227996966,2140.0629458768085,2140.0629458768085,0.0
0.9,4,0.75,unbounded,22,2.9250000000000003,5395,5395,0,5962.950740464957,5962.950740464957,3023.6717595180303,8882.950740464958,2920.0,15.943367255149557
0.9,4,0.75,one_day_reservation,22,2.9250000000000003,5395,1362,4033,0,10.87292100952514,0.6390395602590025,2158.1516334418898,2158.1516334418916,0.0
0.9,4,0.75,unbounded,23,2.9250000000000003,5388,5388,0,5674.644845540355,5674.644845540355,2914.162923151431,8594.64484554035,2920.0,14.317929963668725
0.9,4,0.75,one_day_reservation,23,2.9250000000000003,5388,1352,4036,2.497700016514674,9.983765285754824,0.6809942463294815,2154.262366443597,2151.7646664270833,0.027447252928732683
0.9,4,0.75,unbounded,24,2.9250000000000003,5246,5246,0,5782.685494966015,5782.685494966015,2847.8285195528742,8702.685494966006,2920.0,16.045065588402323
0.9,4,0.75,one_day_reservation,24,2.9250000000000003,5246,1330,3916,0,11.496209774477109,0.7996643831337324,2194.9417678711357,2194.941767871135,0.0
0.9,4,0.75,unbounded,25,2.9250000000000003,5187,5187,0,5704.622873975865,5704.622873975865,2939.51846836506,8624.622873975868,2920.0,15.293093844168242
0.9,4,0.75,one_day_reservation,25,2.9250000000000003,5187,1317,3870,0,13.923899633232072,0.8670861263335071,2131.35778098233,2131.35778098233,0.0
0.9,4,0.75,unbounded,26,2.9250000000000003,5410,5410,0,5676.251427380576,5676.251427380576,2818.4583905096456,8596.251427380574,2920.0,16.38421433375775
0.9,4,0.75,one_day_reservation,26,2.9250000000000003,5410,1374,4036,2.213402617829617,10.891086868082063,0.5840418730787762,2100.7566102435903,2098.5432076257607,-0.04762868741974907
0.9,4,0.75,unbounded,27,2.9250000000000003,5243,5243,0,5591.072336961276,5591.072336961276,2726.9098977250505,8511.072336961286,2920.0,16.285423317790865
0.9,4,0.75,one_day_reservation,27,2.9250000000000003,5243,1340,3903,0,11.103694733533295,0.7448754823428099,2213.708413255871,2213.7084132558707,0.0
0.9,4,0.75,unbounded,28,2.9250000000000003,5247,5247,0,5714.573353160005,5714.573353160005,2895.3470681039676,8629.733200381785,2915.1598472217806,15.765336592985017
0.9,4,0.75,one_day_reservation,28,2.9250000000000003,5247,1320,3927,0,10.276871933612806,0.8490135144144315,2203.3003967064924,2203.300396706491,-0.00031626298050164384
0.9,4,0.75,unbounded,29,2.9250000000000003,5258,5258,0,5705.487082570809,5705.487082570809,2925.7492843114974,8625.487082570813,2920.0,15.296045481839139
0.9,4,0.75,one_day_reservation,29,2.9250000000000003,5258,1348,3910,0,10.521645860655731,0.6782650278358038,2194.8077919216607,2194.807791921661,0.0
0.9,4,0.5,unbounded,0,2.025,5249,5249,0,3019.8865687078182,3019.8865687078182,1507.274002696484,5939.886568707821,2920.0,8.790601305164223
0.9,4,0.5,one_day_reservation,0,2.025,5249,2155,3094,1.9860323772688382,12.325996485057338,1.103191478207435,2469.244144060171,2467.258111682901,-0.011085011193573205
0.9,4,0.5,unbounded,1,2.025,5294,5294,0,3037.7249751020336,3037.7249751020336,1523.0152774735113,5957.724975102038,2920.0,8.742559495148631
0.9,4,0.5,one_day_reservation,1,2.025,5294,2144,3150,2.621655227392946,13.940806532922032,1.139908615088954,2448.492340994822,2445.87068576743,0.028809398103219187
0.9,4,0.5,unbounded,2,2.025,5146,5146,0,2927.413974407542,2927.413974407542,1398.6791634581066,5847.413974407548,2920.0,8.930369301932773
0.9,4,0.5,one_day_reservation,2,2.025,5146,2165,2981,0,12.459593415629708,1.053244235628869,2472.5244921969056,2472.5244921969024,0.0
0.9,4,0.5,unbounded,3,2.025,5238,5238,0,2918.662387731042,2918.662387731042,1468.1649408596327,5838.662387731041,2920.0,7.240803162097748
0.9,4,0.5,one_day_reservation,3,2.025,5238,2205,3033,0,12.00747566006659,0.9168707735261444,2402.7166653449667,2402.7166653449667,0.0
0.9,4,0.5,unbounded,4,2.025,5240,5240,0,2980.7955610267054,2980.7955610267054,1513.9261947071027,5900.795561026705,2920.0,7.788482813315233
0.9,4,0.5,one_day_reservation,4,2.025,5240,2167,3073,0,13.043082709287894,1.0518462888738764,2425.49808199913,2425.498081999131,0.0
0.9,4,0.5,unbounded,5,2.025,5328,5328,0,3159.0502089008623,3159.0502089008623,1584.516985510003,6079.050208900861,2920.0,8.949686458505377
0.9,4,0.5,one_day_reservation,5,2.025,5328,2196,3132,3.5199636999836414,8.880108014228888,0.9170806330046639,2523.7209444168266,2520.2009807168424,0.0011837778637046913
0.9,4,0.5,unbounded,6,2.025,5199,5199,0,2879.9952137086198,2879.9952137086198,1486.8788529168958,5798.035157168644,2918.039943460015,6.943983828713004
0.9,4,0.5,one_day_reservation,6,2.025,5199,2212,2987,0,8.978335083146394,0.9070651649020922,2458.478648776248,2458.4786487762485,0.0
0.9,4,0.5,unbounded,7,2.025,5288,5288,0,2994.0084234915826,2994.0084234915826,1546.0159950236095,5914.008423491582,2920.0,7.942390098547813
0.9,4,0.5,one_day_reservation,7,2.025,5288,2217,3071,0.27693111044478513,8.710537534242174,0.8451627121342988,2449.0793754508704,2448.8024443404247,0.00304319901587676
0.9,4,0.5,unbounded,8,2.025,5216,5216,0,2947.2717839953752,2947.2717839953752,1474.6425115504576,5867.2717839953775,2920.0,7.926892501497175
0.9,4,0.5,one_day_reservation,8,2.025,5216,2219,2997,1.5650241707702772,9.98309376768998,0.916464339015884,2462.6772039678276,2461.112179797057,0.017198067810662385
0.9,4,0.5,unbounded,9,2.025,5260,5260,0,3142.7683302386317,3142.7683302386317,1581.1957853298215,6062.404565917017,2919.636235678387,8.443082428161318
0.9,4,0.5,one_day_reservation,9,2.025,5260,2117,3143,0,11.356329966475393,1.2139690594404495,2480.390943966431,2480.3909439664317,0.0
0.9,4,0.5,unbounded,10,2.025,5370,5370,0,3273.261818343574,3273.261818343574,1664.1713645074165,6193.261818343571,2920.0,8.941223888284375
0.9,4,0.5,one_day_reservation,10,2.025,5370,2154,3216,0,9.667020707359569,1.0232271680115193,2512.0126386591414,2512.01263865914,-0.005896012708874362
0.9,4,0.5,unbounded,11,2.025,5256,5256,0,3021.4882715065582,3021.4882715065582,1527.8990995297902,5941.488271506559,2920.0,8.221806491144768
0.9,4,0.5,one_day_reservation,11,2.025,5256,2210,3046,1.3904104228441696,11.618986638835153,0.8761341693023602,2455.616433706372,2454.2260232835265,0.015279235415869995
0.9,4,0.5,unbounded,12,2.025,5256,5256,0,3099.3803867923216,3099.3803867923216,1599.412249026207,6019.380386792321,2920.0,8.290235479499383
0.9,4,0.5,one_day_reservation,12,2.025,5256,2168,3088,0,15.291523670577682,1.0105309697447864,2429.535425974343,2429.5354259743435,0.0
0.9,4,0.5,unbounded,13,2.025,5299,5299,0,2967.6498724932762,2967.6498724932762,1474.0425180499558,5887.649872493283,2920.0,8.063801367098701
0.9,4,0.5,one_day_reservation,13,2.025,5299,2203,3096,0.4556939352864866,10.965030525278106,0.9332751244588036,2457.5691334861826,2457.113439550898,0.005007625662488864
0.9,4,0.5,unbounded,14,2.025,5301,5301,0,3000.4158214402228,3000.4158214402228,1459.0818278329773,5916.866105245918,2916.450283805694,9.168755484327423
0.9,4,0.5,one_day_reservation,14,2.025,5301,2187,3114,0,11.911960837089424,0.9559212684944897,2419.910665937894,2419.910665937894,0.0
0.9,4,0.5,unbounded,15,2.025,5296,5296,0,3035.8859114177567,3035.8859114177567,1535.324877535547,5955.885911417757,2920.0,8.28872895122545
0.9,4,0.5,one_day_reservation,15,2.025,5296,2191,3105,0,11.019127746336526,0.9331144985788907,2473.408780884508,2473.4087808845056,0.0
0.9,4,0.5,unbounded,16,2.025,5293,5293,0,3067.140829190473,3067.140829190473,1535.9611200379686,5987.140829190475,2920.0,8.243381575219017
0.9,4,0.5,one_day_reservation,16,2.025,5293,2169,3124,0,10.434175886063212,1.0502544331235069,2494.364007329542,2494.3640073295387,0.0
0.9,4,0.5,unbounded,17,2.025,5275,5275,0,3114.1845376745164,3114.1845376745164,1623.3058237585183,6034.184537674512,2920.0,8.125595057550932
0.9,4,0.5,one_day_reservation,17,2.025,5275,2179,3096,1.6119558178553177,9.513924025902,0.9798343136698233,2481.5241866026445,2479.9122307847883,0.017713800196212284
0.9,4,0.5,unbounded,18,2.025,5201,5201,0,2965.920730906532,2965.920730906532,1484.7134724365783,5885.920730906535,2920.0,7.954308310562038
0.9,4,0.5,one_day_reservation,18,2.025,5201,2172,3029,0,10.034031185553875,0.9945311710062068,2487.245019454348,2487.245019454349,-0.003833110484667942
0.9,4,0.5,unbounded,19,2.025,5227,5227,0,2915.093762297994,2915.093762297994,1493.616170254412,5835.093762297995,2920.0,7.656546661367399
0.9,4,0.5,one_day_reservation,19,2.025,5227,2184,3043,0,11.740168386528712,0.9592231022578709,2465.5530043433937,2465.553004343395,0.0
0.9,4,0.5,unbounded,20,2.025,5187,5187,0,2936.957490898025,2936.957490898025,1496.4666628862499,5856.957490898021,2920.0,8.280879813125631
0.9,4,0.5,one_day_reservation,20,2.025,5187,2178,3009,2.5581083884189155,10.01214217143373,0.9801659694915025,2485.9578517486793,2483.3997433602585,0.018160938153145432
0.9,4,0.5,unbounded,21,2.025,5243,5243,0,2837.1570001871974,2837.1570001871974,1462.978505600835,5757.1570001872,2920.0,7.989901555808341
0.9,4,0.5,one_day_reservation,21,2.025,5243,2222,3021,0,11.202338666752034,0.8616892812483808,2432.3646812430015,2432.3646812430006,-0.0020215574164471847
0.9,4,0.5,unbounded,22,2.025,5395,5395,0,3236.194525113411,3236.194525113411,1643.7809136994945,6156.194525113412,2920.0,8.693747170411145
0.9,4,0.5,one_day_reservation,22,2.025,5395,2184,3211,0,10.212173460409158,0.9659007072204332,2415.4127946101567,2415.412794610157,0.0
0.9,4,0.5,unbounded,23,2.025,5388,5388,0,3015.05095184212,3015.05095184212,1561.144740345864,5935.050951842116,2920.0,7.390377811598078
0.9,4,0.5,one_day_reservation,23,2.025,5388,2205,3183,1.7851203571753622,10.169267431342739,0.896432887430633,2423.6032105748286,2421.8180902176546,0.019616707221707278
0.9,4,0.5,unbounded,24,2.025,5246,5246,0,3091.6364485537715,3091.6364485537715,1515.2685729050581,6011.636448553779,2920.0,8.550547836838508
0.9,4,0.5,one_day_reservation,24,2.025,5246,2172,3074,0.07177251005723839,9.46990089646716,0.9922654564780096,2482.9000700595334,2482.828297549476,0.0007887089017278944
0.9,4,0.5,unbounded,25,2.025,5187,5187,0,3053.663909901796,3053.663909901796,1590.4351476025147,5973.663909901794,2920.0,8.195825321065048
0.9,4,0.5,one_day_reservation,25,2.025,5187,2190,2997,0,14.406656973821526,1.004361084228867,2436.5207037687064,2436.520703768706,0.0
0.9,4,0.5,unbounded,26,2.025,5410,5410,0,3026.2141089844195,3026.2141089844195,1505.6865161375056,5946.214108984413,2920.0,8.729791070902108
0.9,4,0.5,one_day_reservation,26,2.025,5410,2226,3184,0.42835907102325166,12.317234360840512,0.8274228165383826,2405.621163165594,2405.19280409457,-0.06498343324053897
0.9,4,0.5,unbounded,27,2.025,5243,5243,0,2974.2114024367625,2974.2114024367625,1433.333922642631,5894.211402436764,2920.0,8.933703544823071
0.9,4,0.5,one_day_reservation,27,2.025,5243,2182,3061,1.1754738773686508,9.129271212204376,0.9557938834874026,2446.0363758781978,2444.860902000829,-0.04661700761011539
0.9,4,0.5,unbounded,28,2.025,5247,5247,0,3067.8152534410347,3067.8152534410347,1560.7962079350327,5981.92181825555,2914.1065648145204,8.4264505821339
0.9,4,0.5,one_day_reservation,28,2.025,5247,2132,3115,3.0551326367358005,12.300089789627059,1.1226007981106518,2482.2484633676863,2479.1933307309514,0.03233391756218696
0.9,4,0.5,unbounded,29,2.025,5258,5258,0,3057.7994018817603,3057.7994018817603,1576.2119472338939,5977.799401881761,2920.0,8.187248361033578
0.9,4,0.5,one_day_reservation,29,2.025,5258,2202,3056,0.47267630788798165,10.500776625086498,0.914403285629952,2488.319249889863,2487.846573581974,0.005194245141626172
