scenario,policy,retry,clones,capacity,requests,attempts,reliance_filter,hidden_control,reserve_repair,metric,mean,normal95_low,normal95_high,replicates
0,group_first,fixed_panel,1,3.0,12,3,all,False,False,completed_requests,2,1.7523906628610628,2.247609337138937,100
0,group_first,fixed_panel,1,3.0,12,3,all,False,False,unresolved_requests,10,9.752390662861062,10.247609337138938,100
0,group_first,fixed_panel,1,3.0,12,3,all,False,False,relied_requests,2,1.7523906628610628,2.247609337138937,100
0,group_first,fixed_panel,1,3.0,12,3,all,False,False,reservation_failures,27.41,26.89024058556974,27.92975941443026,100
0,group_first,fixed_panel,1,3.0,12,3,all,False,False,retry_attempts,20.74,20.228879347300303,21.251120652699694,100
0,group_first,fixed_panel,1,3.0,12,3,all,False,False,refuse_actors,3.1,2.7226264075444226,3.4773735924555775,100
0,group_first,fixed_panel,1,3.0,12,3,all,False,False,repaired_reliances,0.01,-0.0096,0.0296,100
0,group_first,fixed_panel,1,3.0,12,3,all,False,False,pending_repairs,1.72,1.5132476580323915,1.9267523419676085,100
0,group_first,fixed_panel,1,3.0,12,3,all,False,False,unnoticed_affected_reliances,0.27,0.16630525762624418,0.3736947423737559,100
0,group_first,fixed_panel,1,3.0,12,3,all,False,False,full_effort_completed_panels,0.62,0.4758353578702321,0.7641646421297679,100
0,group_first,fixed_panel,1,3.0,12,3,all,False,False,true_independent_completed_panels,2,1.7523906628610628,2.247609337138937,100
0,group_first,fixed_panel,1,3.0,12,3,all,False,False,total_hours,8.191300000000002,8.077649135778284,8.30495086422172,100
1,group_first,fixed_panel,1,3.0,12,3,all,False,True,completed_requests,1.39,1.2230945758638725,1.5569054241361273,100
1,group_first,fixed_panel,1,3.0,12,3,all,False,True,unresolved_requests,10.61,10.443094575863872,10.776905424136126,100
1,group_first,fixed_panel,1,3.0,12,3,all,False,True,relied_requests,1.39,1.2230945758638725,1.5569054241361273,100
1,group_first,fixed_panel,1,3.0,12,3,all,False,True,reservation_failures,30.19,29.835756600255383,30.54424339974462,100
1,group_first,fixed_panel,1,3.0,12,3,all,False,True,retry_attempts,21.51,21.160387576209473,21.85961242379053,100
1,group_first,fixed_panel,1,3.0,12,3,all,False,True,refuse_actors,1.77,1.5148955975260008,2.0251044024739993,100
1,group_first,fixed_panel,1,3.0,12,3,all,False,True,repaired_reliances,1.17,1.0333668274598593,1.3066331725401406,100
1,group_first,fixed_panel,1,3.0,12,3,all,False,True,pending_repairs,0.06,0.01321808171111536,0.10678191828888464,100
1,group_first,fixed_panel,1,3.0,12,3,all,False,True,unnoticed_affected_reliances,0.16,0.0777356417002804,0.2422643582997196,100
1,group_first,fixed_panel,1,3.0,12,3,all,False,True,full_effort_completed_panels,0.53,0.3950815974244605,0.6649184025755396,100
1,group_first,fixed_panel,1,3.0,12,3,all,False,True,true_independent_completed_panels,1.39,1.2230945758638725,1.5569054241361273,100
1,group_first,fixed_panel,1,3.0,12,3,all,False,True,total_hours,7.199200000000001,7.030933385133755,7.367466614866247,100
2,group_first,fixed_panel,1,8.0,12,3,all,False,False,completed_requests,6.03,5.64960001699434,6.410399983005661,100
2,group_first,fixed_panel,1,8.0,12,3,all,False,False,unresolved_requests,5.97,5.589600016994339,6.35039998300566,100
2,group_first,fixed_panel,1,8.0,12,3,all,False,False,relied_requests,6.03,5.64960001699434,6.410399983005661,100
2,group_first,fixed_panel,1,8.0,12,3,all,False,False,reservation_failures,11.99,11.043847088617717,12.936152911382283,100
2,group_first,fixed_panel,1,8.0,12,3,all,False,False,retry_attempts,14.87,14.092633161489273,15.647366838510726,100
2,group_first,fixed_panel,1,8.0,12,3,all,False,False,refuse_actors,8.43,7.775921697456194,9.084078302543805,100
2,group_first,fixed_panel,1,8.0,12,3,all,False,False,repaired_reliances,0.11,0.03684894278469264,0.18315105721530736,100
2,group_first,fixed_panel,1,8.0,12,3,all,False,False,pending_repairs,2.99,2.810546738309628,3.1694532616903723,100
2,group_first,fixed_panel,1,8.0,12,3,all,False,False,unnoticed_affected_reliances,2.93,2.613278790024279,3.2467212099757212,100
2,group_first,fixed_panel,1,8.0,12,3,all,False,False,full_effort_completed_panels,1.35,1.1179642138363006,1.5820357861636996,100
2,group_first,fixed_panel,1,8.0,12,3,all,False,False,true_independent_completed_panels,6.03,5.64960001699434,6.410399983005661,100
2,group_first,fixed_panel,1,8.0,12,3,all,False,False,total_hours,18.710900000000002,18.312073981980195,19.10972601801981,100
3,group_first,fixed_panel,1,8.0,12,3,all,False,True,completed_requests,5.32,4.957971649081613,5.6820283509183875,100
3,group_first,fixed_panel,1,8.0,12,3,all,False,True,unresolved_requests,6.68,6.3179716490816125,7.042028350918387,100
3,group_first,fixed_panel,1,8.0,12,3,all,False,True,relied_requests,5.32,4.957971649081613,5.6820283509183875,100
3,group_first,fixed_panel,1,8.0,12,3,all,False,True,reservation_failures,14.57,13.711236546956714,15.428763453043286,100
3,group_first,fixed_panel,1,8.0,12,3,all,False,True,retry_attempts,15.82,15.084321242702092,16.55567875729791,100
3,group_first,fixed_panel,1,8.0,12,3,all,False,True,refuse_actors,7.55,6.980181776282288,8.119818223717711,100
3,group_first,fixed_panel,1,8.0,12,3,all,False,True,repaired_reliances,1.98,1.9118753845344927,2.048124615465507,100
3,group_first,fixed_panel,1,8.0,12,3,all,False,True,pending_repairs,1.07,0.919320724582297,1.2206792754177032,100
3,group_first,fixed_panel,1,8.0,12,3,all,False,True,unnoticed_affected_reliances,2.27,1.9833782388941936,2.5566217611058066,100
3,group_first,fixed_panel,1,8.0,12,3,all,False,True,full_effort_completed_panels,1.24,1.0222063844142832,1.4577936155857167,100
3,group_first,fixed_panel,1,8.0,12,3,all,False,True,true_independent_completed_panels,5.32,4.957971649081613,5.6820283509183875,100
3,group_first,fixed_panel,1,8.0,12,3,all,False,True,total_hours,19.0214,18.705751902679484,19.337048097320515,100
4,group_first,fixed_panel,1,20.0,12,3,all,False,False,completed_requests,9.28,8.99172455371764,9.568275446282358,100
4,group_first,fixed_panel,1,20.0,12,3,all,False,False,unresolved_requests,2.72,2.431724553717642,3.0082754462823584,100
4,group_first,fixed_panel,1,20.0,12,3,all,False,False,relied_requests,9.28,8.99172455371764,9.568275446282358,100
4,group_first,fixed_panel,1,20.0,12,3,all,False,False,reservation_failures,0,0.0,0.0,100
4,group_first,fixed_panel,1,20.0,12,3,all,False,False,retry_attempts,9.72,9.11151612024706,10.328483879752941,100
4,group_first,fixed_panel,1,20.0,12,3,all,False,False,refuse_actors,11.79,10.955045205118893,12.624954794881106,100
4,group_first,fixed_panel,1,20.0,12,3,all,False,False,repaired_reliances,3.1,2.9411836712972304,3.25881632870277,100
4,group_first,fixed_panel,1,20.0,12,3,all,False,False,pending_repairs,0,0.0,0.0,100
4,group_first,fixed_panel,1,20.0,12,3,all,False,False,unnoticed_affected_reliances,6.18,5.951324848642261,6.4086751513577385,100
4,group_first,fixed_panel,1,20.0,12,3,all,False,False,full_effort_completed_panels,1.79,1.5450772242918065,2.0349227757081936,100
4,group_first,fixed_panel,1,20.0,12,3,all,False,False,true_independent_completed_panels,9.28,8.99172455371764,9.568275446282358,100
4,group_first,fixed_panel,1,20.0,12,3,all,False,False,total_hours,28.6314,28.18602091325508,29.076779086744917,100
5,group_first,fixed_panel,1,20.0,12,3,all,False,True,completed_requests,9.28,8.99172455371764,9.568275446282358,100
5,group_first,fixed_panel,1,20.0,12,3,all,False,True,unresolved_requests,2.72,2.431724553717642,3.0082754462823584,100
5,group_first,fixed_panel,1,20.0,12,3,all,False,True,relied_requests,9.28,8.99172455371764,9.568275446282358,100
5,group_first,fixed_panel,1,20.0,12,3,all,False,True,reservation_failures,0,0.0,0.0,100
5,group_first,fixed_panel,1,20.0,12,3,all,False,True,retry_attempts,9.72,9.11151612024706,10.328483879752941,100
5,group_first,fixed_panel,1,20.0,12,3,all,False,True,refuse_actors,11.79,10.955045205118893,12.624954794881106,100
5,group_first,fixed_panel,1,20.0,12,3,all,False,True,repaired_reliances,3.1,2.9411836712972304,3.25881632870277,100
5,group_first,fixed_panel,1,20.0,12,3,all,False,True,pending_repairs,0,0.0,0.0,100
5,group_first,fixed_panel,1,20.0,12,3,all,False,True,unnoticed_affected_reliances,6.18,5.951324848642261,6.4086751513577385,100
5,group_first,fixed_panel,1,20.0,12,3,all,False,True,full_effort_completed_panels,1.79,1.5450772242918065,2.0349227757081936,100
5,group_first,fixed_panel,1,20.0,12,3,all,False,True,true_independent_completed_panels,9.28,8.99172455371764,9.568275446282358,100
5,group_first,fixed_panel,1,20.0,12,3,all,False,True,total_hours,28.6314,28.18602091325508,29.076779086744917,100
6,group_first,fixed_panel,10,3.0,12,3,all,False,False,completed_requests,2,1.7523906628610628,2.247609337138937,100
6,group_first,fixed_panel,10,3.0,12,3,all,False,False,unresolved_requests,10,9.752390662861062,10.247609337138938,100
6,group_first,fixed_panel,10,3.0,12,3,all,False,False,relied_requests,2,1.7523906628610628,2.247609337138937,100
6,group_first,fixed_panel,10,3.0,12,3,all,False,False,reservation_failures,27.41,26.89024058556974,27.92975941443026,100
6,group_first,fixed_panel,10,3.0,12,3,all,False,False,retry_attempts,20.74,20.228879347300303,21.251120652699694,100
6,group_first,fixed_panel,10,3.0,12,3,all,False,False,refuse_actors,3.1,2.7226264075444226,3.4773735924555775,100
6,group_first,fixed_panel,10,3.0,12,3,all,False,False,repaired_reliances,0.01,-0.0096,0.0296,100
6,group_first,fixed_panel,10,3.0,12,3,all,False,False,pending_repairs,1.72,1.5132476580323915,1.9267523419676085,100
6,group_first,fixed_panel,10,3.0,12,3,all,False,False,unnoticed_affected_reliances,0.27,0.16630525762624418,0.3736947423737559,100
6,group_first,fixed_panel,10,3.0,12,3,all,False,False,full_effort_completed_panels,0.62,0.4758353578702321,0.7641646421297679,100
6,group_first,fixed_panel,10,3.0,12,3,all,False,False,true_independent_completed_panels,2,1.7523906628610628,2.247609337138937,100
6,group_first,fixed_panel,10,3.0,12,3,all,False,False,total_hours,8.191300000000002,8.077649135778284,8.30495086422172,100
7,group_first,fixed_panel,10,3.0,12,3,all,False,True,completed_requests,1.39,1.2230945758638725,1.5569054241361273,100
7,group_first,fixed_panel,10,3.0,12,3,all,False,True,unresolved_requests,10.61,10.443094575863872,10.776905424136126,100
7,group_first,fixed_panel,10,3.0,12,3,all,False,True,relied_requests,1.39,1.2230945758638725,1.5569054241361273,100
7,group_first,fixed_panel,10,3.0,12,3,all,False,True,reservation_failures,30.19,29.835756600255383,30.54424339974462,100
7,group_first,fixed_panel,10,3.0,12,3,all,False,True,retry_attempts,21.51,21.160387576209473,21.85961242379053,100
7,group_first,fixed_panel,10,3.0,12,3,all,False,True,refuse_actors,1.77,1.5148955975260008,2.0251044024739993,100
7,group_first,fixed_panel,10,3.0,12,3,all,False,True,repaired_reliances,1.17,1.0333668274598593,1.3066331725401406,100
7,group_first,fixed_panel,10,3.0,12,3,all,False,True,pending_repairs,0.06,0.01321808171111536,0.10678191828888464,100
7,group_first,fixed_panel,10,3.0,12,3,all,False,True,unnoticed_affected_reliances,0.16,0.0777356417002804,0.2422643582997196,100
7,group_first,fixed_panel,10,3.0,12,3,all,False,True,full_effort_completed_panels,0.53,0.3950815974244605,0.6649184025755396,100
7,group_first,fixed_panel,10,3.0,12,3,all,False,True,true_independent_completed_panels,1.39,1.2230945758638725,1.5569054241361273,100
7,group_first,fixed_panel,10,3.0,12,3,all,False,True,total_hours,7.199200000000001,7.030933385133755,7.367466614866247,100
8,group_first,fixed_panel,10,8.0,12,3,all,False,False,completed_requests,6.03,5.64960001699434,6.410399983005661,100
8,group_first,fixed_panel,10,8.0,12,3,all,False,False,unresolved_requests,5.97,5.589600016994339,6.35039998300566,100
8,group_first,fixed_panel,10,8.0,12,3,all,False,False,relied_requests,6.03,5.64960001699434,6.410399983005661,100
8,group_first,fixed_panel,10,8.0,12,3,all,False,False,reservation_failures,11.99,11.043847088617717,12.936152911382283,100
8,group_first,fixed_panel,10,8.0,12,3,all,False,False,retry_attempts,14.87,14.092633161489273,15.647366838510726,100
8,group_first,fixed_panel,10,8.0,12,3,all,False,False,refuse_actors,8.43,7.775921697456194,9.084078302543805,100
8,group_first,fixed_panel,10,8.0,12,3,all,False,False,repaired_reliances,0.11,0.03684894278469264,0.18315105721530736,100
8,group_first,fixed_panel,10,8.0,12,3,all,False,False,pending_repairs,2.99,2.810546738309628,3.1694532616903723,100
8,group_first,fixed_panel,10,8.0,12,3,all,False,False,unnoticed_affected_reliances,2.93,2.613278790024279,3.2467212099757212,100
8,group_first,fixed_panel,10,8.0,12,3,all,False,False,full_effort_completed_panels,1.35,1.1179642138363006,1.5820357861636996,100
8,group_first,fixed_panel,10,8.0,12,3,all,False,False,true_independent_completed_panels,6.03,5.64960001699434,6.410399983005661,100
8,group_first,fixed_panel,10,8.0,12,3,all,False,False,total_hours,18.710900000000002,18.312073981980195,19.10972601801981,100
9,group_first,fixed_panel,10,8.0,12,3,all,False,True,completed_requests,5.32,4.957971649081613,5.6820283509183875,100
9,group_first,fixed_panel,10,8.0,12,3,all,False,True,unresolved_requests,6.68,6.3179716490816125,7.042028350918387,100
9,group_first,fixed_panel,10,8.0,12,3,all,False,True,relied_requests,5.32,4.957971649081613,5.6820283509183875,100
9,group_first,fixed_panel,10,8.0,12,3,all,False,True,reservation_failures,14.57,13.711236546956714,15.428763453043286,100
9,group_first,fixed_panel,10,8.0,12,3,all,False,True,retry_attempts,15.82,15.084321242702092,16.55567875729791,100
9,group_first,fixed_panel,10,8.0,12,3,all,False,True,refuse_actors,7.55,6.980181776282288,8.119818223717711,100
9,group_first,fixed_panel,10,8.0,12,3,all,False,True,repaired_reliances,1.98,1.9118753845344927,2.048124615465507,100
9,group_first,fixed_panel,10,8.0,12,3,all,False,True,pending_repairs,1.07,0.919320724582297,1.2206792754177032,100
9,group_first,fixed_panel,10,8.0,12,3,all,False,True,unnoticed_affected_reliances,2.27,1.9833782388941936,2.5566217611058066,100
9,group_first,fixed_panel,10,8.0,12,3,all,False,True,full_effort_completed_panels,1.24,1.0222063844142832,1.4577936155857167,100
9,group_first,fixed_panel,10,8.0,12,3,all,False,True,true_independent_completed_panels,5.32,4.957971649081613,5.6820283509183875,100
9,group_first,fixed_panel,10,8.0,12,3,all,False,True,total_hours,19.0214,18.705751902679484,19.337048097320515,100
10,group_first,fixed_panel,10,20.0,12,3,all,False,False,completed_requests,9.28,8.99172455371764,9.568275446282358,100
10,group_first,fixed_panel,10,20.0,12,3,all,False,False,unresolved_requests,2.72,2.431724553717642,3.0082754462823584,100
10,group_first,fixed_panel,10,20.0,12,3,all,False,False,relied_requests,9.28,8.99172455371764,9.568275446282358,100
10,group_first,fixed_panel,10,20.0,12,3,all,False,False,reservation_failures,0,0.0,0.0,100
10,group_first,fixed_panel,10,20.0,12,3,all,False,False,retry_attempts,9.72,9.11151612024706,10.328483879752941,100
10,group_first,fixed_panel,10,20.0,12,3,all,False,False,refuse_actors,11.79,10.955045205118893,12.624954794881106,100
10,group_first,fixed_panel,10,20.0,12,3,all,False,False,repaired_reliances,3.1,2.9411836712972304,3.25881632870277,100
10,group_first,fixed_panel,10,20.0,12,3,all,False,False,pending_repairs,0,0.0,0.0,100
10,group_first,fixed_panel,10,20.0,12,3,all,False,False,unnoticed_affected_reliances,6.18,5.951324848642261,6.4086751513577385,100
10,group_first,fixed_panel,10,20.0,12,3,all,False,False,full_effort_completed_panels,1.79,1.5450772242918065,2.0349227757081936,100
10,group_first,fixed_panel,10,20.0,12,3,all,False,False,true_independent_completed_panels,9.28,8.99172455371764,9.568275446282358,100
10,group_first,fixed_panel,10,20.0,12,3,all,False,False,total_hours,28.6314,28.18602091325508,29.076779086744917,100
11,group_first,fixed_panel,10,20.0,12,3,all,False,True,completed_requests,9.28,8.99172455371764,9.568275446282358,100
11,group_first,fixed_panel,10,20.0,12,3,all,False,True,unresolved_requests,2.72,2.431724553717642,3.0082754462823584,100
11,group_first,fixed_panel,10,20.0,12,3,all,False,True,relied_requests,9.28,8.99172455371764,9.568275446282358,100
11,group_first,fixed_panel,10,20.0,12,3,all,False,True,reservation_failures,0,0.0,0.0,100
11,group_first,fixed_panel,10,20.0,12,3,all,False,True,retry_attempts,9.72,9.11151612024706,10.328483879752941,100
11,group_first,fixed_panel,10,20.0,12,3,all,False,True,refuse_actors,11.79,10.955045205118893,12.624954794881106,100
11,group_first,fixed_panel,10,20.0,12,3,all,False,True,repaired_reliances,3.1,2.9411836712972304,3.25881632870277,100
11,group_first,fixed_panel,10,20.0,12,3,all,False,True,pending_repairs,0,0.0,0.0,100
11,group_first,fixed_panel,10,20.0,12,3,all,False,True,unnoticed_affected_reliances,6.18,5.951324848642261,6.4086751513577385,100
11,group_first,fixed_panel,10,20.0,12,3,all,False,True,full_effort_completed_panels,1.79,1.5450772242918065,2.0349227757081936,100
11,group_first,fixed_panel,10,20.0,12,3,all,False,True,true_independent_completed_panels,9.28,8.99172455371764,9.568275446282358,100
11,group_first,fixed_panel,10,20.0,12,3,all,False,True,total_hours,28.6314,28.18602091325508,29.076779086744917,100
12,group_first,fixed_panel,100,3.0,12,3,all,False,False,completed_requests,2,1.7523906628610628,2.247609337138937,100
12,group_first,fixed_panel,100,3.0,12,3,all,False,False,unresolved_requests,10,9.752390662861062,10.247609337138938,100
12,group_first,fixed_panel,100,3.0,12,3,all,False,False,relied_requests,2,1.7523906628610628,2.247609337138937,100
12,group_first,fixed_panel,100,3.0,12,3,all,False,False,reservation_failures,27.41,26.89024058556974,27.92975941443026,100
12,group_first,fixed_panel,100,3.0,12,3,all,False,False,retry_attempts,20.74,20.228879347300303,21.251120652699694,100
12,group_first,fixed_panel,100,3.0,12,3,all,False,False,refuse_actors,3.1,2.7226264075444226,3.4773735924555775,100
12,group_first,fixed_panel,100,3.0,12,3,all,False,False,repaired_reliances,0.01,-0.0096,0.0296,100
12,group_first,fixed_panel,100,3.0,12,3,all,False,False,pending_repairs,1.72,1.5132476580323915,1.9267523419676085,100
12,group_first,fixed_panel,100,3.0,12,3,all,False,False,unnoticed_affected_reliances,0.27,0.16630525762624418,0.3736947423737559,100
12,group_first,fixed_panel,100,3.0,12,3,all,False,False,full_effort_completed_panels,0.62,0.4758353578702321,0.7641646421297679,100
12,group_first,fixed_panel,100,3.0,12,3,all,False,False,true_independent_completed_panels,2,1.7523906628610628,2.247609337138937,100
12,group_first,fixed_panel,100,3.0,12,3,all,False,False,total_hours,8.191300000000002,8.077649135778284,8.30495086422172,100
13,group_first,fixed_panel,100,3.0,12,3,all,False,True,completed_requests,1.39,1.2230945758638725,1.5569054241361273,100
13,group_first,fixed_panel,100,3.0,12,3,all,False,True,unresolved_requests,10.61,10.443094575863872,10.776905424136126,100
13,group_first,fixed_panel,100,3.0,12,3,all,False,True,relied_requests,1.39,1.2230945758638725,1.5569054241361273,100
13,group_first,fixed_panel,100,3.0,12,3,all,False,True,reservation_failures,30.19,29.835756600255383,30.54424339974462,100
13,group_first,fixed_panel,100,3.0,12,3,all,False,True,retry_attempts,21.51,21.160387576209473,21.85961242379053,100
13,group_first,fixed_panel,100,3.0,12,3,all,False,True,refuse_actors,1.77,1.5148955975260008,2.0251044024739993,100
13,group_first,fixed_panel,100,3.0,12,3,all,False,True,repaired_reliances,1.17,1.0333668274598593,1.3066331725401406,100
13,group_first,fixed_panel,100,3.0,12,3,all,False,True,pending_repairs,0.06,0.01321808171111536,0.10678191828888464,100
13,group_first,fixed_panel,100,3.0,12,3,all,False,True,unnoticed_affected_reliances,0.16,0.0777356417002804,0.2422643582997196,100
13,group_first,fixed_panel,100,3.0,12,3,all,False,True,full_effort_completed_panels,0.53,0.3950815974244605,0.6649184025755396,100
13,group_first,fixed_panel,100,3.0,12,3,all,False,True,true_independent_completed_panels,1.39,1.2230945758638725,1.5569054241361273,100
13,group_first,fixed_panel,100,3.0,12,3,all,False,True,total_hours,7.199200000000001,7.030933385133755,7.367466614866247,100
14,group_first,fixed_panel,100,8.0,12,3,all,False,False,completed_requests,6.03,5.64960001699434,6.410399983005661,100
14,group_first,fixed_panel,100,8.0,12,3,all,False,False,unresolved_requests,5.97,5.589600016994339,6.35039998300566,100
14,group_first,fixed_panel,100,8.0,12,3,all,False,False,relied_requests,6.03,5.64960001699434,6.410399983005661,100
14,group_first,fixed_panel,100,8.0,12,3,all,False,False,reservation_failures,11.99,11.043847088617717,12.936152911382283,100
14,group_first,fixed_panel,100,8.0,12,3,all,False,False,retry_attempts,14.87,14.092633161489273,15.647366838510726,100
14,group_first,fixed_panel,100,8.0,12,3,all,False,False,refuse_actors,8.43,7.775921697456194,9.084078302543805,100
14,group_first,fixed_panel,100,8.0,12,3,all,False,False,repaired_reliances,0.11,0.03684894278469264,0.18315105721530736,100
14,group_first,fixed_panel,100,8.0,12,3,all,False,False,pending_repairs,2.99,2.810546738309628,3.1694532616903723,100
14,group_first,fixed_panel,100,8.0,12,3,all,False,False,unnoticed_affected_reliances,2.93,2.613278790024279,3.2467212099757212,100
14,group_first,fixed_panel,100,8.0,12,3,all,False,False,full_effort_completed_panels,1.35,1.1179642138363006,1.5820357861636996,100
14,group_first,fixed_panel,100,8.0,12,3,all,False,False,true_independent_completed_panels,6.03,5.64960001699434,6.410399983005661,100
14,group_first,fixed_panel,100,8.0,12,3,all,False,False,total_hours,18.710900000000002,18.312073981980195,19.10972601801981,100
15,group_first,fixed_panel,100,8.0,12,3,all,False,True,completed_requests,5.32,4.957971649081613,5.6820283509183875,100
15,group_first,fixed_panel,100,8.0,12,3,all,False,True,unresolved_requests,6.68,6.3179716490816125,7.042028350918387,100
15,group_first,fixed_panel,100,8.0,12,3,all,False,True,relied_requests,5.32,4.957971649081613,5.6820283509183875,100
15,group_first,fixed_panel,100,8.0,12,3,all,False,True,reservation_failures,14.57,13.711236546956714,15.428763453043286,100
15,group_first,fixed_panel,100,8.0,12,3,all,False,True,retry_attempts,15.82,15.084321242702092,16.55567875729791,100
15,group_first,fixed_panel,100,8.0,12,3,all,False,True,refuse_actors,7.55,6.980181776282288,8.119818223717711,100
15,group_first,fixed_panel,100,8.0,12,3,all,False,True,repaired_reliances,1.98,1.9118753845344927,2.048124615465507,100
15,group_first,fixed_panel,100,8.0,12,3,all,False,True,pending_repairs,1.07,0.919320724582297,1.2206792754177032,100
15,group_first,fixed_panel,100,8.0,12,3,all,False,True,unnoticed_affected_reliances,2.27,1.9833782388941936,2.5566217611058066,100
15,group_first,fixed_panel,100,8.0,12,3,all,False,True,full_effort_completed_panels,1.24,1.0222063844142832,1.4577936155857167,100
15,group_first,fixed_panel,100,8.0,12,3,all,False,True,true_independent_completed_panels,5.32,4.957971649081613,5.6820283509183875,100
15,group_first,fixed_panel,100,8.0,12,3,all,False,True,total_hours,19.0214,18.705751902679484,19.337048097320515,100
16,group_first,fixed_panel,100,20.0,12,3,all,False,False,completed_requests,9.28,8.99172455371764,9.568275446282358,100
16,group_first,fixed_panel,100,20.0,12,3,all,False,False,unresolved_requests,2.72,2.431724553717642,3.0082754462823584,100
16,group_first,fixed_panel,100,20.0,12,3,all,False,False,relied_requests,9.28,8.99172455371764,9.568275446282358,100
16,group_first,fixed_panel,100,20.0,12,3,all,False,False,reservation_failures,0,0.0,0.0,100
16,group_first,fixed_panel,100,20.0,12,3,all,False,False,retry_attempts,9.72,9.11151612024706,10.328483879752941,100
16,group_first,fixed_panel,100,20.0,12,3,all,False,False,refuse_actors,11.79,10.955045205118893,12.624954794881106,100
16,group_first,fixed_panel,100,20.0,12,3,all,False,False,repaired_reliances,3.1,2.9411836712972304,3.25881632870277,100
16,group_first,fixed_panel,100,20.0,12,3,all,False,False,pending_repairs,0,0.0,0.0,100
16,group_first,fixed_panel,100,20.0,12,3,all,False,False,unnoticed_affected_reliances,6.18,5.951324848642261,6.4086751513577385,100
16,group_first,fixed_panel,100,20.0,12,3,all,False,False,full_effort_completed_panels,1.79,1.5450772242918065,2.0349227757081936,100
16,group_first,fixed_panel,100,20.0,12,3,all,False,False,true_independent_completed_panels,9.28,8.99172455371764,9.568275446282358,100
16,group_first,fixed_panel,100,20.0,12,3,all,False,False,total_hours,28.6314,28.18602091325508,29.076779086744917,100
17,group_first,fixed_panel,100,20.0,12,3,all,False,True,completed_requests,9.28,8.99172455371764,9.568275446282358,100
17,group_first,fixed_panel,100,20.0,12,3,all,False,True,unresolved_requests,2.72,2.431724553717642,3.0082754462823584,100
17,group_first,fixed_panel,100,20.0,12,3,all,False,True,relied_requests,9.28,8.99172455371764,9.568275446282358,100
17,group_first,fixed_panel,100,20.0,12,3,all,False,True,reservation_failures,0,0.0,0.0,100
17,group_first,fixed_panel,100,20.0,12,3,all,False,True,retry_attempts,9.72,9.11151612024706,10.328483879752941,100
17,group_first,fixed_panel,100,20.0,12,3,all,False,True,refuse_actors,11.79,10.955045205118893,12.624954794881106,100
17,group_first,fixed_panel,100,20.0,12,3,all,False,True,repaired_reliances,3.1,2.9411836712972304,3.25881632870277,100
17,group_first,fixed_panel,100,20.0,12,3,all,False,True,pending_repairs,0,0.0,0.0,100
17,group_first,fixed_panel,100,20.0,12,3,all,False,True,unnoticed_affected_reliances,6.18,5.951324848642261,6.4086751513577385,100
17,group_first,fixed_panel,100,20.0,12,3,all,False,True,full_effort_completed_panels,1.79,1.5450772242918065,2.0349227757081936,100
17,group_first,fixed_panel,100,20.0,12,3,all,False,True,true_independent_completed_panels,9.28,8.99172455371764,9.568275446282358,100
17,group_first,fixed_panel,100,20.0,12,3,all,False,True,total_hours,28.6314,28.18602091325508,29.076779086744917,100
18,group_first,reroll,1,3.0,12,3,all,False,False,completed_requests,2.09,1.8908672581193917,2.289132741880608,100
18,group_first,reroll,1,3.0,12,3,all,False,False,unresolved_requests,9.91,9.710867258119393,10.109132741880607,100
18,group_first,reroll,1,3.0,12,3,all,False,False,relied_requests,2.09,1.8908672581193917,2.289132741880608,100
18,group_first,reroll,1,3.0,12,3,all,False,False,reservation_failures,28.01,27.590740626072282,28.42925937392772,100
18,group_first,reroll,1,3.0,12,3,all,False,False,retry_attempts,20.86,20.43201566346041,21.287984336539587,100
18,group_first,reroll,1,3.0,12,3,all,False,False,refuse_actors,2.54,2.2459406120587824,2.8340593879412177,100
18,group_first,reroll,1,3.0,12,3,all,False,False,repaired_reliances,0,0.0,0.0,100
18,group_first,reroll,1,3.0,12,3,all,False,False,pending_repairs,2,1.8069925421444062,2.1930074578555936,100
18,group_first,reroll,1,3.0,12,3,all,False,False,unnoticed_affected_reliances,0.09,0.027118112964290605,0.15288188703570937,100
18,group_first,reroll,1,3.0,12,3,all,False,False,full_effort_completed_panels,0.95,0.8042426258427653,1.0957573741572346,100
18,group_first,reroll,1,3.0,12,3,all,False,False,true_independent_completed_panels,2.09,1.8908672581193917,2.289132741880608,100
18,group_first,reroll,1,3.0,12,3,all,False,False,total_hours,8.0607,7.963558935894675,8.157841064105327,100
19,group_first,reroll,1,3.0,12,3,all,False,True,completed_requests,1.44,1.2816240810060704,1.5983759189939295,100
19,group_first,reroll,1,3.0,12,3,all,False,True,unresolved_requests,10.56,10.401624081006071,10.71837591899393,100
19,group_first,reroll,1,3.0,12,3,all,False,True,relied_requests,1.44,1.2816240810060704,1.5983759189939295,100
19,group_first,reroll,1,3.0,12,3,all,False,True,reservation_failures,30.57,30.242437712608407,30.897562287391594,100
19,group_first,reroll,1,3.0,12,3,all,False,True,retry_attempts,21.76,21.42556201462662,22.094437985373382,100
19,group_first,reroll,1,3.0,12,3,all,False,True,refuse_actors,1.6,1.380644101741006,1.8193558982589941,100
19,group_first,reroll,1,3.0,12,3,all,False,True,repaired_reliances,1.35,1.21531188289649,1.4846881171035102,100
19,group_first,reroll,1,3.0,12,3,all,False,True,pending_repairs,0.06,0.01321808171111536,0.10678191828888464,100
19,group_first,reroll,1,3.0,12,3,all,False,True,unnoticed_affected_reliances,0.03,-0.003603535167561997,0.063603535167562,100
19,group_first,reroll,1,3.0,12,3,all,False,True,full_effort_completed_panels,0.7,0.5708267157120429,0.829173284287957,100
19,group_first,reroll,1,3.0,12,3,all,False,True,true_independent_completed_panels,1.44,1.2816240810060704,1.5983759189939295,100
19,group_first,reroll,1,3.0,12,3,all,False,True,total_hours,7.370700000000001,7.197941421046069,7.543458578953933,100
20,group_first,reroll,1,8.0,12,3,all,False,False,completed_requests,6.82,6.480655233865277,7.159344766134724,100
20,group_first,reroll,1,8.0,12,3,all,False,False,unresolved_requests,5.18,4.840655233865276,5.519344766134723,100
20,group_first,reroll,1,8.0,12,3,all,False,False,relied_requests,6.82,6.480655233865277,7.159344766134724,100
20,group_first,reroll,1,8.0,12,3,all,False,False,reservation_failures,11.34,10.590297897276336,12.089702102723663,100
20,group_first,reroll,1,8.0,12,3,all,False,False,retry_attempts,14.43,13.677696331461178,15.182303668538822,100
20,group_first,reroll,1,8.0,12,3,all,False,False,refuse_actors,7.68,7.183310391418617,8.176689608581382,100
20,group_first,reroll,1,8.0,12,3,all,False,False,repaired_reliances,0,0.0,0.0,100
20,group_first,reroll,1,8.0,12,3,all,False,False,pending_repairs,3.47,3.3379890362679885,3.602010963732012,100
20,group_first,reroll,1,8.0,12,3,all,False,False,unnoticed_affected_reliances,3.35,3.0507671087057386,3.6492328912942615,100
20,group_first,reroll,1,8.0,12,3,all,False,False,full_effort_completed_panels,2.11,1.9275445636254531,2.2924554363745466,100
20,group_first,reroll,1,8.0,12,3,all,False,False,true_independent_completed_panels,6.82,6.480655233865277,7.159344766134724,100
20,group_first,reroll,1,8.0,12,3,all,False,False,total_hours,19.476100000000002,19.272402653432536,19.67979734656747,100
21,group_first,reroll,1,8.0,12,3,all,False,True,completed_requests,5.88,5.543065138927328,6.216934861072672,100
21,group_first,reroll,1,8.0,12,3,all,False,True,unresolved_requests,6.12,5.783065138927328,6.456934861072672,100
21,group_first,reroll,1,8.0,12,3,all,False,True,relied_requests,5.88,5.543065138927328,6.216934861072672,100
21,group_first,reroll,1,8.0,12,3,all,False,True,reservation_failures,14.49,13.759022739095398,15.220977260904602,100
21,group_first,reroll,1,8.0,12,3,all,False,True,retry_attempts,15.66,14.940944678095214,16.379055321904787,100
21,group_first,reroll,1,8.0,12,3,all,False,True,refuse_actors,6.79,6.311280058674988,7.268719941325012,100
21,group_first,reroll,1,8.0,12,3,all,False,True,repaired_reliances,1.99,1.9704,2.0096,100
21,group_first,reroll,1,8.0,12,3,all,False,True,pending_repairs,1.45,1.318224402559472,1.5817755974405279,100
21,group_first,reroll,1,8.0,12,3,all,False,True,unnoticed_affected_reliances,2.44,2.154103461533598,2.725896538466402,100
21,group_first,reroll,1,8.0,12,3,all,False,True,full_effort_completed_panels,1.95,1.7729851344483671,2.1270148655516325,100
21,group_first,reroll,1,8.0,12,3,all,False,True,true_independent_completed_panels,5.88,5.543065138927328,6.216934861072672,100
21,group_first,reroll,1,8.0,12,3,all,False,True,total_hours,19.5867,19.423019212255912,19.75038078774409,100
22,group_first,reroll,1,20.0,12,3,all,False,False,completed_requests,10.55,10.344575089291991,10.75542491070801,100
22,group_first,reroll,1,20.0,12,3,all,False,False,unresolved_requests,1.45,1.2445750892919898,1.6554249107080101,100
22,group_first,reroll,1,20.0,12,3,all,False,False,relied_requests,10.55,10.344575089291991,10.75542491070801,100
22,group_first,reroll,1,20.0,12,3,all,False,False,reservation_failures,0,0.0,0.0,100
22,group_first,reroll,1,20.0,12,3,all,False,False,retry_attempts,8.77,8.21085061572117,9.329149384278828,100
22,group_first,reroll,1,20.0,12,3,all,False,False,refuse_actors,9.37,8.712135771583297,10.027864228416702,100
22,group_first,reroll,1,20.0,12,3,all,False,False,repaired_reliances,3.48,3.3508868102881206,3.6091131897118793,100
22,group_first,reroll,1,20.0,12,3,all,False,False,pending_repairs,0,0.0,0.0,100
22,group_first,reroll,1,20.0,12,3,all,False,False,unnoticed_affected_reliances,7.07,6.902259695669259,7.237740304330742,100
22,group_first,reroll,1,20.0,12,3,all,False,False,full_effort_completed_panels,2.63,2.4148323895051567,2.845167610494843,100
22,group_first,reroll,1,20.0,12,3,all,False,False,true_independent_completed_panels,10.55,10.344575089291991,10.75542491070801,100
22,group_first,reroll,1,20.0,12,3,all,False,False,total_hours,29.7839,29.39737546934689,30.170424530653108,100
23,group_first,reroll,1,20.0,12,3,all,False,True,completed_requests,10.55,10.344575089291991,10.75542491070801,100
23,group_first,reroll,1,20.0,12,3,all,False,True,unresolved_requests,1.45,1.2445750892919898,1.6554249107080101,100
23,group_first,reroll,1,20.0,12,3,all,False,True,relied_requests,10.55,10.344575089291991,10.75542491070801,100
23,group_first,reroll,1,20.0,12,3,all,False,True,reservation_failures,0,0.0,0.0,100
23,group_first,reroll,1,20.0,12,3,all,False,True,retry_attempts,8.77,8.21085061572117,9.329149384278828,100
23,group_first,reroll,1,20.0,12,3,all,False,True,refuse_actors,9.37,8.712135771583297,10.027864228416702,100
23,group_first,reroll,1,20.0,12,3,all,False,True,repaired_reliances,3.48,3.3508868102881206,3.6091131897118793,100
23,group_first,reroll,1,20.0,12,3,all,False,True,pending_repairs,0,0.0,0.0,100
23,group_first,reroll,1,20.0,12,3,all,False,True,unnoticed_affected_reliances,7.07,6.902259695669259,7.237740304330742,100
23,group_first,reroll,1,20.0,12,3,all,False,True,full_effort_completed_panels,2.63,2.4148323895051567,2.845167610494843,100
23,group_first,reroll,1,20.0,12,3,all,False,True,true_independent_completed_panels,10.55,10.344575089291991,10.75542491070801,100
23,group_first,reroll,1,20.0,12,3,all,False,True,total_hours,29.7839,29.39737546934689,30.170424530653108,100
24,group_first,reroll,10,3.0,12,3,all,False,False,completed_requests,2.09,1.8908672581193917,2.289132741880608,100
24,group_first,reroll,10,3.0,12,3,all,False,False,unresolved_requests,9.91,9.710867258119393,10.109132741880607,100
24,group_first,reroll,10,3.0,12,3,all,False,False,relied_requests,2.09,1.8908672581193917,2.289132741880608,100
24,group_first,reroll,10,3.0,12,3,all,False,False,reservation_failures,28.01,27.590740626072282,28.42925937392772,100
24,group_first,reroll,10,3.0,12,3,all,False,False,retry_attempts,20.86,20.43201566346041,21.287984336539587,100
24,group_first,reroll,10,3.0,12,3,all,False,False,refuse_actors,2.54,2.2459406120587824,2.8340593879412177,100
24,group_first,reroll,10,3.0,12,3,all,False,False,repaired_reliances,0,0.0,0.0,100
24,group_first,reroll,10,3.0,12,3,all,False,False,pending_repairs,2,1.8069925421444062,2.1930074578555936,100
24,group_first,reroll,10,3.0,12,3,all,False,False,unnoticed_affected_reliances,0.09,0.027118112964290605,0.15288188703570937,100
24,group_first,reroll,10,3.0,12,3,all,False,False,full_effort_completed_panels,0.95,0.8042426258427653,1.0957573741572346,100
24,group_first,reroll,10,3.0,12,3,all,False,False,true_independent_completed_panels,2.09,1.8908672581193917,2.289132741880608,100
24,group_first,reroll,10,3.0,12,3,all,False,False,total_hours,8.0607,7.963558935894675,8.157841064105327,100
25,group_first,reroll,10,3.0,12,3,all,False,True,completed_requests,1.44,1.2816240810060704,1.5983759189939295,100
25,group_first,reroll,10,3.0,12,3,all,False,True,unresolved_requests,10.56,10.401624081006071,10.71837591899393,100
25,group_first,reroll,10,3.0,12,3,all,False,True,relied_requests,1.44,1.2816240810060704,1.5983759189939295,100
25,group_first,reroll,10,3.0,12,3,all,False,True,reservation_failures,30.57,30.242437712608407,30.897562287391594,100
25,group_first,reroll,10,3.0,12,3,all,False,True,retry_attempts,21.76,21.42556201462662,22.094437985373382,100
25,group_first,reroll,10,3.0,12,3,all,False,True,refuse_actors,1.6,1.380644101741006,1.8193558982589941,100
25,group_first,reroll,10,3.0,12,3,all,False,True,repaired_reliances,1.35,1.21531188289649,1.4846881171035102,100
25,group_first,reroll,10,3.0,12,3,all,False,True,pending_repairs,0.06,0.01321808171111536,0.10678191828888464,100
25,group_first,reroll,10,3.0,12,3,all,False,True,unnoticed_affected_reliances,0.03,-0.003603535167561997,0.063603535167562,100
25,group_first,reroll,10,3.0,12,3,all,False,True,full_effort_completed_panels,0.7,0.5708267157120429,0.829173284287957,100
25,group_first,reroll,10,3.0,12,3,all,False,True,true_independent_completed_panels,1.44,1.2816240810060704,1.5983759189939295,100
25,group_first,reroll,10,3.0,12,3,all,False,True,total_hours,7.370700000000001,7.197941421046069,7.543458578953933,100
26,group_first,reroll,10,8.0,12,3,all,False,False,completed_requests,6.82,6.480655233865277,7.159344766134724,100
26,group_first,reroll,10,8.0,12,3,all,False,False,unresolved_requests,5.18,4.840655233865276,5.519344766134723,100
26,group_first,reroll,10,8.0,12,3,all,False,False,relied_requests,6.82,6.480655233865277,7.159344766134724,100
26,group_first,reroll,10,8.0,12,3,all,False,False,reservation_failures,11.34,10.590297897276336,12.089702102723663,100
26,group_first,reroll,10,8.0,12,3,all,False,False,retry_attempts,14.43,13.677696331461178,15.182303668538822,100
26,group_first,reroll,10,8.0,12,3,all,False,False,refuse_actors,7.68,7.183310391418617,8.176689608581382,100
26,group_first,reroll,10,8.0,12,3,all,False,False,repaired_reliances,0,0.0,0.0,100
26,group_first,reroll,10,8.0,12,3,all,False,False,pending_repairs,3.47,3.3379890362679885,3.602010963732012,100
26,group_first,reroll,10,8.0,12,3,all,False,False,unnoticed_affected_reliances,3.35,3.0507671087057386,3.6492328912942615,100
26,group_first,reroll,10,8.0,12,3,all,False,False,full_effort_completed_panels,2.11,1.9275445636254531,2.2924554363745466,100
26,group_first,reroll,10,8.0,12,3,all,False,False,true_independent_completed_panels,6.82,6.480655233865277,7.159344766134724,100
26,group_first,reroll,10,8.0,12,3,all,False,False,total_hours,19.476100000000002,19.272402653432536,19.67979734656747,100
27,group_first,reroll,10,8.0,12,3,all,False,True,completed_requests,5.88,5.543065138927328,6.216934861072672,100
27,group_first,reroll,10,8.0,12,3,all,False,True,unresolved_requests,6.12,5.783065138927328,6.456934861072672,100
27,group_first,reroll,10,8.0,12,3,all,False,True,relied_requests,5.88,5.543065138927328,6.216934861072672,100
27,group_first,reroll,10,8.0,12,3,all,False,True,reservation_failures,14.49,13.759022739095398,15.220977260904602,100
27,group_first,reroll,10,8.0,12,3,all,False,True,retry_attempts,15.66,14.940944678095214,16.379055321904787,100
27,group_first,reroll,10,8.0,12,3,all,False,True,refuse_actors,6.79,6.311280058674988,7.268719941325012,100
27,group_first,reroll,10,8.0,12,3,all,False,True,repaired_reliances,1.99,1.9704,2.0096,100
27,group_first,reroll,10,8.0,12,3,all,False,True,pending_repairs,1.45,1.318224402559472,1.5817755974405279,100
27,group_first,reroll,10,8.0,12,3,all,False,True,unnoticed_affected_reliances,2.44,2.154103461533598,2.725896538466402,100
27,group_first,reroll,10,8.0,12,3,all,False,True,full_effort_completed_panels,1.95,1.7729851344483671,2.1270148655516325,100
27,group_first,reroll,10,8.0,12,3,all,False,True,true_independent_completed_panels,5.88,5.543065138927328,6.216934861072672,100
27,group_first,reroll,10,8.0,12,3,all,False,True,total_hours,19.5867,19.423019212255912,19.75038078774409,100
28,group_first,reroll,10,20.0,12,3,all,False,False,completed_requests,10.55,10.344575089291991,10.75542491070801,100
28,group_first,reroll,10,20.0,12,3,all,False,False,unresolved_requests,1.45,1.2445750892919898,1.6554249107080101,100
28,group_first,reroll,10,20.0,12,3,all,False,False,relied_requests,10.55,10.344575089291991,10.75542491070801,100
28,group_first,reroll,10,20.0,12,3,all,False,False,reservation_failures,0,0.0,0.0,100
28,group_first,reroll,10,20.0,12,3,all,False,False,retry_attempts,8.77,8.21085061572117,9.329149384278828,100
28,group_first,reroll,10,20.0,12,3,all,False,False,refuse_actors,9.37,8.712135771583297,10.027864228416702,100
28,group_first,reroll,10,20.0,12,3,all,False,False,repaired_reliances,3.48,3.3508868102881206,3.6091131897118793,100
28,group_first,reroll,10,20.0,12,3,all,False,False,pending_repairs,0,0.0,0.0,100
28,group_first,reroll,10,20.0,12,3,all,False,False,unnoticed_affected_reliances,7.07,6.902259695669259,7.237740304330742,100
28,group_first,reroll,10,20.0,12,3,all,False,False,full_effort_completed_panels,2.63,2.4148323895051567,2.845167610494843,100
28,group_first,reroll,10,20.0,12,3,all,False,False,true_independent_completed_panels,10.55,10.344575089291991,10.75542491070801,100
28,group_first,reroll,10,20.0,12,3,all,False,False,total_hours,29.7839,29.39737546934689,30.170424530653108,100
29,group_first,reroll,10,20.0,12,3,all,False,True,completed_requests,10.55,10.344575089291991,10.75542491070801,100
29,group_first,reroll,10,20.0,12,3,all,False,True,unresolved_requests,1.45,1.2445750892919898,1.6554249107080101,100
29,group_first,reroll,10,20.0,12,3,all,False,True,relied_requests,10.55,10.344575089291991,10.75542491070801,100
29,group_first,reroll,10,20.0,12,3,all,False,True,reservation_failures,0,0.0,0.0,100
29,group_first,reroll,10,20.0,12,3,all,False,True,retry_attempts,8.77,8.21085061572117,9.329149384278828,100
29,group_first,reroll,10,20.0,12,3,all,False,True,refuse_actors,9.37,8.712135771583297,10.027864228416702,100
29,group_first,reroll,10,20.0,12,3,all,False,True,repaired_reliances,3.48,3.3508868102881206,3.6091131897118793,100
29,group_first,reroll,10,20.0,12,3,all,False,True,pending_repairs,0,0.0,0.0,100
29,group_first,reroll,10,20.0,12,3,all,False,True,unnoticed_affected_reliances,7.07,6.902259695669259,7.237740304330742,100
29,group_first,reroll,10,20.0,12,3,all,False,True,full_effort_completed_panels,2.63,2.4148323895051567,2.845167610494843,100
29,group_first,reroll,10,20.0,12,3,all,False,True,true_independent_completed_panels,10.55,10.344575089291991,10.75542491070801,100
29,group_first,reroll,10,20.0,12,3,all,False,True,total_hours,29.7839,29.39737546934689,30.170424530653108,100
30,group_first,reroll,100,3.0,12,3,all,False,False,completed_requests,2.09,1.8908672581193917,2.289132741880608,100
30,group_first,reroll,100,3.0,12,3,all,False,False,unresolved_requests,9.91,9.710867258119393,10.109132741880607,100
30,group_first,reroll,100,3.0,12,3,all,False,False,relied_requests,2.09,1.8908672581193917,2.289132741880608,100
30,group_first,reroll,100,3.0,12,3,all,False,False,reservation_failures,28.01,27.590740626072282,28.42925937392772,100
30,group_first,reroll,100,3.0,12,3,all,False,False,retry_attempts,20.86,20.43201566346041,21.287984336539587,100
30,group_first,reroll,100,3.0,12,3,all,False,False,refuse_actors,2.54,2.2459406120587824,2.8340593879412177,100
30,group_first,reroll,100,3.0,12,3,all,False,False,repaired_reliances,0,0.0,0.0,100
30,group_first,reroll,100,3.0,12,3,all,False,False,pending_repairs,2,1.8069925421444062,2.1930074578555936,100
30,group_first,reroll,100,3.0,12,3,all,False,False,unnoticed_affected_reliances,0.09,0.027118112964290605,0.15288188703570937,100
30,group_first,reroll,100,3.0,12,3,all,False,False,full_effort_completed_panels,0.95,0.8042426258427653,1.0957573741572346,100
30,group_first,reroll,100,3.0,12,3,all,False,False,true_independent_completed_panels,2.09,1.8908672581193917,2.289132741880608,100
30,group_first,reroll,100,3.0,12,3,all,False,False,total_hours,8.0607,7.963558935894675,8.157841064105327,100
31,group_first,reroll,100,3.0,12,3,all,False,True,completed_requests,1.44,1.2816240810060704,1.5983759189939295,100
31,group_first,reroll,100,3.0,12,3,all,False,True,unresolved_requests,10.56,10.401624081006071,10.71837591899393,100
31,group_first,reroll,100,3.0,12,3,all,False,True,relied_requests,1.44,1.2816240810060704,1.5983759189939295,100
31,group_first,reroll,100,3.0,12,3,all,False,True,reservation_failures,30.57,30.242437712608407,30.897562287391594,100
31,group_first,reroll,100,3.0,12,3,all,False,True,retry_attempts,21.76,21.42556201462662,22.094437985373382,100
31,group_first,reroll,100,3.0,12,3,all,False,True,refuse_actors,1.6,1.380644101741006,1.8193558982589941,100
31,group_first,reroll,100,3.0,12,3,all,False,True,repaired_reliances,1.35,1.21531188289649,1.4846881171035102,100
31,group_first,reroll,100,3.0,12,3,all,False,True,pending_repairs,0.06,0.01321808171111536,0.10678191828888464,100
31,group_first,reroll,100,3.0,12,3,all,False,True,unnoticed_affected_reliances,0.03,-0.003603535167561997,0.063603535167562,100
31,group_first,reroll,100,3.0,12,3,all,False,True,full_effort_completed_panels,0.7,0.5708267157120429,0.829173284287957,100
31,group_first,reroll,100,3.0,12,3,all,False,True,true_independent_completed_panels,1.44,1.2816240810060704,1.5983759189939295,100
31,group_first,reroll,100,3.0,12,3,all,False,True,total_hours,7.370700000000001,7.197941421046069,7.543458578953933,100
32,group_first,reroll,100,8.0,12,3,all,False,False,completed_requests,6.82,6.480655233865277,7.159344766134724,100
32,group_first,reroll,100,8.0,12,3,all,False,False,unresolved_requests,5.18,4.840655233865276,5.519344766134723,100
32,group_first,reroll,100,8.0,12,3,all,False,False,relied_requests,6.82,6.480655233865277,7.159344766134724,100
32,group_first,reroll,100,8.0,12,3,all,False,False,reservation_failures,11.34,10.590297897276336,12.089702102723663,100
32,group_first,reroll,100,8.0,12,3,all,False,False,retry_attempts,14.43,13.677696331461178,15.182303668538822,100
32,group_first,reroll,100,8.0,12,3,all,False,False,refuse_actors,7.68,7.183310391418617,8.176689608581382,100
32,group_first,reroll,100,8.0,12,3,all,False,False,repaired_reliances,0,0.0,0.0,100
32,group_first,reroll,100,8.0,12,3,all,False,False,pending_repairs,3.47,3.3379890362679885,3.602010963732012,100
32,group_first,reroll,100,8.0,12,3,all,False,False,unnoticed_affected_reliances,3.35,3.0507671087057386,3.6492328912942615,100
32,group_first,reroll,100,8.0,12,3,all,False,False,full_effort_completed_panels,2.11,1.9275445636254531,2.2924554363745466,100
32,group_first,reroll,100,8.0,12,3,all,False,False,true_independent_completed_panels,6.82,6.480655233865277,7.159344766134724,100
32,group_first,reroll,100,8.0,12,3,all,False,False,total_hours,19.476100000000002,19.272402653432536,19.67979734656747,100
33,group_first,reroll,100,8.0,12,3,all,False,True,completed_requests,5.88,5.543065138927328,6.216934861072672,100
33,group_first,reroll,100,8.0,12,3,all,False,True,unresolved_requests,6.12,5.783065138927328,6.456934861072672,100
33,group_first,reroll,100,8.0,12,3,all,False,True,relied_requests,5.88,5.543065138927328,6.216934861072672,100
33,group_first,reroll,100,8.0,12,3,all,False,True,reservation_failures,14.49,13.759022739095398,15.220977260904602,100
33,group_first,reroll,100,8.0,12,3,all,False,True,retry_attempts,15.66,14.940944678095214,16.379055321904787,100
33,group_first,reroll,100,8.0,12,3,all,False,True,refuse_actors,6.79,6.311280058674988,7.268719941325012,100
33,group_first,reroll,100,8.0,12,3,all,False,True,repaired_reliances,1.99,1.9704,2.0096,100
33,group_first,reroll,100,8.0,12,3,all,False,True,pending_repairs,1.45,1.318224402559472,1.5817755974405279,100
33,group_first,reroll,100,8.0,12,3,all,False,True,unnoticed_affected_reliances,2.44,2.154103461533598,2.725896538466402,100
33,group_first,reroll,100,8.0,12,3,all,False,True,full_effort_completed_panels,1.95,1.7729851344483671,2.1270148655516325,100
33,group_first,reroll,100,8.0,12,3,all,False,True,true_independent_completed_panels,5.88,5.543065138927328,6.216934861072672,100
33,group_first,reroll,100,8.0,12,3,all,False,True,total_hours,19.5867,19.423019212255912,19.75038078774409,100
34,group_first,reroll,100,20.0,12,3,all,False,False,completed_requests,10.55,10.344575089291991,10.75542491070801,100
34,group_first,reroll,100,20.0,12,3,all,False,False,unresolved_requests,1.45,1.2445750892919898,1.6554249107080101,100
34,group_first,reroll,100,20.0,12,3,all,False,False,relied_requests,10.55,10.344575089291991,10.75542491070801,100
34,group_first,reroll,100,20.0,12,3,all,False,False,reservation_failures,0,0.0,0.0,100
34,group_first,reroll,100,20.0,12,3,all,False,False,retry_attempts,8.77,8.21085061572117,9.329149384278828,100
34,group_first,reroll,100,20.0,12,3,all,False,False,refuse_actors,9.37,8.712135771583297,10.027864228416702,100
34,group_first,reroll,100,20.0,12,3,all,False,False,repaired_reliances,3.48,3.3508868102881206,3.6091131897118793,100
34,group_first,reroll,100,20.0,12,3,all,False,False,pending_repairs,0,0.0,0.0,100
34,group_first,reroll,100,20.0,12,3,all,False,False,unnoticed_affected_reliances,7.07,6.902259695669259,7.237740304330742,100
34,group_first,reroll,100,20.0,12,3,all,False,False,full_effort_completed_panels,2.63,2.4148323895051567,2.845167610494843,100
34,group_first,reroll,100,20.0,12,3,all,False,False,true_independent_completed_panels,10.55,10.344575089291991,10.75542491070801,100
34,group_first,reroll,100,20.0,12,3,all,False,False,total_hours,29.7839,29.39737546934689,30.170424530653108,100
35,group_first,reroll,100,20.0,12,3,all,False,True,completed_requests,10.55,10.344575089291991,10.75542491070801,100
35,group_first,reroll,100,20.0,12,3,all,False,True,unresolved_requests,1.45,1.2445750892919898,1.6554249107080101,100
35,group_first,reroll,100,20.0,12,3,all,False,True,relied_requests,10.55,10.344575089291991,10.75542491070801,100
35,group_first,reroll,100,20.0,12,3,all,False,True,reservation_failures,0,0.0,0.0,100
35,group_first,reroll,100,20.0,12,3,all,False,True,retry_attempts,8.77,8.21085061572117,9.329149384278828,100
35,group_first,reroll,100,20.0,12,3,all,False,True,refuse_actors,9.37,8.712135771583297,10.027864228416702,100
35,group_first,reroll,100,20.0,12,3,all,False,True,repaired_reliances,3.48,3.3508868102881206,3.6091131897118793,100
35,group_first,reroll,100,20.0,12,3,all,False,True,pending_repairs,0,0.0,0.0,100
35,group_first,reroll,100,20.0,12,3,all,False,True,unnoticed_affected_reliances,7.07,6.902259695669259,7.237740304330742,100
35,group_first,reroll,100,20.0,12,3,all,False,True,full_effort_completed_panels,2.63,2.4148323895051567,2.845167610494843,100
35,group_first,reroll,100,20.0,12,3,all,False,True,true_independent_completed_panels,10.55,10.344575089291991,10.75542491070801,100
35,group_first,reroll,100,20.0,12,3,all,False,True,total_hours,29.7839,29.39737546934689,30.170424530653108,100
36,naive,fixed_panel,1,3.0,12,3,all,False,False,completed_requests,2,1.7523906628610628,2.247609337138937,100
36,naive,fixed_panel,1,3.0,12,3,all,False,False,unresolved_requests,10,9.752390662861062,10.247609337138938,100
36,naive,fixed_panel,1,3.0,12,3,all,False,False,relied_requests,2,1.7523906628610628,2.247609337138937,100
36,naive,fixed_panel,1,3.0,12,3,all,False,False,reservation_failures,27.41,26.89024058556974,27.92975941443026,100
36,naive,fixed_panel,1,3.0,12,3,all,False,False,retry_attempts,20.74,20.228879347300303,21.251120652699694,100
36,naive,fixed_panel,1,3.0,12,3,all,False,False,refuse_actors,3.1,2.7226264075444226,3.4773735924555775,100
36,naive,fixed_panel,1,3.0,12,3,all,False,False,repaired_reliances,0.01,-0.0096,0.0296,100
36,naive,fixed_panel,1,3.0,12,3,all,False,False,pending_repairs,1.72,1.5132476580323915,1.9267523419676085,100
36,naive,fixed_panel,1,3.0,12,3,all,False,False,unnoticed_affected_reliances,0.27,0.16630525762624418,0.3736947423737559,100
36,naive,fixed_panel,1,3.0,12,3,all,False,False,full_effort_completed_panels,0.62,0.4758353578702321,0.7641646421297679,100
36,naive,fixed_panel,1,3.0,12,3,all,False,False,true_independent_completed_panels,2,1.7523906628610628,2.247609337138937,100
36,naive,fixed_panel,1,3.0,12,3,all,False,False,total_hours,8.191300000000002,8.077649135778284,8.30495086422172,100
37,naive,fixed_panel,1,3.0,12,3,all,False,True,completed_requests,1.39,1.2230945758638725,1.5569054241361273,100
37,naive,fixed_panel,1,3.0,12,3,all,False,True,unresolved_requests,10.61,10.443094575863872,10.776905424136126,100
37,naive,fixed_panel,1,3.0,12,3,all,False,True,relied_requests,1.39,1.2230945758638725,1.5569054241361273,100
37,naive,fixed_panel,1,3.0,12,3,all,False,True,reservation_failures,30.19,29.835756600255383,30.54424339974462,100
37,naive,fixed_panel,1,3.0,12,3,all,False,True,retry_attempts,21.51,21.160387576209473,21.85961242379053,100
37,naive,fixed_panel,1,3.0,12,3,all,False,True,refuse_actors,1.77,1.5148955975260008,2.0251044024739993,100
37,naive,fixed_panel,1,3.0,12,3,all,False,True,repaired_reliances,1.17,1.0333668274598593,1.3066331725401406,100
37,naive,fixed_panel,1,3.0,12,3,all,False,True,pending_repairs,0.06,0.01321808171111536,0.10678191828888464,100
37,naive,fixed_panel,1,3.0,12,3,all,False,True,unnoticed_affected_reliances,0.16,0.0777356417002804,0.2422643582997196,100
37,naive,fixed_panel,1,3.0,12,3,all,False,True,full_effort_completed_panels,0.53,0.3950815974244605,0.6649184025755396,100
37,naive,fixed_panel,1,3.0,12,3,all,False,True,true_independent_completed_panels,1.39,1.2230945758638725,1.5569054241361273,100
37,naive,fixed_panel,1,3.0,12,3,all,False,True,total_hours,7.199200000000001,7.030933385133755,7.367466614866247,100
38,naive,fixed_panel,1,8.0,12,3,all,False,False,completed_requests,6.03,5.64960001699434,6.410399983005661,100
38,naive,fixed_panel,1,8.0,12,3,all,False,False,unresolved_requests,5.97,5.589600016994339,6.35039998300566,100
38,naive,fixed_panel,1,8.0,12,3,all,False,False,relied_requests,6.03,5.64960001699434,6.410399983005661,100
38,naive,fixed_panel,1,8.0,12,3,all,False,False,reservation_failures,11.99,11.043847088617717,12.936152911382283,100
38,naive,fixed_panel,1,8.0,12,3,all,False,False,retry_attempts,14.87,14.092633161489273,15.647366838510726,100
38,naive,fixed_panel,1,8.0,12,3,all,False,False,refuse_actors,8.43,7.775921697456194,9.084078302543805,100
38,naive,fixed_panel,1,8.0,12,3,all,False,False,repaired_reliances,0.11,0.03684894278469264,0.18315105721530736,100
38,naive,fixed_panel,1,8.0,12,3,all,False,False,pending_repairs,2.99,2.810546738309628,3.1694532616903723,100
38,naive,fixed_panel,1,8.0,12,3,all,False,False,unnoticed_affected_reliances,2.93,2.613278790024279,3.2467212099757212,100
38,naive,fixed_panel,1,8.0,12,3,all,False,False,full_effort_completed_panels,1.35,1.1179642138363006,1.5820357861636996,100
38,naive,fixed_panel,1,8.0,12,3,all,False,False,true_independent_completed_panels,6.03,5.64960001699434,6.410399983005661,100
38,naive,fixed_panel,1,8.0,12,3,all,False,False,total_hours,18.710900000000002,18.312073981980195,19.10972601801981,100
39,naive,fixed_panel,1,8.0,12,3,all,False,True,completed_requests,5.32,4.957971649081613,5.6820283509183875,100
39,naive,fixed_panel,1,8.0,12,3,all,False,True,unresolved_requests,6.68,6.3179716490816125,7.042028350918387,100
39,naive,fixed_panel,1,8.0,12,3,all,False,True,relied_requests,5.32,4.957971649081613,5.6820283509183875,100
39,naive,fixed_panel,1,8.0,12,3,all,False,True,reservation_failures,14.57,13.711236546956714,15.428763453043286,100
39,naive,fixed_panel,1,8.0,12,3,all,False,True,retry_attempts,15.82,15.084321242702092,16.55567875729791,100
39,naive,fixed_panel,1,8.0,12,3,all,False,True,refuse_actors,7.55,6.980181776282288,8.119818223717711,100
39,naive,fixed_panel,1,8.0,12,3,all,False,True,repaired_reliances,1.98,1.9118753845344927,2.048124615465507,100
39,naive,fixed_panel,1,8.0,12,3,all,False,True,pending_repairs,1.07,0.919320724582297,1.2206792754177032,100
39,naive,fixed_panel,1,8.0,12,3,all,False,True,unnoticed_affected_reliances,2.27,1.9833782388941936,2.5566217611058066,100
39,naive,fixed_panel,1,8.0,12,3,all,False,True,full_effort_completed_panels,1.24,1.0222063844142832,1.4577936155857167,100
39,naive,fixed_panel,1,8.0,12,3,all,False,True,true_independent_completed_panels,5.32,4.957971649081613,5.6820283509183875,100
39,naive,fixed_panel,1,8.0,12,3,all,False,True,total_hours,19.0214,18.705751902679484,19.337048097320515,100
40,naive,fixed_panel,1,20.0,12,3,all,False,False,completed_requests,9.28,8.99172455371764,9.568275446282358,100
40,naive,fixed_panel,1,20.0,12,3,all,False,False,unresolved_requests,2.72,2.431724553717642,3.0082754462823584,100
40,naive,fixed_panel,1,20.0,12,3,all,False,False,relied_requests,9.28,8.99172455371764,9.568275446282358,100
40,naive,fixed_panel,1,20.0,12,3,all,False,False,reservation_failures,0,0.0,0.0,100
40,naive,fixed_panel,1,20.0,12,3,all,False,False,retry_attempts,9.72,9.11151612024706,10.328483879752941,100
40,naive,fixed_panel,1,20.0,12,3,all,False,False,refuse_actors,11.79,10.955045205118893,12.624954794881106,100
40,naive,fixed_panel,1,20.0,12,3,all,False,False,repaired_reliances,3.1,2.9411836712972304,3.25881632870277,100
40,naive,fixed_panel,1,20.0,12,3,all,False,False,pending_repairs,0,0.0,0.0,100
40,naive,fixed_panel,1,20.0,12,3,all,False,False,unnoticed_affected_reliances,6.18,5.951324848642261,6.4086751513577385,100
40,naive,fixed_panel,1,20.0,12,3,all,False,False,full_effort_completed_panels,1.79,1.5450772242918065,2.0349227757081936,100
40,naive,fixed_panel,1,20.0,12,3,all,False,False,true_independent_completed_panels,9.28,8.99172455371764,9.568275446282358,100
40,naive,fixed_panel,1,20.0,12,3,all,False,False,total_hours,28.6314,28.18602091325508,29.076779086744917,100
41,naive,fixed_panel,1,20.0,12,3,all,False,True,completed_requests,9.28,8.99172455371764,9.568275446282358,100
41,naive,fixed_panel,1,20.0,12,3,all,False,True,unresolved_requests,2.72,2.431724553717642,3.0082754462823584,100
41,naive,fixed_panel,1,20.0,12,3,all,False,True,relied_requests,9.28,8.99172455371764,9.568275446282358,100
41,naive,fixed_panel,1,20.0,12,3,all,False,True,reservation_failures,0,0.0,0.0,100
41,naive,fixed_panel,1,20.0,12,3,all,False,True,retry_attempts,9.72,9.11151612024706,10.328483879752941,100
41,naive,fixed_panel,1,20.0,12,3,all,False,True,refuse_actors,11.79,10.955045205118893,12.624954794881106,100
41,naive,fixed_panel,1,20.0,12,3,all,False,True,repaired_reliances,3.1,2.9411836712972304,3.25881632870277,100
41,naive,fixed_panel,1,20.0,12,3,all,False,True,pending_repairs,0,0.0,0.0,100
41,naive,fixed_panel,1,20.0,12,3,all,False,True,unnoticed_affected_reliances,6.18,5.951324848642261,6.4086751513577385,100
41,naive,fixed_panel,1,20.0,12,3,all,False,True,full_effort_completed_panels,1.79,1.5450772242918065,2.0349227757081936,100
41,naive,fixed_panel,1,20.0,12,3,all,False,True,true_independent_completed_panels,9.28,8.99172455371764,9.568275446282358,100
41,naive,fixed_panel,1,20.0,12,3,all,False,True,total_hours,28.6314,28.18602091325508,29.076779086744917,100
42,naive,fixed_panel,10,3.0,12,3,all,False,False,completed_requests,1.99,1.8000424332338478,2.179957566766152,100
42,naive,fixed_panel,10,3.0,12,3,all,False,False,unresolved_requests,10.01,9.820042433233848,10.199957566766152,100
42,naive,fixed_panel,10,3.0,12,3,all,False,False,relied_requests,1.99,1.8000424332338478,2.179957566766152,100
42,naive,fixed_panel,10,3.0,12,3,all,False,False,reservation_failures,28.83,28.35147463721524,29.308525362784756,100
42,naive,fixed_panel,10,3.0,12,3,all,False,False,retry_attempts,20.57,20.12230953875372,21.017690461246282,100
42,naive,fixed_panel,10,3.0,12,3,all,False,False,refuse_actors,1.57,1.2748408037836003,1.8651591962163998,100
42,naive,fixed_panel,10,3.0,12,3,all,False,False,repaired_reliances,0,0.0,0.0,100
42,naive,fixed_panel,10,3.0,12,3,all,False,False,pending_repairs,1.84,1.647556303918221,2.032443696081779,100
42,naive,fixed_panel,10,3.0,12,3,all,False,False,unnoticed_affected_reliances,0.15,0.07434554897697057,0.22565445102302942,100
42,naive,fixed_panel,10,3.0,12,3,all,False,False,full_effort_completed_panels,0.94,0.7904451642744745,1.0895548357255254,100
42,naive,fixed_panel,10,3.0,12,3,all,False,False,true_independent_completed_panels,1.99,1.8000424332338478,2.179957566766152,100
42,naive,fixed_panel,10,3.0,12,3,all,False,False,total_hours,6.800400000000001,6.589325636012406,7.011474363987595,100
43,naive,fixed_panel,10,3.0,12,3,all,False,True,completed_requests,1.34,1.1920101341170943,1.4879898658829058,100
43,naive,fixed_panel,10,3.0,12,3,all,False,True,unresolved_requests,10.66,10.512010134117094,10.807989865882906,100
43,naive,fixed_panel,10,3.0,12,3,all,False,True,relied_requests,1.34,1.1920101341170943,1.4879898658829058,100
43,naive,fixed_panel,10,3.0,12,3,all,False,True,reservation_failures,31.06,30.73414209206831,31.385857907931687,100
43,naive,fixed_panel,10,3.0,12,3,all,False,True,retry_attempts,21.54,21.219424547717608,21.86057545228239,100
43,naive,fixed_panel,10,3.0,12,3,all,False,True,refuse_actors,0.99,0.7662739806880485,1.2137260193119515,100
43,naive,fixed_panel,10,3.0,12,3,all,False,True,repaired_reliances,1.25,1.1016042691675636,1.3983957308324364,100
43,naive,fixed_panel,10,3.0,12,3,all,False,True,pending_repairs,0.01,-0.0096,0.0296,100
43,naive,fixed_panel,10,3.0,12,3,all,False,True,unnoticed_affected_reliances,0.08,0.026558654828519018,0.13344134517148099,100
43,naive,fixed_panel,10,3.0,12,3,all,False,True,full_effort_completed_panels,0.83,0.6798366626676542,0.9801633373323457,100
43,naive,fixed_panel,10,3.0,12,3,all,False,True,true_independent_completed_panels,1.34,1.1920101341170943,1.4879898658829058,100
43,naive,fixed_panel,10,3.0,12,3,all,False,True,total_hours,6.537300000000001,6.280928189522651,6.793671810477351,100
44,naive,fixed_panel,10,8.0,12,3,all,False,False,completed_requests,4.5,4.175717793434562,4.824282206565438,100
44,naive,fixed_panel,10,8.0,12,3,all,False,False,unresolved_requests,7.5,7.175717793434562,7.824282206565438,100
44,naive,fixed_panel,10,8.0,12,3,all,False,False,relied_requests,4.5,4.175717793434562,4.824282206565438,100
44,naive,fixed_panel,10,8.0,12,3,all,False,False,reservation_failures,19.56,18.781304002212867,20.33869599778713,100
44,naive,fixed_panel,10,8.0,12,3,all,False,False,retry_attempts,16.86,16.175900410109104,17.544099589890894,100
44,naive,fixed_panel,10,8.0,12,3,all,False,False,refuse_actors,4.43,4.022226541403987,4.837773458596012,100
44,naive,fixed_panel,10,8.0,12,3,all,False,False,repaired_reliances,0,0.0,0.0,100
44,naive,fixed_panel,10,8.0,12,3,all,False,False,pending_repairs,3.33,3.174754421979402,3.485245578020598,100
44,naive,fixed_panel,10,8.0,12,3,all,False,False,unnoticed_affected_reliances,1.17,0.9335248371894784,1.4064751628105214,100
44,naive,fixed_panel,10,8.0,12,3,all,False,False,full_effort_completed_panels,1.83,1.610546828354078,2.049453171645922,100
44,naive,fixed_panel,10,8.0,12,3,all,False,False,true_independent_completed_panels,4.5,4.175717793434562,4.824282206565438,100
44,naive,fixed_panel,10,8.0,12,3,all,False,False,total_hours,14.3087,13.944229990264041,14.673170009735959,100
45,naive,fixed_panel,10,8.0,12,3,all,False,True,completed_requests,3.96,3.66265991582606,4.25734008417394,100
45,naive,fixed_panel,10,8.0,12,3,all,False,True,unresolved_requests,8.04,7.742659915826059,8.337340084173938,100
45,naive,fixed_panel,10,8.0,12,3,all,False,True,relied_requests,3.96,3.66265991582606,4.25734008417394,100
45,naive,fixed_panel,10,8.0,12,3,all,False,True,reservation_failures,21.5,20.790025011110615,22.209974988889385,100
45,naive,fixed_panel,10,8.0,12,3,all,False,True,retry_attempts,17.55,16.91085249327441,18.18914750672559,100
45,naive,fixed_panel,10,8.0,12,3,all,False,True,refuse_actors,3.73,3.3441308726597274,4.1158691273402725,100
45,naive,fixed_panel,10,8.0,12,3,all,False,True,repaired_reliances,1.94,1.8855515961035707,1.9944484038964292,100
45,naive,fixed_panel,10,8.0,12,3,all,False,True,pending_repairs,1.28,1.1350301124963247,1.4249698875036754,100
45,naive,fixed_panel,10,8.0,12,3,all,False,True,unnoticed_affected_reliances,0.74,0.5477580480727267,0.9322419519272733,100
45,naive,fixed_panel,10,8.0,12,3,all,False,True,full_effort_completed_panels,1.63,1.4166434444457359,1.843356555554264,100
45,naive,fixed_panel,10,8.0,12,3,all,False,True,true_independent_completed_panels,3.96,3.66265991582606,4.25734008417394,100
45,naive,fixed_panel,10,8.0,12,3,all,False,True,total_hours,14.877500000000001,14.538144899650334,15.216855100349669,100
46,naive,fixed_panel,10,20.0,12,3,all,False,False,completed_requests,9.91,9.676763244229337,10.143236755770664,100
46,naive,fixed_panel,10,20.0,12,3,all,False,False,unresolved_requests,2.09,1.8567632442293363,2.3232367557706635,100
46,naive,fixed_panel,10,20.0,12,3,all,False,False,relied_requests,9.91,9.676763244229337,10.143236755770664,100
46,naive,fixed_panel,10,20.0,12,3,all,False,False,reservation_failures,0,0.0,0.0,100
46,naive,fixed_panel,10,20.0,12,3,all,False,False,retry_attempts,8.14,7.5905357555221675,8.689464244477834,100
46,naive,fixed_panel,10,20.0,12,3,all,False,False,refuse_actors,9.48,8.78494979935681,10.175050200643192,100
46,naive,fixed_panel,10,20.0,12,3,all,False,False,repaired_reliances,3.39,3.2538219881585473,3.526178011841453,100
46,naive,fixed_panel,10,20.0,12,3,all,False,False,pending_repairs,0,0.0,0.0,100
46,naive,fixed_panel,10,20.0,12,3,all,False,False,unnoticed_affected_reliances,6.52,6.324039599959995,6.715960400040004,100
46,naive,fixed_panel,10,20.0,12,3,all,False,False,full_effort_completed_panels,3.02,2.8024559638216493,3.2375440361783507,100
46,naive,fixed_panel,10,20.0,12,3,all,False,False,true_independent_completed_panels,9.91,9.676763244229337,10.143236755770664,100
46,naive,fixed_panel,10,20.0,12,3,all,False,False,total_hours,29.3658,29.044320384752066,29.687279615247935,100
47,naive,fixed_panel,10,20.0,12,3,all,False,True,completed_requests,9.91,9.676763244229337,10.143236755770664,100
47,naive,fixed_panel,10,20.0,12,3,all,False,True,unresolved_requests,2.09,1.8567632442293363,2.3232367557706635,100
47,naive,fixed_panel,10,20.0,12,3,all,False,True,relied_requests,9.91,9.676763244229337,10.143236755770664,100
47,naive,fixed_panel,10,20.0,12,3,all,False,True,reservation_failures,0,0.0,0.0,100
47,naive,fixed_panel,10,20.0,12,3,all,False,True,retry_attempts,8.14,7.5905357555221675,8.689464244477834,100
47,naive,fixed_panel,10,20.0,12,3,all,False,True,refuse_actors,9.48,8.78494979935681,10.175050200643192,100
47,naive,fixed_panel,10,20.0,12,3,all,False,True,repaired_reliances,3.39,3.2538219881585473,3.526178011841453,100
47,naive,fixed_panel,10,20.0,12,3,all,False,True,pending_repairs,0,0.0,0.0,100
47,naive,fixed_panel,10,20.0,12,3,all,False,True,unnoticed_affected_reliances,6.52,6.324039599959995,6.715960400040004,100
47,naive,fixed_panel,10,20.0,12,3,all,False,True,full_effort_completed_panels,3.02,2.8024559638216493,3.2375440361783507,100
47,naive,fixed_panel,10,20.0,12,3,all,False,True,true_independent_completed_panels,9.91,9.676763244229337,10.143236755770664,100
47,naive,fixed_panel,10,20.0,12,3,all,False,True,total_hours,29.3658,29.044320384752066,29.687279615247935,100
48,naive,fixed_panel,100,3.0,12,3,all,False,False,completed_requests,1.65,1.4522752653129338,1.847724734687066,100
48,naive,fixed_panel,100,3.0,12,3,all,False,False,unresolved_requests,10.35,10.152275265312934,10.547724734687066,100
48,naive,fixed_panel,100,3.0,12,3,all,False,False,relied_requests,1.65,1.4522752653129338,1.847724734687066,100
48,naive,fixed_panel,100,3.0,12,3,all,False,False,reservation_failures,30.04,29.60759580450367,30.472404195496328,100
48,naive,fixed_panel,100,3.0,12,3,all,False,False,retry_attempts,21.17,20.73390083418534,21.606099165814662,100
48,naive,fixed_panel,100,3.0,12,3,all,False,False,refuse_actors,1.33,1.0968298024830339,1.5631701975169663,100
48,naive,fixed_panel,100,3.0,12,3,all,False,False,repaired_reliances,0,0.0,0.0,100
48,naive,fixed_panel,100,3.0,12,3,all,False,False,pending_repairs,1.64,1.443960408039188,1.836039591960812,100
48,naive,fixed_panel,100,3.0,12,3,all,False,False,unnoticed_affected_reliances,0.01,-0.0096,0.0296,100
48,naive,fixed_panel,100,3.0,12,3,all,False,False,full_effort_completed_panels,0.88,0.7318528932023132,1.0281471067976868,100
48,naive,fixed_panel,100,3.0,12,3,all,False,False,true_independent_completed_panels,1.65,1.4522752653129338,1.847724734687066,100
48,naive,fixed_panel,100,3.0,12,3,all,False,False,total_hours,6.107900000000001,5.912744958870589,6.303055041129412,100
49,naive,fixed_panel,100,3.0,12,3,all,False,True,completed_requests,1.13,0.9782941122973917,1.2817058877026082,100
49,naive,fixed_panel,100,3.0,12,3,all,False,True,unresolved_requests,10.87,10.718294112297391,11.021705887702607,100
49,naive,fixed_panel,100,3.0,12,3,all,False,True,relied_requests,1.13,0.9782941122973917,1.2817058877026082,100
49,naive,fixed_panel,100,3.0,12,3,all,False,True,reservation_failures,31.81,31.491519417841335,32.12848058215866,100
49,naive,fixed_panel,100,3.0,12,3,all,False,True,retry_attempts,21.9,21.582978763098644,22.217021236901353,100
49,naive,fixed_panel,100,3.0,12,3,all,False,True,refuse_actors,0.85,0.6729851344483673,1.0270148655516327,100
49,naive,fixed_panel,100,3.0,12,3,all,False,True,repaired_reliances,1.13,0.9782941122973917,1.2817058877026082,100
49,naive,fixed_panel,100,3.0,12,3,all,False,True,pending_repairs,0,0.0,0.0,100
49,naive,fixed_panel,100,3.0,12,3,all,False,True,unnoticed_affected_reliances,0,0.0,0.0,100
49,naive,fixed_panel,100,3.0,12,3,all,False,True,full_effort_completed_panels,0.74,0.5909649949600003,0.8890350050399997,100
49,naive,fixed_panel,100,3.0,12,3,all,False,True,true_independent_completed_panels,1.13,0.9782941122973917,1.2817058877026082,100
49,naive,fixed_panel,100,3.0,12,3,all,False,True,total_hours,5.893000000000002,5.595492200363682,6.190507799636321,100
50,naive,fixed_panel,100,8.0,12,3,all,False,False,completed_requests,4.19,3.9104513334503332,4.4695486665496675,100
50,naive,fixed_panel,100,8.0,12,3,all,False,False,unresolved_requests,7.81,7.5304513334503325,8.089548666549666,100
50,naive,fixed_panel,100,8.0,12,3,all,False,False,relied_requests,4.19,3.9104513334503332,4.4695486665496675,100
50,naive,fixed_panel,100,8.0,12,3,all,False,False,reservation_failures,20.96,20.344011827478102,21.5759881725219,100
50,naive,fixed_panel,100,8.0,12,3,all,False,False,retry_attempts,17.07,16.46204246426866,17.67795753573134,100
50,naive,fixed_panel,100,8.0,12,3,all,False,False,refuse_actors,3.53,3.235894429728632,3.8241055702713678,100
50,naive,fixed_panel,100,8.0,12,3,all,False,False,repaired_reliances,0,0.0,0.0,100
50,naive,fixed_panel,100,8.0,12,3,all,False,False,pending_repairs,3.3,3.156590999535798,3.4434090004642015,100
50,naive,fixed_panel,100,8.0,12,3,all,False,False,unnoticed_affected_reliances,0.89,0.7075445636254534,1.0724554363745467,100
50,naive,fixed_panel,100,8.0,12,3,all,False,False,full_effort_completed_panels,1.84,1.6301922226552519,2.049807777344748,100
50,naive,fixed_panel,100,8.0,12,3,all,False,False,true_independent_completed_panels,4.19,3.9104513334503332,4.4695486665496675,100
50,naive,fixed_panel,100,8.0,12,3,all,False,False,total_hours,13.3954,13.16090265368726,13.62989734631274,100
51,naive,fixed_panel,100,8.0,12,3,all,False,True,completed_requests,3.66,3.3998274263478026,3.9201725736521977,100
51,naive,fixed_panel,100,8.0,12,3,all,False,True,unresolved_requests,8.34,8.079827426347803,8.600172573652197,100
51,naive,fixed_panel,100,8.0,12,3,all,False,True,relied_requests,3.66,3.3998274263478026,3.9201725736521977,100
51,naive,fixed_panel,100,8.0,12,3,all,False,True,reservation_failures,22.88,22.304823742780798,23.4551762572192,100
51,naive,fixed_panel,100,8.0,12,3,all,False,True,retry_attempts,17.98,17.407732073767942,18.55226792623206,100
51,naive,fixed_panel,100,8.0,12,3,all,False,True,refuse_actors,3.09,2.8169112136089707,3.363088786391029,100
51,naive,fixed_panel,100,8.0,12,3,all,False,True,repaired_reliances,1.95,1.9070675889427122,1.9929324110572877,100
51,naive,fixed_panel,100,8.0,12,3,all,False,True,pending_repairs,1.24,1.1003749667896552,1.3796250332103448,100
51,naive,fixed_panel,100,8.0,12,3,all,False,True,unnoticed_affected_reliances,0.47,0.32402980240522183,0.6159701975947781,100
51,naive,fixed_panel,100,8.0,12,3,all,False,True,full_effort_completed_panels,1.64,1.4287177998959493,1.8512822001040505,100
51,naive,fixed_panel,100,8.0,12,3,all,False,True,true_independent_completed_panels,3.66,3.3998274263478026,3.9201725736521977,100
51,naive,fixed_panel,100,8.0,12,3,all,False,True,total_hours,14.0576,13.807485071613351,14.30771492838665,100
52,naive,fixed_panel,100,20.0,12,3,all,False,False,completed_requests,10.06,9.823910771875624,10.296089228124377,100
52,naive,fixed_panel,100,20.0,12,3,all,False,False,unresolved_requests,1.94,1.703910771875624,2.176089228124376,100
52,naive,fixed_panel,100,20.0,12,3,all,False,False,relied_requests,10.06,9.823910771875624,10.296089228124377,100
52,naive,fixed_panel,100,20.0,12,3,all,False,False,reservation_failures,0,0.0,0.0,100
52,naive,fixed_panel,100,20.0,12,3,all,False,False,retry_attempts,7.51,7.021491076764397,7.998508923235603,100
52,naive,fixed_panel,100,20.0,12,3,all,False,False,refuse_actors,8.64,7.973425334833056,9.306574665166945,100
52,naive,fixed_panel,100,20.0,12,3,all,False,False,repaired_reliances,3.36,3.2277981097034547,3.492201890296545,100
52,naive,fixed_panel,100,20.0,12,3,all,False,False,pending_repairs,0,0.0,0.0,100
52,naive,fixed_panel,100,20.0,12,3,all,False,False,unnoticed_affected_reliances,6.7,6.496234636818906,6.903765363181094,100
52,naive,fixed_panel,100,20.0,12,3,all,False,False,full_effort_completed_panels,3.42,3.2130600594619323,3.6269399405380676,100
52,naive,fixed_panel,100,20.0,12,3,all,False,False,true_independent_completed_panels,10.06,9.823910771875624,10.296089228124377,100
52,naive,fixed_panel,100,20.0,12,3,all,False,False,total_hours,29.1927,28.881662072228345,29.503737927771652,100
53,naive,fixed_panel,100,20.0,12,3,all,False,True,completed_requests,10.06,9.823910771875624,10.296089228124377,100
53,naive,fixed_panel,100,20.0,12,3,all,False,True,unresolved_requests,1.94,1.703910771875624,2.176089228124376,100
53,naive,fixed_panel,100,20.0,12,3,all,False,True,relied_requests,10.06,9.823910771875624,10.296089228124377,100
53,naive,fixed_panel,100,20.0,12,3,all,False,True,reservation_failures,0,0.0,0.0,100
53,naive,fixed_panel,100,20.0,12,3,all,False,True,retry_attempts,7.51,7.021491076764397,7.998508923235603,100
53,naive,fixed_panel,100,20.0,12,3,all,False,True,refuse_actors,8.64,7.973425334833056,9.306574665166945,100
53,naive,fixed_panel,100,20.0,12,3,all,False,True,repaired_reliances,3.36,3.2277981097034547,3.492201890296545,100
53,naive,fixed_panel,100,20.0,12,3,all,False,True,pending_repairs,0,0.0,0.0,100
53,naive,fixed_panel,100,20.0,12,3,all,False,True,unnoticed_affected_reliances,6.7,6.496234636818906,6.903765363181094,100
53,naive,fixed_panel,100,20.0,12,3,all,False,True,full_effort_completed_panels,3.42,3.2130600594619323,3.6269399405380676,100
53,naive,fixed_panel,100,20.0,12,3,all,False,True,true_independent_completed_panels,10.06,9.823910771875624,10.296089228124377,100
53,naive,fixed_panel,100,20.0,12,3,all,False,True,total_hours,29.1927,28.881662072228345,29.503737927771652,100
54,naive,reroll,1,3.0,12,3,all,False,False,completed_requests,2.09,1.8908672581193917,2.289132741880608,100
54,naive,reroll,1,3.0,12,3,all,False,False,unresolved_requests,9.91,9.710867258119393,10.109132741880607,100
54,naive,reroll,1,3.0,12,3,all,False,False,relied_requests,2.09,1.8908672581193917,2.289132741880608,100
54,naive,reroll,1,3.0,12,3,all,False,False,reservation_failures,28.01,27.590740626072282,28.42925937392772,100
54,naive,reroll,1,3.0,12,3,all,False,False,retry_attempts,20.86,20.43201566346041,21.287984336539587,100
54,naive,reroll,1,3.0,12,3,all,False,False,refuse_actors,2.54,2.2459406120587824,2.8340593879412177,100
54,naive,reroll,1,3.0,12,3,all,False,False,repaired_reliances,0,0.0,0.0,100
54,naive,reroll,1,3.0,12,3,all,False,False,pending_repairs,2,1.8069925421444062,2.1930074578555936,100
54,naive,reroll,1,3.0,12,3,all,False,False,unnoticed_affected_reliances,0.09,0.027118112964290605,0.15288188703570937,100
54,naive,reroll,1,3.0,12,3,all,False,False,full_effort_completed_panels,0.95,0.8042426258427653,1.0957573741572346,100
54,naive,reroll,1,3.0,12,3,all,False,False,true_independent_completed_panels,2.09,1.8908672581193917,2.289132741880608,100
54,naive,reroll,1,3.0,12,3,all,False,False,total_hours,8.0607,7.963558935894675,8.157841064105327,100
55,naive,reroll,1,3.0,12,3,all,False,True,completed_requests,1.44,1.2816240810060704,1.5983759189939295,100
55,naive,reroll,1,3.0,12,3,all,False,True,unresolved_requests,10.56,10.401624081006071,10.71837591899393,100
55,naive,reroll,1,3.0,12,3,all,False,True,relied_requests,1.44,1.2816240810060704,1.5983759189939295,100
55,naive,reroll,1,3.0,12,3,all,False,True,reservation_failures,30.57,30.242437712608407,30.897562287391594,100
55,naive,reroll,1,3.0,12,3,all,False,True,retry_attempts,21.76,21.42556201462662,22.094437985373382,100
55,naive,reroll,1,3.0,12,3,all,False,True,refuse_actors,1.6,1.380644101741006,1.8193558982589941,100
55,naive,reroll,1,3.0,12,3,all,False,True,repaired_reliances,1.35,1.21531188289649,1.4846881171035102,100
55,naive,reroll,1,3.0,12,3,all,False,True,pending_repairs,0.06,0.01321808171111536,0.10678191828888464,100
55,naive,reroll,1,3.0,12,3,all,False,True,unnoticed_affected_reliances,0.03,-0.003603535167561997,0.063603535167562,100
55,naive,reroll,1,3.0,12,3,all,False,True,full_effort_completed_panels,0.7,0.5708267157120429,0.829173284287957,100
55,naive,reroll,1,3.0,12,3,all,False,True,true_independent_completed_panels,1.44,1.2816240810060704,1.5983759189939295,100
55,naive,reroll,1,3.0,12,3,all,False,True,total_hours,7.370700000000001,7.197941421046069,7.543458578953933,100
56,naive,reroll,1,8.0,12,3,all,False,False,completed_requests,6.82,6.480655233865277,7.159344766134724,100
56,naive,reroll,1,8.0,12,3,all,False,False,unresolved_requests,5.18,4.840655233865276,5.519344766134723,100
56,naive,reroll,1,8.0,12,3,all,False,False,relied_requests,6.82,6.480655233865277,7.159344766134724,100
56,naive,reroll,1,8.0,12,3,all,False,False,reservation_failures,11.34,10.590297897276336,12.089702102723663,100
56,naive,reroll,1,8.0,12,3,all,False,False,retry_attempts,14.43,13.677696331461178,15.182303668538822,100
56,naive,reroll,1,8.0,12,3,all,False,False,refuse_actors,7.68,7.183310391418617,8.176689608581382,100
56,naive,reroll,1,8.0,12,3,all,False,False,repaired_reliances,0,0.0,0.0,100
56,naive,reroll,1,8.0,12,3,all,False,False,pending_repairs,3.47,3.3379890362679885,3.602010963732012,100
56,naive,reroll,1,8.0,12,3,all,False,False,unnoticed_affected_reliances,3.35,3.0507671087057386,3.6492328912942615,100
56,naive,reroll,1,8.0,12,3,all,False,False,full_effort_completed_panels,2.11,1.9275445636254531,2.2924554363745466,100
56,naive,reroll,1,8.0,12,3,all,False,False,true_independent_completed_panels,6.82,6.480655233865277,7.159344766134724,100
56,naive,reroll,1,8.0,12,3,all,False,False,total_hours,19.476100000000002,19.272402653432536,19.67979734656747,100
57,naive,reroll,1,8.0,12,3,all,False,True,completed_requests,5.88,5.543065138927328,6.216934861072672,100
57,naive,reroll,1,8.0,12,3,all,False,True,unresolved_requests,6.12,5.783065138927328,6.456934861072672,100
57,naive,reroll,1,8.0,12,3,all,False,True,relied_requests,5.88,5.543065138927328,6.216934861072672,100
57,naive,reroll,1,8.0,12,3,all,False,True,reservation_failures,14.49,13.759022739095398,15.220977260904602,100
57,naive,reroll,1,8.0,12,3,all,False,True,retry_attempts,15.66,14.940944678095214,16.379055321904787,100
57,naive,reroll,1,8.0,12,3,all,False,True,refuse_actors,6.79,6.311280058674988,7.268719941325012,100
57,naive,reroll,1,8.0,12,3,all,False,True,repaired_reliances,1.99,1.9704,2.0096,100
57,naive,reroll,1,8.0,12,3,all,False,True,pending_repairs,1.45,1.318224402559472,1.5817755974405279,100
57,naive,reroll,1,8.0,12,3,all,False,True,unnoticed_affected_reliances,2.44,2.154103461533598,2.725896538466402,100
57,naive,reroll,1,8.0,12,3,all,False,True,full_effort_completed_panels,1.95,1.7729851344483671,2.1270148655516325,100
57,naive,reroll,1,8.0,12,3,all,False,True,true_independent_completed_panels,5.88,5.543065138927328,6.216934861072672,100
57,naive,reroll,1,8.0,12,3,all,False,True,total_hours,19.5867,19.423019212255912,19.75038078774409,100
58,naive,reroll,1,20.0,12,3,all,False,False,completed_requests,10.55,10.344575089291991,10.75542491070801,100
58,naive,reroll,1,20.0,12,3,all,False,False,unresolved_requests,1.45,1.2445750892919898,1.6554249107080101,100
58,naive,reroll,1,20.0,12,3,all,False,False,relied_requests,10.55,10.344575089291991,10.75542491070801,100
58,naive,reroll,1,20.0,12,3,all,False,False,reservation_failures,0,0.0,0.0,100
58,naive,reroll,1,20.0,12,3,all,False,False,retry_attempts,8.77,8.21085061572117,9.329149384278828,100
58,naive,reroll,1,20.0,12,3,all,False,False,refuse_actors,9.37,8.712135771583297,10.027864228416702,100
58,naive,reroll,1,20.0,12,3,all,False,False,repaired_reliances,3.48,3.3508868102881206,3.6091131897118793,100
58,naive,reroll,1,20.0,12,3,all,False,False,pending_repairs,0,0.0,0.0,100
58,naive,reroll,1,20.0,12,3,all,False,False,unnoticed_affected_reliances,7.07,6.902259695669259,7.237740304330742,100
58,naive,reroll,1,20.0,12,3,all,False,False,full_effort_completed_panels,2.63,2.4148323895051567,2.845167610494843,100
58,naive,reroll,1,20.0,12,3,all,False,False,true_independent_completed_panels,10.55,10.344575089291991,10.75542491070801,100
58,naive,reroll,1,20.0,12,3,all,False,False,total_hours,29.7839,29.39737546934689,30.170424530653108,100
59,naive,reroll,1,20.0,12,3,all,False,True,completed_requests,10.55,10.344575089291991,10.75542491070801,100
59,naive,reroll,1,20.0,12,3,all,False,True,unresolved_requests,1.45,1.2445750892919898,1.6554249107080101,100
59,naive,reroll,1,20.0,12,3,all,False,True,relied_requests,10.55,10.344575089291991,10.75542491070801,100
59,naive,reroll,1,20.0,12,3,all,False,True,reservation_failures,0,0.0,0.0,100
59,naive,reroll,1,20.0,12,3,all,False,True,retry_attempts,8.77,8.21085061572117,9.329149384278828,100
59,naive,reroll,1,20.0,12,3,all,False,True,refuse_actors,9.37,8.712135771583297,10.027864228416702,100
59,naive,reroll,1,20.0,12,3,all,False,True,repaired_reliances,3.48,3.3508868102881206,3.6091131897118793,100
59,naive,reroll,1,20.0,12,3,all,False,True,pending_repairs,0,0.0,0.0,100
59,naive,reroll,1,20.0,12,3,all,False,True,unnoticed_affected_reliances,7.07,6.902259695669259,7.237740304330742,100
59,naive,reroll,1,20.0,12,3,all,False,True,full_effort_completed_panels,2.63,2.4148323895051567,2.845167610494843,100
59,naive,reroll,1,20.0,12,3,all,False,True,true_independent_completed_panels,10.55,10.344575089291991,10.75542491070801,100
59,naive,reroll,1,20.0,12,3,all,False,True,total_hours,29.7839,29.39737546934689,30.170424530653108,100
60,naive,reroll,10,3.0,12,3,all,False,False,completed_requests,2.12,1.926430422291773,2.3135695777082272,100
60,naive,reroll,10,3.0,12,3,all,False,False,unresolved_requests,9.88,9.686430422291773,10.073569577708229,100
60,naive,reroll,10,3.0,12,3,all,False,False,relied_requests,2.12,1.926430422291773,2.3135695777082272,100
60,naive,reroll,10,3.0,12,3,all,False,False,reservation_failures,28.48,28.070114682705842,28.88988531729416,100
60,naive,reroll,10,3.0,12,3,all,False,False,retry_attempts,20.49,20.061585211848293,20.918414788151704,100
60,naive,reroll,10,3.0,12,3,all,False,False,refuse_actors,1.65,1.3681289785606316,1.9318710214393682,100
60,naive,reroll,10,3.0,12,3,all,False,False,repaired_reliances,0,0.0,0.0,100
60,naive,reroll,10,3.0,12,3,all,False,False,pending_repairs,1.93,1.7384962178288412,2.1215037821711586,100
60,naive,reroll,10,3.0,12,3,all,False,False,unnoticed_affected_reliances,0.19,0.10325841000798155,0.2767415899920185,100
60,naive,reroll,10,3.0,12,3,all,False,False,full_effort_completed_panels,1.11,0.9602506929916037,1.2597493070083965,100
60,naive,reroll,10,3.0,12,3,all,False,False,true_independent_completed_panels,2.12,1.926430422291773,2.3135695777082272,100
60,naive,reroll,10,3.0,12,3,all,False,False,total_hours,7.235300000000001,7.08574764087532,7.384852359124682,100
61,naive,reroll,10,3.0,12,3,all,False,True,completed_requests,1.41,1.2473332389468728,1.572666761053127,100
61,naive,reroll,10,3.0,12,3,all,False,True,unresolved_requests,10.59,10.427333238946872,10.752666761053128,100
61,naive,reroll,10,3.0,12,3,all,False,True,relied_requests,1.41,1.2473332389468728,1.572666761053127,100
61,naive,reroll,10,3.0,12,3,all,False,True,reservation_failures,30.82,30.493475909902283,31.146524090097717,100
61,naive,reroll,10,3.0,12,3,all,False,True,retry_attempts,21.55,21.215266274978653,21.88473372502135,100
61,naive,reroll,10,3.0,12,3,all,False,True,refuse_actors,1.14,0.9170993644393687,1.3629006355606312,100
61,naive,reroll,10,3.0,12,3,all,False,True,repaired_reliances,1.28,1.1297720735049908,1.4302279264950093,100
61,naive,reroll,10,3.0,12,3,all,False,True,pending_repairs,0.01,-0.0096,0.0296,100
61,naive,reroll,10,3.0,12,3,all,False,True,unnoticed_affected_reliances,0.12,0.04483439428283517,0.19516560571716482,100
61,naive,reroll,10,3.0,12,3,all,False,True,full_effort_completed_panels,0.9,0.7565909995357982,1.0434090004642018,100
61,naive,reroll,10,3.0,12,3,all,False,True,true_independent_completed_panels,1.41,1.2473332389468728,1.572666761053127,100
61,naive,reroll,10,3.0,12,3,all,False,True,total_hours,6.885000000000001,6.656316279423818,7.113683720576184,100
62,naive,reroll,10,8.0,12,3,all,False,False,completed_requests,5.17,4.872483787726355,5.467516212273645,100
62,naive,reroll,10,8.0,12,3,all,False,False,unresolved_requests,6.83,6.532483787726355,7.127516212273645,100
62,naive,reroll,10,8.0,12,3,all,False,False,relied_requests,5.17,4.872483787726355,5.467516212273645,100
62,naive,reroll,10,8.0,12,3,all,False,False,reservation_failures,18.58,17.851316963781418,19.30868303621858,100
62,naive,reroll,10,8.0,12,3,all,False,False,retry_attempts,15.75,15.06456588997051,16.43543411002949,100
62,naive,reroll,10,8.0,12,3,all,False,False,refuse_actors,3.45,3.1306919729139024,3.769308027086098,100
62,naive,reroll,10,8.0,12,3,all,False,False,repaired_reliances,0,0.0,0.0,100
62,naive,reroll,10,8.0,12,3,all,False,False,pending_repairs,3.6,3.463523117730733,3.736476882269267,100
62,naive,reroll,10,8.0,12,3,all,False,False,unnoticed_affected_reliances,1.57,1.344959663323854,1.795040336676146,100
62,naive,reroll,10,8.0,12,3,all,False,False,full_effort_completed_panels,2.47,2.2463433692356776,2.693656630764323,100
62,naive,reroll,10,8.0,12,3,all,False,False,true_independent_completed_panels,5.17,4.872483787726355,5.467516212273645,100
62,naive,reroll,10,8.0,12,3,all,False,False,total_hours,15.019,14.754822547640126,15.283177452359874,100
63,naive,reroll,10,8.0,12,3,all,False,True,completed_requests,4.57,4.289675077415114,4.850324922584886,100
63,naive,reroll,10,8.0,12,3,all,False,True,unresolved_requests,7.43,7.149675077415114,7.710324922584886,100
63,naive,reroll,10,8.0,12,3,all,False,True,relied_requests,4.57,4.289675077415114,4.850324922584886,100
63,naive,reroll,10,8.0,12,3,all,False,True,reservation_failures,20.45,19.771393376472826,21.128606623527173,100
63,naive,reroll,10,8.0,12,3,all,False,True,retry_attempts,16.63,16.00541942186307,17.254580578136927,100
63,naive,reroll,10,8.0,12,3,all,False,True,refuse_actors,3.11,2.807516865149994,3.4124831348500058,100
63,naive,reroll,10,8.0,12,3,all,False,True,repaired_reliances,1.97,1.9263505053426917,2.013649494657308,100
63,naive,reroll,10,8.0,12,3,all,False,True,pending_repairs,1.53,1.397989036267988,1.662010963732012,100
63,naive,reroll,10,8.0,12,3,all,False,True,unnoticed_affected_reliances,1.07,0.8764805451797175,1.2635194548202826,100
63,naive,reroll,10,8.0,12,3,all,False,True,full_effort_completed_panels,2.22,2.0049676895314232,2.435032310468577,100
63,naive,reroll,10,8.0,12,3,all,False,True,true_independent_completed_panels,4.57,4.289675077415114,4.850324922584886,100
63,naive,reroll,10,8.0,12,3,all,False,True,total_hours,15.6576,15.386452409633694,15.928747590366306,100
64,naive,reroll,10,20.0,12,3,all,False,False,completed_requests,11.21,11.051685345918424,11.368314654081578,100
64,naive,reroll,10,20.0,12,3,all,False,False,unresolved_requests,0.79,0.6316853459184221,0.948314654081578,100
64,naive,reroll,10,20.0,12,3,all,False,False,relied_requests,11.21,11.051685345918424,11.368314654081578,100
64,naive,reroll,10,20.0,12,3,all,False,False,reservation_failures,0,0.0,0.0,100
64,naive,reroll,10,20.0,12,3,all,False,False,retry_attempts,6.77,6.286794255502739,7.25320574449726,100
64,naive,reroll,10,20.0,12,3,all,False,False,refuse_actors,6.53,5.997437692173797,7.062562307826203,100
64,naive,reroll,10,20.0,12,3,all,False,False,repaired_reliances,3.66,3.551317205138118,3.768682794861882,100
64,naive,reroll,10,20.0,12,3,all,False,False,pending_repairs,0,0.0,0.0,100
64,naive,reroll,10,20.0,12,3,all,False,False,unnoticed_affected_reliances,7.55,7.433877633332746,7.6661223666672536,100
64,naive,reroll,10,20.0,12,3,all,False,False,full_effort_completed_panels,4.12,3.9091590440951554,4.330840955904845,100
64,naive,reroll,10,20.0,12,3,all,False,False,true_independent_completed_panels,11.21,11.051685345918424,11.368314654081578,100
64,naive,reroll,10,20.0,12,3,all,False,False,total_hours,30.0659,29.74603622318205,30.38576377681795,100
65,naive,reroll,10,20.0,12,3,all,False,True,completed_requests,11.21,11.051685345918424,11.368314654081578,100
65,naive,reroll,10,20.0,12,3,all,False,True,unresolved_requests,0.79,0.6316853459184221,0.948314654081578,100
65,naive,reroll,10,20.0,12,3,all,False,True,relied_requests,11.21,11.051685345918424,11.368314654081578,100
65,naive,reroll,10,20.0,12,3,all,False,True,reservation_failures,0,0.0,0.0,100
65,naive,reroll,10,20.0,12,3,all,False,True,retry_attempts,6.77,6.286794255502739,7.25320574449726,100
65,naive,reroll,10,20.0,12,3,all,False,True,refuse_actors,6.53,5.997437692173797,7.062562307826203,100
65,naive,reroll,10,20.0,12,3,all,False,True,repaired_reliances,3.66,3.551317205138118,3.768682794861882,100
65,naive,reroll,10,20.0,12,3,all,False,True,pending_repairs,0,0.0,0.0,100
65,naive,reroll,10,20.0,12,3,all,False,True,unnoticed_affected_reliances,7.55,7.433877633332746,7.6661223666672536,100
65,naive,reroll,10,20.0,12,3,all,False,True,full_effort_completed_panels,4.12,3.9091590440951554,4.330840955904845,100
65,naive,reroll,10,20.0,12,3,all,False,True,true_independent_completed_panels,11.21,11.051685345918424,11.368314654081578,100
65,naive,reroll,10,20.0,12,3,all,False,True,total_hours,30.0659,29.74603622318205,30.38576377681795,100
66,naive,reroll,100,3.0,12,3,all,False,False,completed_requests,1.82,1.6429741741148964,1.9970258258851037,100
66,naive,reroll,100,3.0,12,3,all,False,False,unresolved_requests,10.18,10.002974174114897,10.357025825885103,100
66,naive,reroll,100,3.0,12,3,all,False,False,relied_requests,1.82,1.6429741741148964,1.9970258258851037,100
66,naive,reroll,100,3.0,12,3,all,False,False,reservation_failures,29.83,29.41114806068169,30.248851939318307,100
66,naive,reroll,100,3.0,12,3,all,False,False,retry_attempts,20.96,20.544062584350275,21.375937415649727,100
66,naive,reroll,100,3.0,12,3,all,False,False,refuse_actors,1.09,0.9180558277119042,1.261944172288096,100
66,naive,reroll,100,3.0,12,3,all,False,False,repaired_reliances,0,0.0,0.0,100
66,naive,reroll,100,3.0,12,3,all,False,False,pending_repairs,1.8,1.6260254285386755,1.9739745714613246,100
66,naive,reroll,100,3.0,12,3,all,False,False,unnoticed_affected_reliances,0.02,-0.007578237650712777,0.04757823765071278,100
66,naive,reroll,100,3.0,12,3,all,False,False,full_effort_completed_panels,1.19,1.0572854418709312,1.3227145581290687,100
66,naive,reroll,100,3.0,12,3,all,False,False,true_independent_completed_panels,1.82,1.6429741741148964,1.9970258258851037,100
66,naive,reroll,100,3.0,12,3,all,False,False,total_hours,6.416200000000001,6.264682799213084,6.567717200786918,100
67,naive,reroll,100,3.0,12,3,all,False,True,completed_requests,1.19,1.046064329745135,1.3339356702548648,100
67,naive,reroll,100,3.0,12,3,all,False,True,unresolved_requests,10.81,10.666064329745137,10.953935670254864,100
67,naive,reroll,100,3.0,12,3,all,False,True,relied_requests,1.19,1.046064329745135,1.3339356702548648,100
67,naive,reroll,100,3.0,12,3,all,False,True,reservation_failures,31.75,31.448184684204918,32.05181531579508,100
67,naive,reroll,100,3.0,12,3,all,False,True,retry_attempts,21.85,21.54435195522836,22.15564804477164,100
67,naive,reroll,100,3.0,12,3,all,False,True,refuse_actors,0.76,0.6096687885656704,0.9103312114343296,100
67,naive,reroll,100,3.0,12,3,all,False,True,repaired_reliances,1.18,1.0369160675786002,1.3230839324213997,100
67,naive,reroll,100,3.0,12,3,all,False,True,pending_repairs,0,0.0,0.0,100
67,naive,reroll,100,3.0,12,3,all,False,True,unnoticed_affected_reliances,0.01,-0.0096,0.0296,100
67,naive,reroll,100,3.0,12,3,all,False,True,full_effort_completed_panels,0.88,0.7427293111396245,1.0172706888603755,100
67,naive,reroll,100,3.0,12,3,all,False,True,true_independent_completed_panels,1.19,1.046064329745135,1.3339356702548648,100
67,naive,reroll,100,3.0,12,3,all,False,True,total_hours,6.112000000000001,5.847792364236082,6.37620763576392,100
68,naive,reroll,100,8.0,12,3,all,False,False,completed_requests,4.76,4.512202676496792,5.007797323503207,100
68,naive,reroll,100,8.0,12,3,all,False,False,unresolved_requests,7.24,6.992202676496793,7.487797323503208,100
68,naive,reroll,100,8.0,12,3,all,False,False,relied_requests,4.76,4.512202676496792,5.007797323503207,100
68,naive,reroll,100,8.0,12,3,all,False,False,reservation_failures,20.36,19.78940257571028,20.93059742428972,100
68,naive,reroll,100,8.0,12,3,all,False,False,retry_attempts,16.48,15.90875009130695,17.051249908693052,100
68,naive,reroll,100,8.0,12,3,all,False,False,refuse_actors,2.87,2.642558433300713,3.0974415666992874,100
68,naive,reroll,100,8.0,12,3,all,False,False,repaired_reliances,0,0.0,0.0,100
68,naive,reroll,100,8.0,12,3,all,False,False,pending_repairs,3.66,3.5478036065326934,3.772196393467307,100
68,naive,reroll,100,8.0,12,3,all,False,False,unnoticed_affected_reliances,1.1,0.920535926895232,1.2794640731047682,100
68,naive,reroll,100,8.0,12,3,all,False,False,full_effort_completed_panels,2.59,2.3968016395912053,2.7831983604087944,100
68,naive,reroll,100,8.0,12,3,all,False,False,true_independent_completed_panels,4.76,4.512202676496792,5.007797323503207,100
68,naive,reroll,100,8.0,12,3,all,False,False,total_hours,14.1411,13.957675862496703,14.324524137503296,100
69,naive,reroll,100,8.0,12,3,all,False,True,completed_requests,4.19,3.9476254205415167,4.432374579458484,100
69,naive,reroll,100,8.0,12,3,all,False,True,unresolved_requests,7.81,7.567625420541516,8.052374579458483,100
69,naive,reroll,100,8.0,12,3,all,False,True,relied_requests,4.19,3.9476254205415167,4.432374579458484,100
69,naive,reroll,100,8.0,12,3,all,False,True,reservation_failures,22.13,21.574471050495678,22.68552894950432,100
69,naive,reroll,100,8.0,12,3,all,False,True,retry_attempts,17.25,16.696065933982258,17.803934066017742,100
69,naive,reroll,100,8.0,12,3,all,False,True,refuse_actors,2.49,2.257763620942851,2.7222363790571493,100
69,naive,reroll,100,8.0,12,3,all,False,True,repaired_reliances,1.99,1.9704,2.0096,100
69,naive,reroll,100,8.0,12,3,all,False,True,pending_repairs,1.55,1.4273763250568405,1.6726236749431596,100
69,naive,reroll,100,8.0,12,3,all,False,True,unnoticed_affected_reliances,0.65,0.49901200796959466,0.8009879920304054,100
69,naive,reroll,100,8.0,12,3,all,False,True,full_effort_completed_panels,2.33,2.127083841765306,2.532916158234694,100
69,naive,reroll,100,8.0,12,3,all,False,True,true_independent_completed_panels,4.19,3.9476254205415167,4.432374579458484,100
69,naive,reroll,100,8.0,12,3,all,False,True,total_hours,14.827,14.621786856939307,15.032213143060693,100
70,naive,reroll,100,20.0,12,3,all,False,False,completed_requests,11.38,11.233168379262215,11.526831620737786,100
70,naive,reroll,100,20.0,12,3,all,False,False,unresolved_requests,0.62,0.47316837926221467,0.7668316207377853,100
70,naive,reroll,100,20.0,12,3,all,False,False,relied_requests,11.38,11.233168379262215,11.526831620737786,100
70,naive,reroll,100,20.0,12,3,all,False,False,reservation_failures,0,0.0,0.0,100
70,naive,reroll,100,20.0,12,3,all,False,False,retry_attempts,6.49,6.056184698799644,6.9238153012003565,100
70,naive,reroll,100,20.0,12,3,all,False,False,refuse_actors,6.24,5.7829892046453315,6.697010795354669,100
70,naive,reroll,100,20.0,12,3,all,False,False,repaired_reliances,3.7,3.59764233829805,3.8023576617019503,100
70,naive,reroll,100,20.0,12,3,all,False,False,pending_repairs,0,0.0,0.0,100
70,naive,reroll,100,20.0,12,3,all,False,False,unnoticed_affected_reliances,7.68,7.576211746251507,7.783788253748493,100
70,naive,reroll,100,20.0,12,3,all,False,False,full_effort_completed_panels,4.47,4.262545038111591,4.677454961888409,100
70,naive,reroll,100,20.0,12,3,all,False,False,true_independent_completed_panels,11.38,11.233168379262215,11.526831620737786,100
70,naive,reroll,100,20.0,12,3,all,False,False,total_hours,30.2063,29.836068602168368,30.57653139783163,100
71,naive,reroll,100,20.0,12,3,all,False,True,completed_requests,11.38,11.233168379262215,11.526831620737786,100
71,naive,reroll,100,20.0,12,3,all,False,True,unresolved_requests,0.62,0.47316837926221467,0.7668316207377853,100
71,naive,reroll,100,20.0,12,3,all,False,True,relied_requests,11.38,11.233168379262215,11.526831620737786,100
71,naive,reroll,100,20.0,12,3,all,False,True,reservation_failures,0,0.0,0.0,100
71,naive,reroll,100,20.0,12,3,all,False,True,retry_attempts,6.49,6.056184698799644,6.9238153012003565,100
71,naive,reroll,100,20.0,12,3,all,False,True,refuse_actors,6.24,5.7829892046453315,6.697010795354669,100
71,naive,reroll,100,20.0,12,3,all,False,True,repaired_reliances,3.7,3.59764233829805,3.8023576617019503,100
71,naive,reroll,100,20.0,12,3,all,False,True,pending_repairs,0,0.0,0.0,100
71,naive,reroll,100,20.0,12,3,all,False,True,unnoticed_affected_reliances,7.68,7.576211746251507,7.783788253748493,100
71,naive,reroll,100,20.0,12,3,all,False,True,full_effort_completed_panels,4.47,4.262545038111591,4.677454961888409,100
71,naive,reroll,100,20.0,12,3,all,False,True,true_independent_completed_panels,11.38,11.233168379262215,11.526831620737786,100
71,naive,reroll,100,20.0,12,3,all,False,True,total_hours,30.2063,29.836068602168368,30.57653139783163,100
72,group_first,reroll,100,20,12,3,all,True,False,completed_requests,11.27,11.115255134710926,11.424744865289073,100
72,group_first,reroll,100,20,12,3,all,True,False,unresolved_requests,0.73,0.575255134710927,0.8847448652890729,100
72,group_first,reroll,100,20,12,3,all,True,False,relied_requests,11.27,11.115255134710926,11.424744865289073,100
72,group_first,reroll,100,20,12,3,all,True,False,reservation_failures,0,0.0,0.0,100
72,group_first,reroll,100,20,12,3,all,True,False,retry_attempts,6.1,5.608320051540463,6.591679948459536,100
72,group_first,reroll,100,20,12,3,all,True,False,refuse_actors,6.01,5.461613792362287,6.558386207637713,100
72,group_first,reroll,100,20,12,3,all,True,False,repaired_reliances,3.81,3.714730566021913,3.905269433978087,100
72,group_first,reroll,100,20,12,3,all,True,False,pending_repairs,0,0.0,0.0,100
72,group_first,reroll,100,20,12,3,all,True,False,unnoticed_affected_reliances,7.46,7.331067262074014,7.588932737925986,100
72,group_first,reroll,100,20,12,3,all,True,False,full_effort_completed_panels,5.03,4.788009964308988,5.2719900356910125,100
72,group_first,reroll,100,20,12,3,all,True,False,true_independent_completed_panels,8.74,8.422831914683343,9.057168085316658,100
72,group_first,reroll,100,20,12,3,all,True,False,total_hours,29.873,29.528951066505964,30.217048933494038,100
73,group_first,reroll,100,20,12,3,A_only,False,False,completed_requests,10.55,10.344575089291991,10.75542491070801,100
73,group_first,reroll,100,20,12,3,A_only,False,False,unresolved_requests,1.45,1.2445750892919898,1.6554249107080101,100
73,group_first,reroll,100,20,12,3,A_only,False,False,relied_requests,8.59,8.279665103672198,8.900334896327802,100
73,group_first,reroll,100,20,12,3,A_only,False,False,reservation_failures,0,0.0,0.0,100
73,group_first,reroll,100,20,12,3,A_only,False,False,retry_attempts,8.77,8.21085061572117,9.329149384278828,100
73,group_first,reroll,100,20,12,3,A_only,False,False,refuse_actors,9.37,8.712135771583297,10.027864228416702,100
73,group_first,reroll,100,20,12,3,A_only,False,False,repaired_reliances,2.86,2.683765060389848,3.036234939610152,100
73,group_first,reroll,100,20,12,3,A_only,False,False,pending_repairs,0,0.0,0.0,100
73,group_first,reroll,100,20,12,3,A_only,False,False,unnoticed_affected_reliances,5.73,5.498835461109616,5.961164538890385,100
73,group_first,reroll,100,20,12,3,A_only,False,False,full_effort_completed_panels,2.63,2.4148323895051567,2.845167610494843,100
73,group_first,reroll,100,20,12,3,A_only,False,False,true_independent_completed_panels,10.55,10.344575089291991,10.75542491070801,100
73,group_first,reroll,100,20,12,3,A_only,False,False,total_hours,28.9059,28.445056793794134,29.366743206205864,100
